batch_id,production_date,plant,production_line,vehicle_model,shift,units_produced,defective_units,defect_category,rework_units,scrap_units,downtime_minutes,cycle_time_seconds,quality_score,supplier_id,component_category,inspection_status,temperature_c,operator_team,notes
BATCH-01163,2025-06-22,Plant 01,Line 3,Aquila GT,Morning,67,1,Assembly,1,0,33.73,103.71,96.43,SUP-11,Suspension,Passed,19.2,Team Delta,Supplier component verification required.
BATCH-00249,2025-05-26,Plant 01, Line 3 ,Aquila GT,Afternoon,50,4,Assembly,0,0,14.11,90.81,90.43,SUP-07,Electronics,Failed,20.3,Team Gamma,Supplier component verification required.
BATCH-00895,2025-11-11,Plant 01,Line 3,Veloce S,Night,118,7,Assembly,7,0,4.66,56.21,90.25,SUP-10 ,Powertrain,Failed,24.6,Team Gamma,
BATCH-00181,2025-06-28,Plant 01,Line 4,Strada X,Morning,94,3,Interior,1,0,46.41,70.28,93.0,SUP-07,Powertrain,Review,22.7,Team Gamma,Supplier component verification required.
BATCH-01753,2025-08-15,Plant 01,Line 1,Strada X,Morning,79,3,Interior,2,1,9.05,76.86,95.89,SUP-09,Suspension,Review,19.5,Team Alpha,Supplier component verification required.
BATCH-00354,2025-06-11,Plant 01,Line 1,Veloce S,Afternoon,72,2,Electronics,1,1,14.99,83.02,94.08,SUP-01,Suspension,Review,25.1,Team Delta,Minor process adjustment performed.
BATCH-01471,2025-03-15,Plant 01,Line 4,Aquila GT,Morning,93,3,Mechanical,0,3,35.32,93.59,94.22,SUP-09,Interior,Review,23.1,Team Beta,
BATCH-00247,2025-04-13,Plant 02,Line 2,Eterna,Morning,114,3,Dimensional,1,1,44.09,71.71,94.94,SUP-02,Suspension,Review,21.7,Team Delta,Minor process adjustment performed.
BATCH-00509,2025-04-16,Plant 01,Line 1,Aquila GT,Night,101,2,Paint,2,0,39.85,77.28,95.98,SUP-09,Electronics,Passed,22.8,Team Beta,Supplier component verification required.
BATCH-01630,2025-01-01,Plant 02,Line 2,Eterna,Morning,81,1,Electronics,0,0,64.75,77.89,95.79,SUP-11,Suspension,Passed,20.7,Team Gamma,
BATCH-00817,2025-12-20,Plant 01,Line 2,Eterna,Morning,63,1,Mechanical,0,0,20.88,87.12,94.97,SUP-02,Body,Passed,25.3,Team Gamma,
BATCH-00262,2025-12-28,Plant 02,Line 2,Eterna,Afternoon,92,2,Dimensional,1,0,12.68,83.02,96.04,SUP-03,Suspension,Passed,25.4,Team Alpha,
BATCH-01029,2025-10-26,Plant 02,Line 3,Eterna,Afternoon,100,3,Electronics,2,0,27.25,79.49,94.77,SUP-05,Braking,Review,22.5,Team Delta,
BATCH-01187,2025-10-28,Plant 02,Line 2,Veloce S,Afternoon,87,1,Mechanical,1,0,0.31,87.65,98.48,SUP-02,Suspension,Passed,26.1,Team Gamma,Production line calibration completed.
BATCH-01157,2025-10-16,Plant 02,Line 2,Eterna,Night,68,1,Dimensional,1,0,17.04,92.18,94.72,SUP-12,Electronics,Passed,24.3,Team Alpha,Routine quality inspection completed.
BATCH-00988,2025-02-11,Plant 02,Line 4,Strada X,Night,97,2,Paint,1,0,56.3,69.94,94.31,SUP-10,Braking,Passed,22.2,Team Delta,
BATCH-00598,2025-07-09,Plant 01,Line 2,Veloce S,Afternoon,77,0,None,0,0,42.82,76.79,98.83,SUP-06,Electronics,Passed,22.3,Team Gamma,Production line calibration completed.
BATCH-00976,2025-01-03,Plant 02,Line 4,Eterna,Night,80,0,None,0,0,36.97,71.98,97.3,SUP-02,Body,Passed,20.3,Team Delta,
BATCH-01890,2025-12-13,Plant 02,Line 3,Eterna,Morning,83,1,Assembly,1,0,41.2,82.89,96.76,SUP-03,Interior,Passed,19.9,Team Beta,Production line calibration completed.
BATCH-01000,2025-06-26,Plant 02,Line 1,Aquila GT,Night,55,2,Mechanical,2,0,34.98,87.75,93.34,SUP-11,Interior,Review,25.5,Team Alpha,Supplier component verification required.
BATCH-01060,2025-02-02,Plant 01,Line 4,Veloce S,Afternoon,47,0,None,0,0,29.06,87.08,98.05,SUP-01,Body,Passed,19.0,Team Alpha,
BATCH-00038,2025-03-23,Plant 02,Line 2,Strada X,Afternoon,102,2,Interior,0,2,23.04,87.78,96.25,SUP-06,Electronics,Passed,23.3,Team Delta,
BATCH-00130,2025-03-25,Plant 02,Line 3,Veloce S,Afternoon,55,4,Assembly,1,1,23.34,68.67,90.1,SUP-05,Electronics,Failed,24.3,Team Gamma,Supplier component verification required.
BATCH-01121,2025-02-12,Plant 01,Line 1,Strada X,Morning,53,0,None,0,0,0.0,101.48,98.81,SUP-12,Braking,Passed,26.4,Team Gamma,Minor process adjustment performed.
BATCH-01202,2025-01-26,Plant 02,Line 4,Eterna,Afternoon,111,3,Paint,3,0,31.63,66.72,93.08,SUP-03,Electronics,Review,20.0,Team Beta,Routine quality inspection completed.
BATCH-01155,2025-02-15,Plant 01,Line 2,Veloce S,Night,92,2,Paint,0,1,47.76,105.2,96.44,SUP-04,Powertrain,Passed,17.9,Team Beta,Minor process adjustment performed.
BATCH-01821,2025-07-11,Plant 02,Line 3,Eterna,Night,67,1,Electronics,1,0,61.18,86.58,94.55,SUP-11 ,Powertrain,Passed,23.1,Team Delta,
BATCH-01050,2025-12-28,Plant 01,Line 3,Veloce S,Afternoon,102,1,Interior,1,0,42.32,110.67,96.9,SUP-11,Powertrain,Passed,22.3,Team Alpha,
BATCH-01489,2025-07-16,Plant 01,Line 2,Aquila GT,Afternoon,66,2,Interior,2,0,13.99,77.97,96.54,SUP-07,Electronics,Review,23.7,Team Alpha,
BATCH-01095,2025-07-15,Plant 01,Line 1,Strada X,Afternoon,88,0,None,0,0,42.71,71.3,97.22,SUP-01,Powertrain,Passed,22.8,Team Beta,Production line calibration completed.
BATCH-01222,2025-11-01,Plant 01,Line 4,Aquila GT,Afternoon,62,1,Assembly,1,0,46.73,81.17,97.15,SUP-08,Suspension,Passed,22.8,Team Delta,
BATCH-00985,2025-07-11,Plant 02,Line 4,Veloce S,Afternoon,114,2,Assembly,0,1,19.53,96.18,95.96,SUP-11,Interior,Passed,20.3,Team Delta,
BATCH-01784,2025-07-02,Plant 01,Line 2,Strada X,Night,84,0,None,0,0,54.59,75.77,99.31,SUP-11,Braking,Passed,21.6,Team Gamma,Minor process adjustment performed.
BATCH-00293,2025-08-09,Plant 02,Line 4,Strada X,Night,103,3,Interior,1,1,27.46,92.8,92.93,SUP-03,Electronics,Review,24.4,Team Gamma,
BATCH-01276,2025-05-01,Plant 02,Line 1,Veloce S,Morning,93,2,Paint,2,0,17.19,88.02,92.58,SUP-07,Body,Review,25.6,Team Beta,
BATCH-00197,2025-04-02,Plant 01,Line 1,Veloce S,Morning,113,4,Interior,2,0,16.21,92.21,93.78,SUP-11,Electronics,Review,26.9,Team Gamma,Supplier component verification required.
BATCH-00812,2025-01-27,Plant 01,Line 4,Aquila GT,Morning,68,0,None,0,0,27.81,90.58,98.27,SUP-10,Braking,Passed,25.3,Team Delta,
BATCH-01944,2025-05-18,Plant 02,Line 2,Aquila GT,Morning,84,2,Dimensional,2,0,52.7,72.88,95.4,SUP-06,Suspension,Passed,24.0,Team Delta,Production line calibration completed.
BATCH-00866,2025-08-22,Plant 01,Line 4,Veloce S,Morning,53,0,None,0,0,0.0,68.84,97.03,SUP-07,Powertrain,Passed,19.0,Team Gamma,Production line calibration completed.
BATCH-00986,2025-06-04,Plant 01,Line 1,Strada X,Morning,48,0,None,0,0,37.91,96.18,99.8,SUP-03,Interior,Passed,22.1,Team Beta,
BATCH-00897,2025-12-15,Plant 02,Line 2,Strada X,Morning,116,2,Paint,1,1,53.51,100.77,95.76,SUP-09,Suspension,Passed,23.2,Team Gamma,Production line calibration completed.
BATCH-00725,2025-05-24,Plant 02,Line 2,Strada X,Night,65,2,Interior,0,2,47.17,101.51,91.16,SUP-11,Suspension,Review,24.3,Team Delta,Production line calibration completed.
BATCH-01457,2025-12-09,Plant 01,Line 1,Aquila GT,Night,96,7,Interior,2,5,831.95,83.13,88.66,SUP-07,Interior,Failed,20.9,Team Beta,Routine quality inspection completed.
BATCH-01223,2025-06-02,Plant 02,Line 1,Strada X,Morning,96,1,Dimensional,0,0,3.55,87.61,94.89,SUP-07,Body,Passed,21.4,Team Beta,Supplier component verification required.
BATCH-00496,2025-05-18,Plant 01,Line 4,Veloce S,Morning,116,1,Dimensional,1,0,42.48,62.39,95.89,SUP-04,Powertrain,Passed,24.5,Team Alpha,
BATCH-01326,2025-04-28,Plant 01,Line 1,Veloce S,Morning,86,8,Paint,8,0,18.35,79.71,87.43,SUP-07,Electronics,Failed,29.2,Team Gamma,Supplier component verification required.
BATCH-00984,2025-09-05,Plant 02,Line 3,Veloce S,Morning,99,6,Mechanical,5,1,25.09,85.14,91.44,SUP-08,Interior,Failed,24.5,Team Alpha,Routine quality inspection completed.
BATCH-01970,2025-12-13,Plant 02,Line 3,Veloce S,Afternoon,108,0,None,0,0,9.21,92.95,97.33,SUP-05,Body,Passed,23.5,Team Gamma,Supplier component verification required.
BATCH-01857,2025-07-01,Plant 02,Line 4,Veloce S,Night,69,2,Electronics,2,0,36.58,86.7,93.56,SUP-08,Interior,Review,24.2,Team Delta,
BATCH-00974,2025-03-19,Plant 01,Line 4,Veloce S,Night,79,4,Dimensional,4,0,34.18,87.27,93.13,SUP-06,Interior,Failed,29.0,Team Alpha,
BATCH-00374,2025-06-16,Plant 02,Line 3,Eterna,Night,112,116,Electronics,4,0,29.44,96.96,93.61,SUP-03,Body,Review,23.3,Team Delta,Supplier component verification required.
BATCH-01211,12-14-2025,Plant 02,Line 1,Aquila GT,Night,97,3,Dimensional,3,0,31.18,81.63,94.3,SUP-06,Body,Review,26.7,Team Beta,Minor process adjustment performed.
BATCH-00542,2025-05-08,Plant 01,Line 3,Veloce S,Afternoon,118,3,Paint,0,2,47.84,76.36,112.51,SUP-04,Electronics,Review,25.4,Team Gamma,Routine quality inspection completed.
BATCH-01544,2025-05-19,Plant 01,Line 4,Strada X,Afternoon,67,2,Electronics,0,2,32.35,84.66,96.18,SUP-01,Body,Review,26.4,Team Beta,
BATCH-01522,2025-08-06,Plant 01,Line 1,Strada X,Night,83,1,Dimensional,0,1,25.64,73.72,96.1,SUP-03,Suspension,Passed,25.5,Team Gamma,Routine quality inspection completed.
BATCH-00008,2025-08-08,Plant 02,Line 4,Strada X,Afternoon,80,2,Interior,1,0,30.67,73.31,96.08,SUP-04,Body,Passed,21.5,Team Alpha,
BATCH-00013,2025-02-09,Plant 02,Line 2,Eterna,Afternoon,98,0,None,0,0,5.67,90.93,97.63,SUP-08,Interior,Passed,23.5,Team Delta,Supplier component verification required.
BATCH-01573,2025-10-15,Plant 02,Line 3,Eterna,Morning,66,6,Assembly,3,0,17.29,81.89,90.23,SUP-12,Electronics,Failed,22.0,Team Beta,
BATCH-01803,2025-08-19,Plant 01,Line 4,Aquila GT,Afternoon,87,0,None,0,0,27.43,88.51,99.89,SUP-12,Suspension,Passed,16.3,Team Beta,
BATCH-00733,2025-01-21,Plant 02,Line 4,Aquila GT,Afternoon,46,1,Paint,0,0,40.59,94.17,95.72,SUP-06,Braking,Passed,23.5,Team Beta,
BATCH-01472,2025-12-27,Plant 01,Line 3,Aquila GT,Morning,75,3,Assembly,1,1,37.79,81.47,94.64,SUP-01,Interior,Review,20.7,Team Alpha,Supplier component verification required.
BATCH-00283,2025-10-05,Plant 02,Line 4,Strada X,Afternoon,90,3,Mechanical,2,0,22.56,82.86,94.09,SUP-07,Braking,Review,25.2,Team Beta,
BATCH-01884,2025-03-20,Plant 02,Line 1,Strada X,Night,99,2,Electronics,2,0,34.92,82.49,96.16,SUP-11,Suspension,Passed,25.4,Team Gamma,
BATCH-00016,2025-06-01,Plant 02,Line 3,Veloce S,Afternoon,75,2,Dimensional,0,1,9.54,71.96,95.35,SUP-02,Body,Review,23.3,Team Delta,Supplier component verification required.
BATCH-01698,2025-03-09,Plant 02,Line 4,Strada X,Morning,113,2,Paint,2,0,26.28,81.65,97.54,SUP-04,Braking,Passed,25.3,Team Gamma,Minor process adjustment performed.
BATCH-00918,2025-10-19,Plant 01,Line 4,Aquila GT,Night,50,1,Interior,0,0,30.61,82.99,96.84,SUP-08,Interior,Passed,18.4,Team Alpha,Supplier component verification required.
BATCH-01552,2025-08-05,Plant 01,Line 3,Eterna,Morning,114,4,Paint,4,0,30.65,84.62,93.84,SUP-01,Electronics,Review,23.5,Team Alpha,Minor process adjustment performed.
BATCH-01192,2025-11-05,Plant 01,Line 2,Eterna,Afternoon,82,0,None,0,0,15.62,77.72,96.79,SUP-10,Body,Passed,20.6,Team Gamma,
BATCH-01448,2025-08-29,Plant 01,Line 3,Aquila GT,Morning,104,1,Mechanical,0,1,7.99,60.15,97.08,SUP-01,Interior,Passed,22.9,Team Gamma,
BATCH-00977,2025-11-05,Plant 01,Line 1,Strada X,Afternoon,110,1,Electronics,0,1,29.14,70.17,96.63,SUP-10,Braking,Passed,23.6,Team Delta,
BATCH-01299,2025-05-23,Plant 02,Line 2,Strada X,Morning,82,4,Dimensional,1,1,22.3,70.28,95.53,SUP-11,Braking,Failed,27.8,Team Gamma,Production line calibration completed.
BATCH-00033,2025-11-24,Plant 02,Line 3,Strada X,Morning,84,4,Electronics,2,2,19.08,72.14,93.15,SUP-06,Electronics,Failed,23.0,Team Gamma,Routine quality inspection completed.
BATCH-01446,2025-04-01,Plant 02,Line 1,Eterna,Afternoon,47,0,None,0,0,28.9,82.58,99.04,SUP-04,Powertrain,Passed,24.0,Team Alpha,
BATCH-01336,2025-05-22,Plant 02,Line 2,Veloce S,Morning,107,1,Electronics,1,0,8.95,86.66,98.14,SUP-04,Body,Passed,20.5,Team Alpha,
BATCH-01410,2025-11-17,Plant 02,Line 4,Strada X,Afternoon,110,0,None,0,0,12.34,91.34,100,SUP-08,Suspension,Passed,23.4,Team Delta,
BATCH-01028,2025-05-14,Plant 01,Line 2,Strada X,Afternoon,65,0,None,0,0,36.53,71.98,98.01,SUP-12,Body,Passed,22.2,Team Beta,Routine quality inspection completed.
BATCH-01959,2025-06-13,Plant 02,Line 4,Strada X,Afternoon,105,3,Assembly,3,0,25.06,87.58,93.59,SUP-12,Electronics,Review,23.4,Team Beta,Routine quality inspection completed.
BATCH-01171,2025-03-31,Plant 02,Line 1,Strada X,Afternoon,64,0,None,0,0,35.14,82.98,96.96,SUP-12,Suspension,Passed,21.7,Team Beta,
BATCH-00362,2025-04-26,Plant 01,Line 2,Eterna,Morning,86,2,Mechanical,0,1,38.58,78.46,96.89,SUP-01,Suspension,Passed,23.1,Team Beta,
BATCH-00256,2025-06-21,Plant 01,Line 4,Aquila GT,Afternoon,80,0,None,0,0,26.37,89.26,97.62,SUP-08,Braking,Passed,25.1,Team Alpha,
BATCH-00683,2025-12-01,Plant 02,Line 2,Aquila GT,Afternoon,55,0,None,0,0,33.66,87.72,99.36,SUP-11,Suspension,Passed,23.5,Team Beta,
BATCH-01700,2025-03-18,Plant 01,Line 4,Veloce S,Night,96,0,None,0,0,9.7,83.29,96.44,SUP-10,Powertrain,Passed,20.7,Team Alpha,Routine quality inspection completed.
BATCH-00534,2025-12-28,Plant 02,Line 4,Veloce S,Afternoon,93,1,Electronics,0,1,43.24,89.64,96.84,SUP-12,Suspension,Passed,21.5,Team Alpha,
BATCH-01513,2025-08-10,Plant 02,Line 2,Eterna,Night,108,3,Mechanical,3,0,21.58,88.04,94.46,SUP-04,Suspension,Review,21.8,Team Gamma,
BATCH-00361,2025-05-22,Plant 02,Line 4,Veloce S,Afternoon,119,1,Electronics,1,0,16.49,66.7,95.71,SUP-09,Suspension,Passed,24.7,Team Gamma,Production line calibration completed.
BATCH-01504,2025-04-15,Plant 02,Line 4,Eterna,Morning,94,1,Electronics,0,0,38.77,73.41,96.65,SUP-10,Body,Passed,21.6,Team Beta,
BATCH-01888,2025-03-06,Plant 01,Line 3,Veloce S,Afternoon,112,2,Assembly,0,1,42.43,72.26,95.51,SUP-02,Powertrain,Passed,19.7,Team Beta,
BATCH-00910,2025-12-17,Plant 02,Line 1,Strada X,Afternoon,68,4,Mechanical,3,1,22.83,73.93,91.2,SUP-12,Braking,Failed,18.8,Team Gamma,Routine quality inspection completed.
BATCH-00776,2025-01-07,Plant 01,Line 4,Aquila GT,Morning,94,0,None,0,0,27.47,79.77,98.47,SUP-06,Electronics,Passed,21.0,Team Delta,
BATCH-01591,2025-12-18,Plant 02,Line 4,Eterna,Morning,120,2,Mechanical,1,0,50.12,61.27,95.51,SUP-03,Body,Passed,25.0,Team Beta,Production line calibration completed.
BATCH-01750,2025-06-30,Plant 02,Line 3,Veloce S,Afternoon,68,2,Dimensional,2,0,46.4,74.21,94.41,SUP-07,Braking,Review,25.9,Team Beta,Routine quality inspection completed.
BATCH-01885,2025-06-06,Plant 01,Line 2,Veloce S,Night,79,0,None,0,0,43.6,85.8,96.35,SUP-09,Electronics,Passed,20.3,Team Delta,Production line calibration completed.
BATCH-01627,2025-08-18,Plant 01,Line 1,Eterna,Morning,116,5,Electronics,4,0,0.0,83.8,92.79,SUP-07,Electronics,Failed,23.2,Team Alpha,
BATCH-01925,2025-04-29,Plant 01,Line 3,Strada X,Afternoon,91,3,Paint,0,0,40.44,92.17,95.4,SUP-08,Electronics,Review,20.0,Team Beta,Supplier component verification required.
BATCH-01144,2025-03-13,Plant 01,Line 1,Aquila GT,Night,105,4,Dimensional,4,0,41.4,82.42,94.68,SUP-06,Body,Review,20.4,Team Gamma,Routine quality inspection completed.
BATCH-00926,2025-01-12,Plant 01,Line 3,Aquila GT,Night,97,100,Electronics,7,0,37.59,81.38,88.47,SUP-07,Suspension,Failed,18.3,Team Alpha,
BATCH-00454,2025-06-21,Plant 02,Line 4,Aquila GT,Night,107,2,Dimensional,2,0,18.18,92.68,96.8,SUP-03,Suspension,Passed,21.9,Team Gamma,Minor process adjustment performed.
BATCH-00229,2025-07-29,Plant 02,Line 4,Eterna,Morning,96,3,Interior,1,2,28.52,77.97,93.99,SUP-11,Electronics,Review,21.0,Team Gamma,
BATCH-00399,2025-06-21,Plant 02,Line 4,Strada X,Night,114,3,Electronics,2,1,23.15,90.5,94.74,SUP-01,Interior,Review,20.9,Team Delta,Production line calibration completed.
BATCH-00348,2025-08-29,Plant 02,Line 1,Eterna,Morning,77,1,Interior,1,0,18.42,91.19,97.43,SUP-03,Interior,Passed,22.5,Team Gamma,
BATCH-00170,2025-05-12,Plant 02,Line 3,Strada X,Afternoon,85,5,Interior,4,1,13.99,87.94,92.28,SUP-08,Body,Failed,20.9,Team Delta,
BATCH-01164,2025-12-25,Plant 01,Line 1,Aquila GT,Afternoon,119,0,None,0,0,46.83,82.44,99.88,,Powertrain,Passed,25.1,Team Alpha,Routine quality inspection completed.
BATCH-00635,2025-09-24,Plant 01,Line 1,Aquila GT,Morning,52,0,None,0,0,29.42,85.68,100,SUP-10,Powertrain,Passed,22.5,Team Delta,Production line calibration completed.
BATCH-00322,2025-12-06,Plant 01,Line 1,Veloce S,Afternoon,79,1,Assembly,0,1,20.32,66.55,95.65,SUP-03,Body,Passed,20.1,Team Gamma,
BATCH-00462,2025-01-22,Plant 02,Line 1,Strada X,Morning,107,1,Dimensional,0,0,22.39,95.4,97.52,SUP-06,Powertrain,Passed,26.1,Team Alpha,
BATCH-01886,2025-02-14,Plant 01,Line 1,Aquila GT,Night,68,2,Electronics,1,1,,70.86,93.72,SUP-01,Powertrain,Review,19.7,Team Gamma,Supplier component verification required.
BATCH-01442,2025-06-29,Plant 01,Line 3,Eterna,Night,118,1,Dimensional,0,0,43.48,88.21,94.31,SUP-08,Body,Passed,22.1,Team Alpha,Minor process adjustment performed.
BATCH-00072,2025-11-16,Plant 02,Line 2,Strada X,Night,106,2,Interior,0,1,46.9,76.34,94.14,SUP-12,Body,Passed,24.3,Team Gamma,Supplier component verification required.
BATCH-01409,2025-11-02,Plant 02,Line 2,Veloce S,Night,75,0,None,0,0,,94.02,95.8,SUP-02,Interior,Passed,24.7,Team Beta,Supplier component verification required.
BATCH-01086,2025-07-02,Plant 02,Line 2,Veloce S,Night,101,0,None,0,0,47.92,58.2,98.4,SUP-04,Powertrain,Passed,21.3,Team Delta,Production line calibration completed.
BATCH-01539,2025-09-21,Plant 02,Line 1,Veloce S,Afternoon,62,0,None,0,0,630.64,76.96,97.4,SUP-01,Interior,Passed,22.9,Team Delta,Supplier component verification required.
BATCH-01292,2025-12-08,Plant 01,Line 2,Strada X,Morning,47,0,None,0,0,8.42,76.84,,SUP-11,Interior,Passed,22.4,Team Gamma,
BATCH-00461,2025-03-15,Plant 02,Line 3,Aquila GT,Afternoon,100,0,None,0,0,38.19,81.69,98.42,SUP-07,Body,Passed,21.5,Team Delta,Routine quality inspection completed.
BATCH-00617,2025-05-10,Plant 01,Line 4,Veloce S,Afternoon,61,4,Mechanical,1,3,46.02,67.82,90.32,SUP-07,Braking,Failed,22.4,Team Delta,
BATCH-01317,2025-12-21,Plant 01,Line 3,Veloce S,Afternoon,108,4,Interior,1,1,52.54,81.11,93.93,SUP-07,Interior,Review,23.2,Team Beta,
BATCH-00061,2025-01-03,Plant 02,Line 4,Strada X,Night,69,0,None,0,0,11.49,89.56,97.69,SUP-12,Body,Passed,23.0,Team Gamma,Production line calibration completed.
BATCH-01396,2025-06-06,Plant 01,Line 2,Veloce S,Morning,90,2,Interior,1,1,27.66,79.08,94.5,SUP-10,Body,Passed,22.9,Team Gamma,Production line calibration completed.
BATCH-00118,2025-10-22,Plant 02,Line 3,Strada X,Morning,93,2,Dimensional,1,1,8.17,87.59,95.94,SUP-06,Interior,Passed,21.8,Team Delta,Supplier component verification required.
BATCH-00015,2025-04-21,Plant 01,Line 2,Strada X,Afternoon,95,0,None,0,0,4.94,84.4,99.07,SUP-11,Suspension,Passed,22.3,Team Delta,
BATCH-00793,2025-09-14,Plant 01,Line 3,Veloce S,Afternoon,92,1,Paint,0,0,39.36,74.21,97.5,SUP-09,Electronics,Passed,22.5,Team Delta,
BATCH-00757,2025-10-24,Plant 01,Line 1,Veloce S,Night,50,2,Dimensional,1,1,5.28,84.39,95.11,SUP-03,Electronics,Review,25.3,Team Alpha,Supplier component verification required.
BATCH-00570,2025-01-15,Plant 02,Line 1,Veloce S,Afternoon,83,1,Electronics,0,0,37.44,92.85,96.27,SUP-12,Interior,Passed,20.9,Team Delta,
BATCH-00507,2025-12-09,Plant 02,Line 4,Veloce S,Afternoon,64,0,None,0,0,25.96,93.14,99.57,SUP-06,Interior,Passed,24.8,Team Alpha,Supplier component verification required.
BATCH-00741,2025-07-08,Plant 02,Line 4,Eterna,Morning,105,0,None,0,0,16.7,74.19,100,SUP-05,Suspension,Passed,23.6,Team Alpha,
BATCH-00204,2025-06-29,Plant 01,Line 3,Aquila GT,Afternoon,71,1,Assembly,1,0,34.54,78.33,96.79,SUP-02,Electronics,Passed,23.6,Team Alpha,
BATCH-01596,2025-09-21,Plant 02,Line 3,Veloce S,Night,94,6,Assembly,4,1,42.75,83.15,91.57,SUP-05,Suspension,Failed,25.6,Team Delta,
BATCH-00237,2025-07-13,Plant 01,Line 1,Strada X,Afternoon,59,1,Dimensional,0,0,44.79,83.17,96.82,SUP-11,Braking,Passed,23.1,Team Gamma,
BATCH-00011,2025-03-21,Plant 02,Line 2,Veloce S,Afternoon,103,2,Dimensional,2,0,52.94,77.65,93.8,SUP-11,Electronics,Review,21.8,Team Alpha,Production line calibration completed.
BATCH-00476,2025-06-05,Plant 02,Line 4,Aquila GT,Night,45,1,Dimensional,1,0,61.24,66.9,93.29,SUP-04,Powertrain,Review,19.2,Team Gamma,Production line calibration completed.
BATCH-00468,2025-09-08,Plant 02,Line 3,Strada X,Night,65,1,Assembly,0,0,30.28,98.2,97.86,SUP-06,Braking,Passed,19.9,Team Delta,
BATCH-00587,2025-02-26,Plant 01,Line 1,Strada X,Night,69,1,Interior,0,0,23.17,92.08,95.82,SUP-06,Body,Passed,24.0,Team Delta,
BATCH-01957,2025-01-05,Plant 01,Line 2,Eterna,Night,46,1,Mechanical,1,0,21.56,72.01,95.79,SUP-01,Suspension,Passed,18.0,Team Alpha,
BATCH-00615,2025-06-13,Plant 02,Line 4,Veloce S,Morning,51,0,None,0,0,33.83,63.66,97.01,SUP-07,Powertrain,Passed,22.9,Team Gamma,
BATCH-00307,2025-03-03,Plant 01,Line 2,Veloce S,Afternoon,66,1,Assembly,0,1,8.59,91.94,98.94,SUP-10,Interior,Passed,28.4,Team Beta,
BATCH-00949,2025-06-15,Plant 02,Line 1,Aquila GT,Afternoon,74,0,None,0,0,30.71,99.52,96.92,SUP-07,Braking,Passed,21.6,Team Gamma,
BATCH-00604,2025-08-11,Plant 02,Line 3,Strada X,Morning,100,2,Dimensional,2,0,31.52,83.24,96.9,SUP-12,Body,Passed,22.2,Team Delta,
BATCH-00905,2025-06-04,Plant 01,Line 1,Strada X,Afternoon,49,0,None,0,0,41.99,72.36,98.36,SUP-04,Braking,Passed,23.5,Team Gamma,
BATCH-01065,2025-11-05,Plant 01,Line 1,Strada X,Morning,104,1,Paint,1,0,31.8,80.76,96.5,SUP-03,Body,Passed,27.0,Team Gamma,Supplier component verification required.
BATCH-01840,2025-08-05,Plant 02,Line 3,Aquila GT,Night,75,4,Electronics,1,2,28.04,103.94,91.53,SUP-12,Suspension,Failed,18.3,Team Alpha,Minor process adjustment performed.
BATCH-00564,2025-12-04,Plant 01,Line 4,Eterna,Afternoon,113,3,Interior,0,3,12.11,81.61,96.87,SUP-04,Body,Review,24.0,Team Delta,
BATCH-01519,2025-03-05,Plant 01,Line 3,Veloce S,Afternoon,50,1,Paint,1,0,68.48,70.25,94.31,SUP-05,Interior,Passed,22.6,Team Delta,Minor process adjustment performed.
BATCH-01871,2025-07-12,Plant 02,Line 1,Aquila GT,Afternoon,96,1,Dimensional,1,0,38.58,76.19,95.72,SUP-07,Interior,Passed,23.6,Team Gamma,Supplier component verification required.
BATCH-01656,2025-12-18,Plant 01,Line 2,Veloce S,Night,65,2,Mechanical,1,1,37.23,72.58,94.65,SUP-02,Electronics,Review,21.6,Team Gamma,Routine quality inspection completed.
BATCH-01391,2025-03-19,Plant 02,Line 4,Veloce S,Night,79,4,Mechanical,1,0,20.58,84.39,91.93,SUP-08,Powertrain,Failed,20.8,Team Gamma,
BATCH-01032,2025-07-29,Plant 01,Line 2,Eterna,Afternoon,59,0,None,0,0,15.57,96.59,96.08,SUP-01,Suspension,Passed,20.4,Team Beta,
BATCH-00473,2025-06-17,Plant 02,Line 1,Strada X,Night,63,2,Mechanical,2,0,55.41,84.88,94.15,SUP-07,Electronics,Review,25.1,Team Gamma,Production line calibration completed.
BATCH-00154,2025-07-07,Plant 01,Line 1,Veloce S,Afternoon,85,1,Dimensional,0,1,23.29,86.68,98.81,SUP-04,Braking,Passed,22.3,Team Gamma,Production line calibration completed.
BATCH-01085,2025-04-15,Plant 02,Line 4,Eterna,Afternoon,102,1,Mechanical,0,1,24.94,63.61,97.35,SUP-06,Interior,Passed,19.9,Team Gamma,Minor process adjustment performed.
BATCH-01213,2025-07-26,Plant 01,Line 4,Strada X,Morning,120,1,Dimensional,1,0,38.91,72.49,96.59,SUP-09,Body,Passed,18.7,Team Gamma,Routine quality inspection completed.
BATCH-00343,2025-04-10,Plant 01,Line 3,Strada X,Afternoon,110,1,Mechanical,1,0,67.19,68.95,96.76,SUP-10,Interior,Passed,22.9,Team Gamma,
BATCH-01262,2025-02-27,Plant 01,Line 1,Eterna,Afternoon,106,1,Assembly,1,0,1.08,99.22,100,SUP-11,Braking,Passed,22.2,Team Beta,
BATCH-00483,2025-09-07,Plant 02,Line 1,Eterna,Morning,87,0,None,0,0,18.76,78.11,96.85,SUP-08,Body,Passed,25.5,Team Gamma,Routine quality inspection completed.
BATCH-01266,2025-11-24,Plant 02,Line 1,Strada X,Night,120,0,None,0,0,0.17,88.63,98.78,SUP-07,Braking,Passed,22.9,Team Gamma,Minor process adjustment performed.
BATCH-01221,2025-03-21,Plant 01,Line 2,Strada X,Morning,71,0,None,0,0,42.36,82.85,98.95,SUP-03,Powertrain,Passed,22.4,Team Beta,Supplier component verification required.
BATCH-01297,2025-11-16,Plant 01,Line 4,Veloce S,Afternoon,102,2,Interior,1,1,3.91,75.77,95.54,SUP-04,Powertrain,Passed,21.7,Team Beta,
BATCH-00941,2025-04-04,Plant 01,Line 1,Veloce S,Afternoon,45,0,None,0,0,14.99,89.8,97.03,SUP-05,Braking,Passed,20.9,Team Delta,
BATCH-00372,2025-10-21,Plant 01,Line 4,Aquila GT,Night,107,2,Dimensional,1,0,754.72,90.95,97.31,SUP-08,Braking,Passed,24.0,Team Gamma,
BATCH-01156,2025-01-26,Plant 02,Line 1,Aquila GT,Afternoon,87,0,None,0,0,10.56,96.04,96.55,SUP-06,Braking,Passed,17.9,Team Alpha,Supplier component verification required.
BATCH-01186,2025-08-17,Plant 02,Line 1,Eterna,Night,92,3,Interior,0,3,42.87,73.04,92.79,SUP-12,Body,Review,21.5,Team Delta,Production line calibration completed.
BATCH-00935,2025-12-08,Plant 01,Line 2,Veloce S,Night,77,2,Dimensional,2,0,18.75,81.59,96.27,SUP-07,Interior,Review,21.4,Team Alpha,Minor process adjustment performed.
BATCH-00690,2025-03-02,Plant 02,Line 1,Strada X,Afternoon,86,2,Paint,0,0,22.84,84.66,97.12,SUP-10,Interior,Passed,23.1,Team Beta,
BATCH-01014,2025-07-24,Plant 02,Line 2,Aquila GT,Night,98,3,Interior,3,0,31.2,87.93,93.82,SUP-09,Interior,Review,23.1,Team Beta,Minor process adjustment performed.
BATCH-01689,2025-12-28,Plant 02,Line 1,Veloce S,Morning,112,4,Assembly,2,0,58.93,81.98,93.54,SUP-04,Powertrain,Review,19.9,Team Gamma,Supplier component verification required.
BATCH-00109,2025-04-17,Plant 02,Line 2,Aquila GT,Morning,58,0,None,0,0,42.84,91.97,99.26,SUP-01,Braking,Passed,23.9,Team Beta,
BATCH-00553,2025-08-14,Plant 02,Line 4,Veloce S,Morning,65,0,None,0,0,25.61,88.06,99.81,SUP-01,Interior,Passed,22.9,Team Gamma,
BATCH-00764,2025-10-17,Plant 02,Line 1,Eterna,Afternoon,115,1,Electronics,0,0,12.34,555.39,97.35,SUP-07,Electronics,Passed,25.0,Team Alpha,Minor process adjustment performed.
BATCH-01468,2025-12-23,Plant 01,Line 2,Eterna,Morning,46,1,Electronics,1,0,5.46,82.77,96.77,SUP-05,Interior,Passed,21.9,Team Gamma,
BATCH-00073,2025-03-14,Plant 02,Line 2,Strada X,Morning,87,1,Assembly,0,0,0.0,101.97,97.17,SUP-01,Braking,Passed,24.9,Team Alpha,Routine quality inspection completed.
BATCH-00750,2025-01-21,Plant 02,Line 2,Aquila GT,Morning,64,0,None,0,0,9.22,74.07,98.99,SUP-04,Body,Passed,21.6,Team Beta,Production line calibration completed.
BATCH-01963,2025-03-18,Plant 01,Line 2,Eterna,Night,83,3,Electronics,1,2,24.11,86.81,94.9,SUP-05,Body,Review,24.7,Team Alpha,Supplier component verification required.
BATCH-00314,2025-01-26,Plant 01,Line 2,Aquila GT,Night,99,1,Dimensional,1,0,52.78,79.4,98.55,SUP-02,Braking,Passed,25.4,Team Gamma,Routine quality inspection completed.
BATCH-01920,2025-10-18,Plant 02,Line 4,Strada X,Night,47,1,Dimensional,1,0,,96.11,97.4,SUP-08,Powertrain,Passed,24.7,Team Delta,Routine quality inspection completed.
BATCH-01710,2025-05-31,Plant 02,Line 3,Veloce S,Morning,118,2,Paint,1,0,19.1,79.11,96.79,SUP-12,Electronics,Passed,25.9,Team Delta,Supplier component verification required.
BATCH-00248,2025-08-05,Plant 02,Line 3,Veloce S,Night,67,2,Interior,1,1,64.7,72.5,93.81,SUP-10,Braking,Review,24.8,Team Gamma,
BATCH-01912,2025-10-24,Plant 02,Line 3,Eterna,Afternoon,117,6,Dimensional,1,3,21.02,91.26,91.44,SUP-11,Electronics,Failed,26.9,Team Alpha,
BATCH-01666,2025-09-03,Plant 01,Line 4,Eterna,Morning,55,0,None,0,0,17.44,69.07,98.17,SUP-04,Interior,Passed,26.0,Team Beta,Routine quality inspection completed.
BATCH-01236,2025-06-05,Plant 02,Line 1,Aquila GT,Afternoon,113,4,Electronics,3,1,23.17,72.37,,SUP-10,Electronics,Review,23.0,Team Alpha,
BATCH-01967,2025-04-23,Plant 02,Line 1,Strada X,Afternoon,84,4,Assembly,2,2,12.06,79.07,93.52,SUP-03,Electronics,Failed,19.1,Team Delta,Routine quality inspection completed.
BATCH-01218,2025-05-25,Plant 02,Line 2,Strada X,Morning,66,1,Assembly,0,1,28.27,73.35,95.13,SUP-02,Powertrain,Passed,24.8,Team Alpha,Production line calibration completed.
BATCH-00201,2025-08-19,Plant 02,Line 2,Aquila GT,Night,75,2,Paint,1,0,22.17,79.9,96.65,SUP-06,Electronics,Review,23.5,Team Alpha,
BATCH-01562,2025-02-24,Plant 02,Line 2,Aquila GT,Night,73,2,Mechanical,0,0,23.05,87.13,96.81,SUP-05,Suspension,Review,19.7,Team Delta,
BATCH-01072,2025-11-11,Plant 02,Line 4,Veloce S,Afternoon,99,1,Paint,0,0,43.17,98.25,97.73,SUP-01 ,Electronics,Passed,23.4,Team Beta,
BATCH-01593,2025-02-15,Plant 02,Line 1,Veloce S,Afternoon,117,1,Mechanical,1,0,16.29,96.27,96.96,SUP-01,Braking,Passed,22.0,Team Alpha,
BATCH-00036,2025-02-15,Plant 02,Line 1,Aquila GT,Afternoon,108,1,Mechanical,0,1,17.78,85.76,95.36,SUP-02,Body,Passed,23.5,Team Delta,Minor process adjustment performed.
BATCH-00740,2025-01-29,Plant 02,Line 2,Strada X,Night,105,4,Mechanical,4,0,55.14,71.49,93.28,SUP-12,Electronics,Review,23.5,Team Gamma,Supplier component verification required.
BATCH-00936,2025-05-13,Plant 02,Line 1,Veloce S,Morning,69,1,Interior,0,0,9.98,84.27,95.99,SUP-01,Interior,Passed,25.3,Team Alpha,Production line calibration completed.
BATCH-01775,2025-06-29,Plant 02,Line 2,Aquila GT,Morning,82,3,Paint,1,2,49.07,63.22,93.97,SUP-11,Electronics,Review,21.3,Team Alpha,Routine quality inspection completed.
BATCH-01026,2025-12-27,Plant 02,Line 4,Veloce S,Morning,103,2,Assembly,0,1,37.94,71.76,,SUP-01,Interior,Passed,18.0,Team Gamma,
BATCH-01070,2025-11-22,Plant 02,Line 3,Strada X,Afternoon,115,4,Dimensional,4,0,10.22,81.07,96.4,SUP-07,Suspension,Review,22.3,Team Delta,
BATCH-00319,2025-04-14,Plant 02,Line 3,Eterna,Afternoon,73,2,Interior,2,0,18.27,109.08,96.42,,Powertrain,Review,25.4,Team Delta,
BATCH-00186,2025-04-08,Plant 01,Line 2,Eterna,Afternoon,106,1,Paint,0,0,14.73,85.09,97.51,SUP-11,Braking,Passed,22.4,Team Beta,
BATCH-00808,2025-10-03,Plant 01,Line 4,Strada X,Night,72,2,Assembly,2,0,23.61,84.17,94.17,SUP-11,Electronics,Review,23.0,Team Beta,
BATCH-00058,2025-07-09,Plant 01,Line 1,Aquila GT,Night,102,7,Dimensional,3,0,15.18,78.99,91.17,SUP-12,Electronics,Failed,24.3,Team Delta,
BATCH-00699,2025-09-07,Plant 01,Line 4,Aquila GT,Morning,68,2,Paint,1,0,38.89,82.44,,SUP-08,Electronics,Review,23.8,Team Beta,
BATCH-01613,2025-04-01,Plant 02,Line 2,Veloce S,Morning,89,0,None,0,0,33.95,76.79,97.44,SUP-01,Powertrain,Passed,23.3,Team Alpha,
BATCH-01586,2025-10-11,Plant 02,Line 4,Strada X,Night,112,3,Dimensional,0,0,37.13,79.45,94.77,SUP-09,Powertrain,Review,23.8,Team Gamma,
BATCH-00239,2025-12-24,Plant 02,Line 2,Eterna,Afternoon,110,7,Paint,7,0,15.48,89.67,91.43,SUP-07,Interior,Failed,19.5,Team Delta,
BATCH-01483,2025-01-10,Plant 01,Line 3,Eterna,Night,74,3,Paint,2,1,64.41,70.78,91.82,SUP-11,Interior,Failed,22.8,Team Delta,
BATCH-01340,2025-12-03,Plant 01,Line 3,Veloce S,Morning,54,1,Electronics,0,1,49.69,90.48,97.86,SUP-11,Body,Passed,19.6,Team Gamma,Production line calibration completed.
BATCH-01599,2025-04-09,Plant 01,Line 1,Aquila GT,Morning,107,1,Paint,0,0,0.0,76.25,96.2,SUP-01,Powertrain,Passed,25.6,Team Delta,Routine quality inspection completed.
BATCH-01036,2025-11-28,Plant 01,Line 4,Eterna,Afternoon,48,0,None,0,0,14.67,85.69,100,SUP-11,Braking,Passed,19.2,Team Alpha,
BATCH-01718,2025-07-10,Plant 01,Line 1,Veloce S,Afternoon,114,2,Electronics,0,0,34.75,97.52,95.89,SUP-06,Braking,Passed,21.2,Team Beta,
BATCH-00801,2025-02-14,Plant 01,Line 3,Strada X,Afternoon,70,0,None,0,0,38.98,94.66,96.53,SUP-07,Suspension,Passed,20.4,Team Delta,Routine quality inspection completed.
BATCH-00692,2025-03-22,Plant 02,Line 3,Aquila GT,Afternoon,63,4,Electronics,0,1,61.85,85.41,88.37,SUP-12,Electronics,Failed,23.6,Team Beta,Routine quality inspection completed.
BATCH-01318,2025-03-02,Plant 02,Line 3,Veloce S,Morning,61,1,Assembly,1,0,4.37,73.43,94.03,SUP-12,Electronics,Passed,19.1,Team Beta,
BATCH-00961,2025-04-20,Plant 02,Line 2,Strada X,Afternoon,100,0,None,0,0,16.9,58.87,99.02,SUP-03,Interior,Passed,22.2,Team Alpha,Production line calibration completed.
BATCH-01073,2025-09-05,Plant 01,Line 1,Strada X,Morning,108,2,Assembly,1,0,21.64,66.65,96.38,SUP-06,Suspension,Passed,27.2,Team Gamma,Supplier component verification required.
BATCH-00400,2025-01-01,Plant 01,Line 2,Veloce S,Night,104,1,Electronics,0,1,28.04,80.15,96.31,SUP-10,Body,Passed,22.6,Team Gamma,
BATCH-01548,2025-05-08,Plant 01,Line 3,Strada X,Morning,108,1,Assembly,0,1,8.99,88.07,96.68,SUP-06,Interior,Passed,19.7,Team Gamma,Minor process adjustment performed.
BATCH-01624,2025-07-24,Plant 01,Line 4,Strada X,Morning,120,1,Dimensional,0,0,32.96,88.3,94.69,SUP-06,Electronics,Passed,18.8,Team Gamma,Supplier component verification required.
BATCH-00967,2025-11-01,Plant 01,Line 4,Aquila GT,Afternoon,95,3,Electronics,2,0,34.63,81.51,94.57,SUP-03,Suspension,Review,24.2,Team Delta,
BATCH-00576,2025-03-24,Plant 01,Line 2,Strada X,Night,76,2,Paint,2,0,54.23,77.4,93.67,SUP-03,Electronics,Review,24.3,Team Gamma,
BATCH-01837,2025-11-20,Plant 01,Line 4,Eterna,Afternoon,69,1,Assembly,0,0,40.55,74.95,97.32,SUP-07,Interior,Passed,21.7,Team Delta,Routine quality inspection completed.
BATCH-01533,2025-06-12,Plant 01,Line 1,Strada X,Afternoon,48,1,Electronics,0,1,6.16,95.76,97.39,SUP-06,Suspension,Passed,25.4,Team Alpha,Production line calibration completed.
BATCH-00767,2025-01-26,Plant 01,Line 3,Aquila GT,Morning,59,2,Electronics,1,1,18.94,88.2,91.74,SUP-12,Electronics,Review,21.2,Team Delta,
BATCH-01352,2025-10-15,Plant 01,Line 3,Veloce S,Morning,53,1,Interior,0,0,854.17,90.83,95.8,SUP-10,Braking,Passed,23.5,Team Alpha,Production line calibration completed.
BATCH-00007,2025-04-01,Plant 02,Line 1,Eterna,Afternoon,83,2,Mechanical,0,1,51.43,78.88,95.72,SUP-01,Electronics,Passed,19.5,Team Delta,Production line calibration completed.
BATCH-01353,2025-10-29,Plant 02,Line 2,Aquila GT,Afternoon,119,1,Electronics,1,0,6.62,92.76,98.21,SUP-04,Suspension,Passed,22.9,Team Delta,
BATCH-00780,2025-11-14,Plant 01,Line 1,Veloce S,Night,117,1,Interior,1,0,18.86,90.71,97.55,SUP-10,Electronics,Passed,27.5,Team Delta,
BATCH-01932,2025-12-17,Plant 02,Line 1,Veloce S,Night,114,2,Paint,2,0,12.9,75.31,95.62,SUP-08,Powertrain,Passed,20.3,Team Alpha,Routine quality inspection completed.
BATCH-00491,2025-05-19,Plant 01,Line 4,Strada X,Afternoon,91,1,Electronics,1,0,44.8,66.33,97.06,SUP-07,Body,Passed,22.8,Team Gamma,Production line calibration completed.
BATCH-00513,2025-03-10,Plant 02,Line 2,Eterna,Night,94,3,Interior,3,0,5.83,110.0,95.99,SUP-11,Suspension,Review,27.7,Team Alpha,Supplier component verification required.
BATCH-01756,2025-01-16,Plant 01,Line 3,Eterna,Morning,119,2,Interior,0,2,29.13,70.61,96.2,SUP-10,Interior,Passed,28.6,Team Beta,Routine quality inspection completed.
BATCH-01683,2025-04-11,Plant 01,Line 3,Strada X,Afternoon,115,0,None,0,0,27.24,88.16,99.06,SUP-11,Body,Passed,24.1,Team Alpha,
BATCH-01838,2025-11-04,Plant 02,Line 2,Aquila GT,Afternoon,57,0,None,0,0,38.98,95.85,96.27,SUP-03,Interior,Passed,22.1,Team Gamma,Minor process adjustment performed.
BATCH-00267,2025-09-23,Plant 01,Line 2,Strada X,Morning,64,1,Assembly,1,0,,94.45,95.76,SUP-04,Powertrain,Passed,18.2,Team Beta,
BATCH-01918,2025-07-07,Plant 01,Line 2,Strada X,Morning,113,1,Interior,1,0,17.38,80.41,99.16,SUP-11,Body,Passed,24.8,Team Delta,Routine quality inspection completed.
BATCH-01788,2025-01-08,Plant 02,Line 1,Aquila GT,Afternoon,59,0,None,0,0,38.24,77.51,97.88,SUP-02,Braking,Passed,22.8,Team Gamma,Routine quality inspection completed.
BATCH-00544,2025-05-07,Plant 02,Line 2,Veloce S,Night,83,0,None,0,0,4.08,93.67,98.05,SUP-08,Powertrain,Passed,21.2,Team Beta,Supplier component verification required.
BATCH-01580,2025-09-19,Plant 01,Line 1,Eterna,Morning,103,1,Mechanical,1,0,10.83,79.42,97.14,SUP-02,Braking,Passed,24.6,Team Beta,Supplier component verification required.
BATCH-00206,2025-01-17,Plant 01,Line 4,Aquila GT,Morning,78,1,Paint,0,0,17.37,86.61,96.33,SUP-11,Braking,Passed,25.1,Team Delta,
BATCH-00608,2025-11-24,Plant 02,Line 2,Veloce S,Night,95,4,Dimensional,2,2,12.59,96.42,94.11,SUP-02,Electronics,Failed,24.1,Team Delta,
BATCH-00631,2025-03-26,Plant 01,Line 4,Veloce S,Afternoon,98,1,Interior,0,1,22.35,83.19,99.03,SUP-04,Interior,Passed,23.1,Team Gamma,Production line calibration completed.
BATCH-01536,2025-08-31,Plant 02,Line 4,Veloce S,Night,75,1,Assembly,0,1,25.0,84.76,96.77,SUP-07,Suspension,Passed,21.1,Team Gamma,
BATCH-01303,2025-05-27,Plant 01,Line 2,Aquila GT,Night,94,1,Dimensional,0,0,48.63,77.12,95.12,SUP-02,Body,Passed,23.2,Team Delta,
BATCH-01714,2025-04-24,Plant 01,Line 3,Eterna,Afternoon,85,2,Assembly,0,1,20.97,86.72,92.6,SUP-08,Powertrain,Review,24.2,Team Alpha,
BATCH-01749,2025-07-19,Plant 01,Line 4,Aquila GT,Night,98,0,None,0,0,0.0,63.77,100,,Interior,Passed,23.0,Team Gamma,Minor process adjustment performed.
BATCH-00744,2025-09-09,Plant 01,Line 3,Aquila GT,Morning,87,1,Electronics,0,0,36.91,85.37,94.26,SUP-08,Powertrain,Passed,21.4,Team Beta,Production line calibration completed.
BATCH-00447,2025-10-28,Plant 01,Line 1,Strada X,Afternoon,61,0,None,0,0,30.09,87.03,97.06,SUP-09,Suspension,Passed,21.1,Team Alpha,Minor process adjustment performed.
BATCH-01711,2025-10-30,Plant 01,Line 2,Veloce S,Afternoon,70,1,Electronics,0,0,32.6,93.57,95.26,SUP-08,Braking,Passed,23.6,Team Gamma,
BATCH-01300,2025-12-22,Plant 02,Line 1,Eterna,Morning,107,0,None,0,0,32.97,74.13,96.44,SUP-04,Braking,Passed,22.3,Team Beta,
BATCH-01607,2025-01-19,Plant 02,Line 2,Strada X,Night,71,4,Dimensional,3,0,37.32,82.21,92.55,SUP-09,Powertrain,Failed,26.0,Team Delta,Production line calibration completed.
BATCH-01399,2025-08-08,Plant 01,Line 1,Strada X,Afternoon,74,1,Dimensional,1,0,0.51,81.86,98.86,SUP-04,Suspension,Passed,17.8,Team Delta,
BATCH-00574,2025-03-18,Plant 02,Line 2,Strada X,Afternoon,72,0,None,0,0,10.15,87.37,97.14,SUP-08,Body,Passed,20.5,Team Beta,
BATCH-00299,2025-04-15,Plant 02,Line 3,Aquila GT,Morning,46,1,Interior,0,1,52.15,104.55,93.76,SUP-12,Interior,Review,23.7,Team Beta,
BATCH-01470,2025-12-17,Plant 02,Line 4,Aquila GT,Afternoon,120,1,Paint,1,0,0.06,81.4,96.33,SUP-11,Braking,Passed,21.1,Team Delta,
BATCH-01031,2025-01-14,Plant 01,Line 4,Aquila GT,Morning,95,2,Dimensional,1,1,17.59,73.17,93.58,SUP-06,Body,Review,25.5,Team Alpha,
BATCH-00655,2025-10-24,Plant 02,Line 3,Aquila GT,Afternoon,46,0,None,0,0,51.13,88.06,98.79,SUP-09,Braking,Passed,22.8,Team Beta,
BATCH-00517,2025-10-22,Plant 01,Line 2,Aquila GT,Night,95,3,Paint,2,0,41.04,83.39,95.81,SUP-10,Suspension,Review,23.0,Team Alpha,Minor process adjustment performed.
BATCH-00881,2025-08-15,Plant 02,Line 1,Aquila GT,Morning,56,0,None,0,0,26.61,88.44,98.4,SUP-04,Interior,Passed,25.7,Team Gamma,Supplier component verification required.
BATCH-00894,2025-11-19,Plant 02,Line 1,Veloce S,Afternoon,66,0,None,0,0,27.64,84.11,98.51,SUP-11,Electronics,Passed,19.7,Team Alpha,Production line calibration completed.
BATCH-00426,2025-09-27,Plant 01,Line 1,Strada X,Night,90,0,None,0,0,17.75,75.18,97.51,SUP-12,Body,Passed,21.8,Team Delta,
BATCH-00788,2025-09-02,Plant 02,Line 4,Aquila GT,Morning,77,1,Assembly,1,0,43.18,83.72,98.34,SUP-09,Interior,Passed,23.4,Team Gamma,
BATCH-00318,2025-02-20,Plant 01,Line 4,Strada X,Afternoon,73,2,Electronics,0,2,40.47,77.57,94.22,SUP-01,Powertrain,Review,25.0,Team Beta,
BATCH-00244,2025-10-27,Plant 01,Line 2,Veloce S,Afternoon,51,3,Paint,2,0,35.99,91.03,90.56,SUP-03,Body,Failed,22.3,Team Gamma,Routine quality inspection completed.
BATCH-01487,2025-05-06,Plant 02,Line 4,Veloce S,Night,111,2,Mechanical,0,2,14.41,92.27,95.88,SUP-06,Powertrain,Passed,24.5,Team Alpha,
BATCH-01952,2025-10-13,Plant 02,Line 2,Veloce S,Morning,114,3,Interior,1,1,0.0,97.91,96.21,SUP-07,Interior,Review,22.6,Team Delta,
BATCH-01653,2025-12-04,Plant 01,Line 4,Strada X,Night,53,0,None,0,0,46.98,94.91,98.71,SUP-05,Body,Passed,22.3,Team Delta,Routine quality inspection completed.
BATCH-01629,2025-09-21,Plant 02,Line 2,Veloce S,Night,120,130,Paint,5,1,36.77,97.06,93.3,SUP-09,Electronics,Failed,23.8,Team Beta,Supplier component verification required.
BATCH-00180,2025-09-12,Plant 02,Line 1,Eterna,Night,116,4,Mechanical,0,1,8.82,90.09,94.0,SUP-06,Powertrain,Review,25.5,Team Gamma,Production line calibration completed.
BATCH-00192,2025-11-11,Plant 02,Line 2,Eterna,Morning,112,2,Electronics,2,0,47.34,76.36,96.36,,Body,Passed,24.9,Team Gamma,Minor process adjustment performed.
BATCH-01595,2025-03-25,Plant 02,Line 2,Strada X,Night,48,0,None,0,0,30.87,89.83,98.83,SUP-12,Interior,Passed,23.4,Team Alpha,
BATCH-01905,2025-01-29,Plant 02,Line 1,Strada X,Morning,97,1,Assembly,0,0,30.52,71.88,97.56,SUP-09,Interior,Passed,23.4,Team Alpha,Production line calibration completed.
BATCH-01099,2025-09-15,Plant 02,Line 4,Aquila GT,Afternoon,51,0,None,0,0,50.97,83.02,97.06,SUP-08,Powertrain,Passed,23.7,Team Delta,Supplier component verification required.
BATCH-00899,2025-03-30,Plant 01,Line 1,Eterna,Night,77,1,Interior,0,0,56.81,88.41,96.42,SUP-06,Electronics,Passed,21.6,Team Gamma,Supplier component verification required.
BATCH-00908,2025-04-08,Plant 02,Line 3,Veloce S,Morning,58,1,Paint,0,0,45.8,82.97,96.82,SUP-03,Powertrain,Passed,25.0,Team Alpha,Supplier component verification required.
BATCH-01359,2025-01-31,Plant 01,Line 1,Aquila GT,Afternoon,76,0,None,0,0,31.1,78.6,96.73,SUP-12,Powertrain,Passed,24.3,Team Gamma,Production line calibration completed.
BATCH-01478,2025-09-29,Plant 02,Line 4,Aquila GT,Morning,94,1,Assembly,0,0,28.25,97.75,93.99,SUP-11,Suspension,Review,25.3,Team Beta,
BATCH-00213,2025-03-12,Plant 02,Line 2,Aquila GT,Night,56,1,Paint,0,0,14.71,97.96,97.36,SUP-12,Body,Passed,22.5,Team Alpha,Routine quality inspection completed.
BATCH-01052,2025-10-07,Plant 02,Line 1,Aquila GT,Morning,100,1,Assembly,0,0,7.24,80.34,97.37,SUP-11,Electronics,Passed,24.4,Team Delta,
BATCH-01786,2025-05-31,Plant 01,Line 2,Eterna,Night,104,4,Interior,2,0,13.19,83.07,95.94,SUP-02,Braking,Review,24.6,Team Gamma,
BATCH-01173,2025-04-17,Plant 01,Line 3,Veloce S,Morning,85,3,Assembly,0,3,62.73,85.02,94.38,SUP-06,Interior,Review,20.9,Team Gamma,Production line calibration completed.
BATCH-00240,2025-12-13,Plant 01,Line 3,Strada X,Afternoon,92,0,None,0,0,43.44,83.9,97.25,SUP-11,Braking,Passed,24.2,Team Alpha,Routine quality inspection completed.
BATCH-01493,2025-09-18,Plant 01,Line 3,Veloce S,Afternoon,57,2,Paint,1,1,19.36,75.31,94.44,SUP-02,Powertrain,Review,17.3,Team Beta,
BATCH-00562,2025-03-05,Plant 01,Line 1,Strada X,Night,98,2,Electronics,0,2,26.63,85.84,93.9,SUP-04,Powertrain,Review,23.5,Team Gamma,
BATCH-01496,2025-05-24,Plant 02,Line 4,Strada X,Afternoon,113,2,Electronics,2,0,28.13,73.42,96.15,SUP-11,Interior,Passed,23.4,Team Alpha,
BATCH-00735,2025-02-12,Plant 02,Line 1,Veloce S,Night,116,8,Electronics,1,3,39.92,81.09,88.33,SUP-07,Interior,Failed,21.8,Team Delta,
BATCH-01728,2025-07-17,Plant 01,Line 2,Strada X,Morning,112,1,Electronics,1,0,39.27,78.68,96.75,SUP-10,Suspension,Passed,23.0,Team Gamma,
BATCH-01691,2025-11-01,Plant 02,Line 2,Strada X,Afternoon,98,2,Paint,0,2,21.74,78.17,96.61,SUP-10,Suspension,Passed,22.9,Team Gamma,Routine quality inspection completed.
BATCH-01575,2025-02-01,Plant 01,Line 3,Veloce S,Night,62,1,Electronics,1,0,61.2,73.75,96.53,SUP-07,Powertrain,Passed,24.9,Team Gamma,Production line calibration completed.
BATCH-00825,2025-10-03,Plant 01,Line 1,Strada X,Morning,50,2,Paint,2,0,21.33,77.6,93.63,SUP-04,Electronics,Review,22.4,Team Beta,
BATCH-01081,2025-08-02,Plant 02,Line 1,Eterna,Afternoon,113,2,Assembly,2,0,30.36,66.87,95.33,SUP-01,Braking,Passed,23.6,Team Gamma,Minor process adjustment performed.
BATCH-01212,2025-04-23,Plant 01,Line 4,Aquila GT,Night,80,1,Mechanical,0,0,0.0,77.87,98.41,SUP-03,Electronics,Passed,22.3,Team Delta,
BATCH-00188,2025-11-02,Plant 02,Line 2,Eterna,Morning,82,4,Interior,0,3,46.55,512.86,93.94,SUP-07,Interior,Failed,25.7,Team Delta,
BATCH-00961,2025-04-20,Plant 02,Line 2,Strada X,Afternoon,100,0,None,0,0,16.9,58.87,99.02,SUP-03,Interior,Passed,22.2,Team Alpha,Production line calibration completed.
BATCH-00621,2025-01-05,Plant 01,Line 1,Eterna,Afternoon,115,3,Paint,2,0,42.86,71.4,95.61,,Electronics,Review,23.9,Team Delta,
BATCH-01978,2025-08-14,Plant 01,Line 1,Aquila GT,Night,96,3,Interior,0,2,54.52,86.53,96.49,SUP-12,Interior,Review,21.4,Team Alpha,Minor process adjustment performed.
BATCH-00069,2025-12-15,Plant 01,Line 2,Eterna,Afternoon,56,0,None,0,0,12.25,65.14,100,SUP-08,Powertrain,Passed,23.0,Team Delta,Minor process adjustment performed.
BATCH-01658,2025-03-10,Plant 01,Line 3,Aquila GT,Night,66,3,Dimensional,1,2,54.52,91.38,92.7,SUP-11,Electronics,Failed,26.5,Team Beta,Minor process adjustment performed.
BATCH-00870,2025-11-22,Plant 01,Line 1,Aquila GT,Night,103,3,Dimensional,3,0,27.37,88.54,93.71,,Interior,Review,19.3,Team Delta,
BATCH-00987,2025-01-11,Plant 01,Line 4,Aquila GT,Afternoon,66,0,None,0,0,27.03,91.25,99.11,SUP-07,Electronics,Passed,20.1,Team Gamma,
BATCH-00868,2025-01-15,Plant 01,Line 2,Veloce S,Afternoon,89,3,Electronics,3,0,,80.51,95.4,SUP-04,Electronics,Review,23.6,Team Gamma,Routine quality inspection completed.
BATCH-00472,2025-03-27,Plant 01,Line 3,Aquila GT,Morning,94,0,None,0,0,34.19,82.51,99.23,SUP-08,Interior,Passed,22.4,Team Gamma,
BATCH-01199,2025-12-04,Plant 02,Line 3,Aquila GT,Night,99,4,Electronics,1,0,30.45,101.38,93.93,SUP-12,Body,Failed,22.3,Team Gamma,Routine quality inspection completed.
BATCH-01848,2025-04-25,Plant 01,Line 3,Strada X,Night,89,2,Paint,0,2,45.11,91.45,94.77,SUP-03,Interior,Passed,24.3,Team Delta,
BATCH-01375,2025-05-25,Plant 02,Line 3,Strada X,Afternoon,89,1,Assembly,1,0,49.96,74.99,96.32,SUP-12,Braking,Passed,25.3,Team Delta,
BATCH-00464,2025-09-18,Plant 01,Line 1,Aquila GT,Night,69,1,Assembly,0,0,39.69,95.75,,SUP-11 ,Body,Passed,23.5,Team Alpha,
BATCH-01872,2025-05-21,Plant 01,Line 4,Aquila GT,Night,110,4,Interior,1,2,28.12,81.08,93.45,SUP-06,Braking,Review,21.6,Team Beta,Production line calibration completed.
BATCH-01042,2025-01-21,Plant 02,Line 3,Aquila GT,Morning,101,2,Assembly,0,1,44.68,79.93,95.87,SUP-05,Body,Passed,27.9,Team Alpha,Supplier component verification required.
BATCH-01748,2025-06-12,Plant 02,Line 2,Aquila GT,Morning,61,1,Mechanical,1,0,16.97,85.7,95.34,SUP-08,Braking,Passed,21.9,Team Alpha,
BATCH-01335,2025-10-20,Plant 01,Line 1,Aquila GT,Afternoon,50,1,Interior,1,0,28.24,71.23,94.45,SUP-12,Body,Passed,23.1,Team Alpha,Routine quality inspection completed.
BATCH-01545,2025-03-25,Plant 01,Line 2,Eterna,Afternoon,64,3,Mechanical,0,1,39.75,79.08,91.56,SUP-07,Braking,Failed,21.0,Team Delta,
BATCH-01334,2025-01-17,Plant 02,Line 3,Eterna,Afternoon,111,1,Dimensional,1,0,30.81,80.8,94.74,SUP-11,Powertrain,Passed,21.7,Team Alpha,
BATCH-00802,2025-01-02,Plant 01,Line 2,Veloce S,Morning,81,1,Interior,0,1,32.5,88.02,,SUP-08,Electronics,Passed,23.9,Team Delta,
BATCH-01273,2025-12-17,Plant 01,Line 4,Eterna,Night,110,2,Interior,1,0,21.72,84.28,96.23,SUP-11,Powertrain,Passed,23.6,Team Alpha,
BATCH-01752,2025-01-07,Plant 02,Line 1,Eterna,Afternoon,49,1,Paint,0,0,21.17,92.19,95.15,SUP-02,Suspension,Passed,21.9,Team Beta,
BATCH-00328,2025-09-29,Plant 02,Line 2,Veloce S,Morning,49,0,None,0,0,28.52,89.72,97.39,SUP-01,Suspension,Passed,24.1,Team Gamma,
BATCH-01661,2025-08-19,Plant 01,Line 1,Aquila GT,Morning,105,1,Assembly,1,0,28.72,101.94,97.71,SUP-02,Powertrain,Passed,21.2,Team Alpha,
BATCH-00219,2025-06-09,Plant 02,Line 2,Strada X,Morning,57,1,Interior,0,1,34.41,63.54,97.03,SUP-01,Powertrain,Passed,18.8,Team Alpha,Supplier component verification required.
BATCH-01807,2025-09-17,Plant 02,Line 3,Strada X,Morning,90,1,Interior,1,0,28.15,86.79,96.72,SUP-01,Body,Passed,21.3,Team Alpha,
BATCH-00872,2025-08-25,Plant 01,Line 3,Strada X,Night,53,2,Electronics,0,0,30.38,88.2,93.33,SUP-12,Braking,Review,22.4,Team Beta,Routine quality inspection completed.
BATCH-00759,2025-04-12,Plant 01,Line 1,Aquila GT,Afternoon,47,1,Mechanical,0,0,33.55,72.37,95.19,SUP-10,Powertrain,Passed,22.8,Team Alpha,Minor process adjustment performed.
BATCH-00209,2025-04-05,Plant 02,Line 3,Veloce S,Morning,54,0,None,0,0,15.85,84.85,100,SUP-12,Powertrain,Passed,21.4,Team Gamma,
BATCH-01605,2025-07-18,Plant 01,Line 1,Aquila GT,Night,63,1,Mechanical,0,1,0.0,87.67,98.4,SUP-12,Body,Passed,18.4,Team Alpha,Production line calibration completed.
BATCH-01110,2025-11-13,Plant 02,Line 1,Veloce S,Afternoon,53,1,Interior,0,0,9.33,73.54,96.81,SUP-02,Braking,Passed,23.9,Team Delta,
BATCH-00012,2025-02-28,Plant 01,Line 4,Strada X,Morning,72,2,Dimensional,2,0,9.65,80.11,94.99,SUP-12,Electronics,Review,21.9,Team Delta,Production line calibration completed.
BATCH-01618,2025-11-07,Plant 01,Line 1,Strada X,Afternoon,58,1,Electronics,0,0,47.86,78.45,95.12,SUP-02,Braking,Passed,21.9,Team Delta,
BATCH-01732,2025-09-25,Plant 02,Line 4,Aquila GT,Afternoon,50,0,None,0,0,40.0,90.85,96.61,SUP-05,Interior,Passed,25.1,Team Alpha,
BATCH-01909,2025-10-01,Plant 02,Line 4,Eterna,Morning,86,0,None,0,0,42.31,80.45,96.87,SUP-11,Braking,Passed,22.3,Team Alpha,Supplier component verification required.
BATCH-01381,2025-10-05,Plant 02,Line 4,Strada X,Afternoon,75,1,Electronics,1,0,,73.37,97.22,SUP-02,Body,Passed,23.8,Team Delta,
BATCH-01793,2025-02-19,Plant 01,Line 3,Eterna,Afternoon,50,2,Interior,0,0,43.65,68.85,93.34,SUP-07,Electronics,Review,23.3,Team Gamma,
BATCH-00527,2025-12-08,Plant 01,Line 1,Strada X,Afternoon,66,0,None,0,0,58.88,78.22,97.88,SUP-04,Body,Passed,20.2,Team Alpha,Production line calibration completed.
BATCH-01169,2025-04-05,Plant 01,Line 2,Aquila GT,Morning,117,1,Paint,0,1,3.14,82.19,99.78,SUP-06,Braking,Passed,25.0,Team Delta,
BATCH-00622,2025-10-03,Plant 02,Line 1,Veloce S,Afternoon,52,0,None,0,0,0.0,73.49,99.67,SUP-08,Body,Passed,20.2,Team Beta,
BATCH-00215,2025-06-15,Plant 02,Line 1,Strada X,Afternoon,112,3,Mechanical,0,2,42.32,70.5,95.56,SUP-01,Electronics,Review,24.1,Team Alpha,
BATCH-00489,2025-08-21,Plant 01,Line 1,Strada X,Night,109,2,Paint,0,0,8.56,81.94,97.19,SUP-01,Electronics,Passed,19.5,Team Alpha,Supplier component verification required.
BATCH-01568,2025-07-25,Plant 02,Line 4,Strada X,Night,90,2,Paint,0,0,16.02,76.22,96.13,SUP-12,Electronics,Passed,21.0,Team Gamma,Supplier component verification required.
BATCH-00105,2025-05-12,Plant 01,Line 4,Eterna,Night,58,3,Electronics,3,0,23.64,84.6,93.97,SUP-12,Body,Failed,23.8,Team Gamma,
BATCH-01670,2025-02-19,Plant 01,Line 3,Aquila GT,Morning,70,3,Electronics,0,3,10.08,75.35,93.43,SUP-08,Interior,Failed,23.5,Team Beta,Routine quality inspection completed.
BATCH-00142,2025-07-27,Plant 01,Line 2,Veloce S,Night,92,3,Dimensional,1,0,35.19,75.28,95.15,SUP-02,Electronics,Review,21.8,Team Gamma,Routine quality inspection completed.
BATCH-00672,2025-11-10,Plant 01,Line 2,Veloce S,Afternoon,106,0,None,0,0,6.84,78.68,98.24,SUP-10,Suspension,Passed,23.2,Team Alpha,
BATCH-00441,2025-01-25,Plant 02,Line 3,Veloce S,Afternoon,78,3,Interior,3,0,16.92,88.89,93.14,SUP-08,Braking,Review,23.7,Team Beta,Routine quality inspection completed.
BATCH-01867,2025-04-11,Plant 01,Line 1,Veloce S,Afternoon,65,1,Interior,1,0,38.12,68.03,96.81,SUP-02,Electronics,Passed,18.6,Team Gamma,
BATCH-01559,2025-07-05,Plant 02,Line 3,Strada X,Afternoon,88,2,Mechanical,2,0,28.62,78.74,,SUP-01,Braking,Passed,20.8,Team Delta,
BATCH-01694,2025-06-26,Plant 01,Line 1,Aquila GT,Night,106,2,Electronics,2,0,40.04,92.12,93.49,SUP-10,Electronics,Review,24.6,Team Delta,Routine quality inspection completed.
BATCH-01495,2025-12-06,Plant 01,Line 4,Veloce S,Afternoon,112,2,Interior,2,0,23.53,84.81,96.62,SUP-07,Braking,Passed,17.8,Team Alpha,
BATCH-01434,2025-04-25,Plant 01,Line 2,Eterna,Afternoon,104,2,Mechanical,2,0,0.0,88.56,96.9,SUP-06,Powertrain,Passed,23.4,Team Beta,
BATCH-01272,2025-09-10,Plant 01,Line 3,Aquila GT,Night,110,3,Paint,3,0,23.59,82.38,91.65,SUP-05,Body,Review,21.3,Team Gamma,Supplier component verification required.
BATCH-00003,2025-08-05,Plant 02,Line 4,Eterna,Morning,53,0,None,0,0,41.29,81.35,98.25,SUP-04,Powertrain,Passed,20.1,Team Beta,
BATCH-00601,2025-07-26,Plant 01,Line 2,Strada X,Afternoon,102,3,Assembly,1,2,28.27,85.43,97.36,SUP-04,Electronics,Review,22.9,Team Gamma,
BATCH-00023,2025-02-22,Plant 01,Line 4,Eterna,Night,73,1,Electronics,0,1,24.72,86.92,96.33,SUP-04,Suspension,Passed,24.4,Team Alpha,
BATCH-00487,2025-09-25,Plant 01,Line 4,Strada X,Night,107,3,Interior,1,1,8.99,83.11,95.03,SUP-11,Braking,Review,23.3,Team Delta,Routine quality inspection completed.
BATCH-00636,2025-12-27,Plant 02,Line 1,Aquila GT,Night,52,2,Interior,0,0,58.57,73.64,94.91,SUP-02,Powertrain,Review,18.4,Team Gamma,
BATCH-00305,2025-03-07,Plant 02,Line 1,Aquila GT,Afternoon,114,4,Electronics,1,2,15.58,89.79,96.45,SUP-07,Powertrain,Review,21.8,Team Beta,Routine quality inspection completed.
BATCH-00171,2025-12-08,Plant 01,Line 4,Aquila GT,Night,63,1,Paint,0,1,40.31,78.58,95.38,SUP-12,Braking,Passed,21.1,Team Beta,
BATCH-00159,2025-12-01,Plant 01,Line 3,Veloce S,Morning,78,3,Electronics,1,2,62.06,76.65,93.5,SUP-10,Electronics,Review,23.3,Team Alpha,
BATCH-00466,2025-02-10,Plant 02,Line 1,Eterna,Morning,68,1,Paint,0,1,13.87,68.91,94.92,SUP-09,Suspension,Passed,23.5,Team Delta,
BATCH-01429,2025-02-06,Plant 01,Line 4,Eterna,Afternoon,56,0,None,0,0,14.69,76.55,97.37,SUP-12,Interior,Passed,23.1,Team Delta,
BATCH-00103,2025-03-01,Plant 02,Line 1,Veloce S,Morning,91,0,None,0,0,21.7,85.25,98.0,SUP-03,Body,Passed,19.9,Team Alpha,Minor process adjustment performed.
BATCH-00324,2025-08-11,Plant 01,Line 3,Aquila GT,Morning,109,1,Mechanical,0,1,33.92,68.67,96.28,SUP-01,Braking,Passed,19.9,Team Gamma,
BATCH-00797,2025-10-05,Plant 01,Line 1,Strada X,Morning,90,1,Electronics,0,0,41.46,68.91,96.39,SUP-08,Interior,Passed,21.7,Team Delta,
BATCH-00416,2025-06-29,Plant 02,Line 3,Veloce S,Night,98,2,Assembly,0,0,35.55,65.37,95.54,SUP-06,Powertrain,Passed,24.4,Team Delta,
BATCH-01490,2025-12-02,Plant 01,Line 4,Eterna,Morning,64,2,Dimensional,1,0,16.03,107.83,94.78,SUP-09,Electronics,Review,22.4,Team Alpha,
BATCH-01205,2025-03-06,Plant 02,Line 4,Strada X,Night,105,0,None,0,0,41.64,89.8,97.82,SUP-04,Powertrain,Passed,21.1,Team Delta,Supplier component verification required.
BATCH-01742,2025-10-31,Plant 01,Line 1,Aquila GT,Afternoon,89,2,Electronics,0,2,4.19,72.93,97.29,SUP-09,Braking,Passed,18.4,Team Alpha,Supplier component verification required.
BATCH-01763,2025-07-05,Plant 02,Line 4,Veloce S,Morning,91,4,Electronics,1,2,45.09,88.04,91.88,SUP-07,Body,Failed,23.2,Team Gamma,Production line calibration completed.
BATCH-01126,2025-03-08,Plant 02,Line 3,Strada X,Night,116,1,Dimensional,0,0,59.5,82.9,98.27,SUP-11,Powertrain,Passed,24.8,Team Beta,Supplier component verification required.
BATCH-00282,2025-11-29,Plant 01,Line 3,Veloce S,Afternoon,110,2,Interior,1,0,21.33,85.51,96.62,SUP-10,Suspension,Passed,23.6,Team Alpha,Minor process adjustment performed.
BATCH-00730,2025-11-27,Plant 01,Line 4,Strada X,Afternoon,115,2,Paint,0,1,19.62,84.47,94.06,SUP-02,Electronics,Passed,23.2,Team Alpha,Routine quality inspection completed.
BATCH-01910,2025-02-19,Plant 01,Line 1,Veloce S,Afternoon,89,0,None,0,0,,82.34,98.73,SUP-06,Suspension,Passed,22.8,Team Alpha,
BATCH-01836,2025-01-02,Plant 02,Line 4,Veloce S,Night,75,1,Dimensional,1,0,13.49,80.08,98.18,SUP-05,Braking,Passed,19.9,Team Alpha,
BATCH-00770,2025-12-30,Plant 01,Line 1,Strada X,Morning,62,0,None,0,0,24.18,98.69,98.19,SUP-03,Braking,Passed,23.6,Team Beta,
BATCH-00136,2025-04-08,Plant 01,Line 4,Strada X,Afternoon,63,1,Paint,1,0,28.89,91.18,97.06,SUP-06,Electronics,Passed,20.1,Team Alpha,
BATCH-01737,2025-02-13,Plant 01,Line 4,Aquila GT,Morning,91,0,None,0,0,30.85,82.54,98.4,SUP-07,Suspension,Passed,24.1,Team Beta,Minor process adjustment performed.
BATCH-01966,2025-12-15,Plant 01,Line 2,Strada X,Night,117,5,Mechanical,1,4,38.84,70.0,94.56,SUP-04,Braking,Failed,22.8,Team Gamma,
BATCH-00624,2025-08-05,Plant 01,Line 4,Aquila GT,Afternoon,67,0,None,0,0,23.77,83.6,98.97,SUP-02,Suspension,Passed,22.6,Team Gamma,Production line calibration completed.
BATCH-01049,2025-11-04,Plant 02,Line 1,Strada X,Night,54,1,Paint,0,0,49.53,85.74,94.4,SUP-07,Powertrain,Passed,23.2,Team Alpha,Production line calibration completed.
BATCH-01675,2025-07-15,Plant 02,Line 4,Aquila GT,Night,100,1,Interior,1,0,31.01,83.31,97.4,SUP-09 ,Powertrain,Passed,24.4,Team Delta,
BATCH-00630,2025-03-08,Plant 01,Line 2,Strada X,Afternoon,116,0,None,0,0,26.58,82.6,97.1,SUP-08,Suspension,Passed,22.6,Team Delta,
BATCH-00619,2025-10-09,Plant 01,Line 2,Veloce S,Night,54,0,None,0,0,57.19,87.57,111.2,SUP-06,Body,Passed,18.7,Team Gamma,Supplier component verification required.
BATCH-00385,2025-09-06,Plant 01,Line 4,Strada X,Night,74,2,Assembly,2,0,46.41,89.14,94.75,SUP-08,Suspension,Review,22.5,Team Alpha,Supplier component verification required.
BATCH-00255,2025-01-12,Plant 01,Line 1,Strada X,Night,47,1,Interior,1,0,24.98,83.1,96.31,SUP-09,Suspension,Passed,21.7,Team Alpha,
BATCH-01087,2025-05-19,Plant 02,Line 3,Eterna,Morning,91,1,Paint,0,0,33.0,98.48,94.9,SUP-10,Suspension,Passed,24.9,Team Delta,Production line calibration completed.
BATCH-01021,2025-06-03,Plant 01,Line 2,Veloce S,Afternoon,111,2,Assembly,1,0,34.24,73.06,96.12,SUP-05,Interior,Passed,22.1,Team Beta,Minor process adjustment performed.
BATCH-00515,2025-10-14,Plant 01,Line 4,Aquila GT,Night,82,2,Dimensional,1,0,36.48,88.12,94.1,SUP-10,Body,Passed,25.9,Team Alpha,
BATCH-00945,2025-10-26,Plant 01,Line 1,Aquila GT,Morning,53,0,None,0,0,4.6,78.64,97.94,SUP-10,Braking,Passed,23.3,Team Delta,Supplier component verification required.
BATCH-00208,2025-09-29,Plant 01,Line 1,Eterna,Afternoon,52,1,Interior,0,1,35.74,73.23,96.73,SUP-04,Powertrain,Passed,22.5,Team Gamma,
BATCH-00728,2025-11-14,Plant 01,Line 1,Eterna,Afternoon,59,0,None,0,0,17.1,73.29,97.06,SUP-08,Powertrain,Passed,21.9,Team Gamma,
BATCH-00731,2025-01-18,Plant 01,Line 4,Veloce S,Night,62,3,Mechanical,0,0,24.07,90.55,92.32,SUP-05,Suspension,Failed,22.8,Team Alpha,Production line calibration completed.
BATCH-01142,2025-04-07,Plant 01,Line 4,Strada X,Morning,66,0,None,0,0,2.61,86.7,98.92,SUP-07,Braking,Passed,23.4,Team Beta,
BATCH-00499,2025-08-05,Plant 01,Line 2,Aquila GT,Afternoon,64,4,Electronics,2,2,45.6,88.25,91.79,SUP-05,Body,Failed,24.9,Team Delta,
BATCH-00028,2025-12-25,Plant 02,Line 2,Veloce S,Night,120,3,Mechanical,0,3,23.3,80.11,97.04,SUP-06,Interior,Passed,18.5,Team Gamma,Production line calibration completed.
BATCH-01526,2025-09-29,Plant 02,Line 4,Eterna,Morning,47,1,Paint,1,0,52.08,96.44,94.08,SUP-07,Body,Passed,24.8,Team Delta,Minor process adjustment performed.
BATCH-00075,2025-10-03,Plant 01,Line 4,Aquila GT,Afternoon,100,1,Mechanical,0,0,19.81,73.78,98.78,SUP-01,Electronics,Passed,20.4,Team Alpha,
BATCH-00928,2025-11-09,Plant 01,Line 4,Eterna,Night,71,2,Mechanical,0,2,0.0,93.83,94.99,SUP-06,Electronics,Review,20.6,Team Delta,Routine quality inspection completed.
BATCH-00965,2025-12-04,Plant 02,Line 2,Eterna,Afternoon,116,0,None,0,0,33.84,86.51,96.14,SUP-06,Interior,Passed,23.7,Team Delta,
BATCH-00524,2025-03-09,Plant 01,Line 3,Veloce S,Afternoon,97,4,Dimensional,3,0,81.47,95.14,91.22,SUP-10,Interior,Failed,22.0,Team Alpha,
BATCH-00774,2025-06-28,Plant 01,Line 4,Strada X,Night,92,2,Assembly,1,1,56.84,75.1,96.28,SUP-12,Suspension,Passed,19.9,Team Delta,Supplier component verification required.
BATCH-00371,2025-07-22,Plant 01,Line 2,Veloce S,Afternoon,115,3,Interior,2,1,13.55,100.06,94.24,SUP-05,Powertrain,Review,21.1,Team Beta,
BATCH-01976,2025-12-19,Plant 02,Line 4,Eterna,Afternoon,71,0,None,0,0,46.23,81.71,,SUP-06,Braking,Passed,22.5,Team Delta,Production line calibration completed.
BATCH-01007,2025-07-31,Plant 01,Line 4,Eterna,Afternoon,112,3,Interior,2,1,5.73,88.51,97.94,SUP-09,Suspension,Review,22.3,Team Beta,
BATCH-01361,2025-01-10,Plant 02,Line 2,Veloce S,Night,68,1,Paint,0,1,3.61,103.96,95.72,SUP-04,Interior,Passed,25.7,Team Alpha,
BATCH-01724,2025-03-31,Plant 02,Line 2,Eterna,Afternoon,72,4,Dimensional,1,1,35.53,81.84,90.38,SUP-05,Body,Failed,24.1,Team Delta,
BATCH-01511,2025-02-08,Plant 01,Line 3,Strada X,Morning,87,0,None,0,0,61.02,69.09,97.01,SUP-03,Powertrain,Passed,19.7,Team Gamma,Production line calibration completed.
BATCH-00581,2025-09-03,Plant 01,Line 2,Veloce S,Morning,57,1,Paint,1,0,27.98,85.59,96.28,SUP-04,Electronics,Passed,23.2,Team Gamma,Production line calibration completed.
BATCH-00351,2025-12-27,Plant 02,Line 2,Aquila GT,Morning,112,1,Assembly,1,0,14.56,86.27,93.65,SUP-03,Electronics,Review,22.1,Team Alpha,Minor process adjustment performed.
BATCH-01600,2025-09-01,Plant 01,Line 3,Eterna,Afternoon,78,3,Mechanical,2,0,56.31,82.29,92.58,SUP-04,Braking,Review,22.9,Team Beta,
BATCH-01773,2025-11-01,Plant 01,Line 1,Eterna,Night,85,4,Paint,2,2,44.85,87.87,94.54,SUP-01,Electronics,Failed,26.1,Team Alpha,Minor process adjustment performed.
BATCH-00996,2025-07-07,Plant 01,Line 3,Strada X,Night,52,1,Mechanical,1,0,24.8,74.88,94.13,SUP-12,Powertrain,Passed,21.6,Team Alpha,Minor process adjustment performed.
BATCH-00452,2025-11-22,Plant 01,Line 4,Veloce S,Night,52,1,Electronics,0,1,34.1,89.23,95.46,SUP-06,Powertrain,Passed,22.5,Team Beta,
BATCH-00677,2025-11-07,Plant 02,Line 4,Eterna,Afternoon,58,2,Interior,2,0,83.62,84.19,91.18,SUP-11,Powertrain,Review,18.3,Team Beta,
BATCH-01581,2025-08-22,Plant 01,Line 3,Aquila GT,Morning,98,2,Mechanical,0,1,43.4,91.56,97.63,SUP-12,Braking,Passed,23.8,Team Beta,
BATCH-00651,2025-05-09,Plant 01,Line 2,Veloce S,Night,93,3,Assembly,1,1,35.61,96.2,95.21,SUP-04,Suspension,Review,22.7,Team Alpha,Minor process adjustment performed.
BATCH-01127,2025-07-12,Plant 02,Line 3,Veloce S,Morning,90,1,Mechanical,1,0,49.22,72.9,96.08,SUP-01,Braking,Passed,22.9,Team Delta,
BATCH-00276,2025-03-21,Plant 01,Line 2,Eterna,Morning,86,2,Paint,1,1,50.1,86.9,95.8,SUP-02,Electronics,Passed,22.3,Team Delta,Routine quality inspection completed.
BATCH-00057,2025-08-15,Plant 02,Line 3,Aquila GT,Night,46,0,None,0,0,29.81,81.31,97.83,SUP-01,Body,Passed,21.8,Team Alpha,
BATCH-00811,2025-04-14,Plant 01,Line 4,Eterna,Morning,100,2,Electronics,0,0,45.78,86.21,95.55,SUP-07,Body,Passed,21.8,Team Delta,Production line calibration completed.
BATCH-00843,2025-07-31,Plant 02,Line 4,Strada X,Afternoon,80,3,Interior,0,0,45.94,84.25,93.22,SUP-07,Powertrain,Review,19.7,Team Delta,
BATCH-01153,2025-02-23,Plant 02,Line 1,Eterna,Night,109,1,Assembly,1,0,29.43,84.05,98.55,SUP-01,Interior,Passed,20.3,Team Alpha,
BATCH-00503,2025-07-16,Plant 02,Line 3,Eterna,Morning,116,3,Electronics,2,1,62.86,92.1,93.3,SUP-01,Suspension,Review,23.6,Team Alpha,Supplier component verification required.
BATCH-00751,2025-04-30,Plant 02,Line 2,Veloce S,Morning,93,1,Mechanical,0,0,8.29,69.63,97.5,SUP-09,Electronics,Passed,24.7,Team Beta,
BATCH-00097,2025-11-10,Plant 01,Line 1,Strada X,Afternoon,114,3,Mechanical,2,1,21.58,89.56,97.12,SUP-08,Braking,Review,24.3,Team Delta,Routine quality inspection completed.
BATCH-01372,2025-11-06,Plant 01,Line 2,Aquila GT,Morning,113,0,None,0,0,59.75,91.12,96.67,SUP-10,Suspension,Passed,20.5,Team Alpha,Routine quality inspection completed.
BATCH-00834,2025-07-05,Plant 02,Line 2,Eterna,Afternoon,108,1,Dimensional,0,0,35.73,82.83,96.43,SUP-11,Braking,Passed,19.3,Team Beta,
BATCH-00492,2025-03-31,Plant 01,Line 1,Aquila GT,Afternoon,80,0,None,0,0,0.0,86.6,99.31,SUP-08,Braking,Passed,20.2,Team Alpha,Production line calibration completed.
BATCH-00753,2025-11-07,Plant 02,Line 1,Aquila GT,Morning,115,2,Dimensional,2,0,19.82,68.13,94.32,SUP-09,Body,Passed,18.4,Team Beta,
BATCH-01261,2025-08-25,Plant 02,Line 4,Strada X,Morning,68,0,None,0,0,19.1,69.68,98.5,SUP-06,Braking,Passed,23.3,Team Delta,Production line calibration completed.
BATCH-00298,2025-10-06,Plant 02,Line 3,Eterna,Morning,49,0,None,0,0,29.69,65.56,98.17,SUP-04,Body,Passed,21.8,Team Beta,
BATCH-00860,2025-12-31,Plant 02,Line 1,Eterna,Afternoon,95,0,None,0,0,22.35,80.42,96.69,SUP-12,Suspension,Passed,21.0,Team Alpha,
BATCH-01040,2025-11-14,Plant 01,Line 1,Eterna,Night,111,3,Interior,2,1,43.47,81.05,95.01,SUP-05,Suspension,Review,19.4,Team Beta,
BATCH-01302,2025-08-02,Plant 02,Line 3,Eterna,Morning,68,0,None,0,0,14.41,82.47,98.55,SUP-10,Suspension,Passed,19.3,Team Delta,Supplier component verification required.
BATCH-01785,2025-03-26,Plant 01,Line 2,Aquila GT,Afternoon,80,0,None,0,0,18.7,82.65,97.82,SUP-11,Body,Passed,22.7,Team Delta,
BATCH-00648,2025-11-16,Plant 02,Line 1,Aquila GT,Morning,106,0,None,0,0,34.74,71.74,97.59,SUP-04,Electronics,Passed,20.6,Team Alpha,
BATCH-01274,2025-10-23,Plant 02,Line 3,Strada X,Afternoon,103,0,None,0,0,32.82,92.04,99.46,SUP-04,Powertrain,Passed,23.5,Team Gamma,Routine quality inspection completed.
BATCH-00885,2025-10-24,Plant 02,Line 4,Strada X,Morning,100,3,Dimensional,2,1,2.65,94.73,95.05,SUP-04,Braking,Review,23.1,Team Delta,
BATCH-00232,2025-04-23,Plant 02,Line 1,Eterna,Night,104,0,None,0,0,37.28,92.32,95.89,SUP-11,Interior,Passed,24.4,Team Alpha,
BATCH-00224,2025-11-28,Plant 02,Line 2,Strada X,Morning,87,0,None,0,0,31.67,87.42,95.76,SUP-03,Suspension,Passed,22.4,Team Alpha,Minor process adjustment performed.
BATCH-01414,2025-01-19,Plant 02,Line 4,Veloce S,Afternoon,107,1,Paint,1,0,25.13,80.47,94.22,SUP-07,Body,Passed,20.9,Team Delta,
BATCH-01380,2025-06-21,Plant 01,Line 1,Eterna,Afternoon,111,3,Dimensional,3,0,48.26,102.41,96.21,SUP-01,Electronics,Review,22.3,Team Gamma,Minor process adjustment performed.
BATCH-01589,2025-01-26,Plant 01,Line 3,Aquila GT,Morning,49,0,None,0,0,56.09,83.2,99.21,,Suspension,Passed,21.6,Team Delta,
BATCH-00418,2025-12-27,Plant 02,Line 3,Eterna,Afternoon,95,1,Interior,0,0,56.09,84.31,95.03,SUP-06,Electronics,Passed,18.1,Team Gamma,
BATCH-00485,2025-01-17,Plant 02,Line 1,Strada X,Morning,57,0,None,0,0,34.25,81.58,99.96,SUP-05,Body,Passed,19.0,Team Alpha,Routine quality inspection completed.
BATCH-00874,2025-06-18,Plant 02,Line 4,Eterna,Morning,108,2,Dimensional,2,0,54.02,91.79,94.98,SUP-06,Interior,Passed,20.1,Team Beta,
BATCH-00849,2025-01-04,Plant 01,Line 2,Aquila GT,Afternoon,63,0,None,0,0,9.11,75.21,98.88,SUP-11,Suspension,Passed,21.8,Team Alpha,
BATCH-00680,2025-05-14,Plant 02,Line 4,Aquila GT,Afternoon,73,2,Mechanical,1,1,19.41,64.7,94.18,SUP-12,Powertrain,Review,24.6,Team Alpha,
BATCH-01654,2025-09-01,Plant 02,Line 3,Strada X,Morning,53,0,None,0,0,9.06,86.36,99.6,SUP-11,Braking,Passed,24.4,Team Beta,Supplier component verification required.
BATCH-00833,2025-03-01,Plant 01,Line 4,Veloce S,Afternoon,83,0,None,0,0,31.44,85.91,96.06,SUP-11,Braking,Passed,20.7,Team Delta,Production line calibration completed.
BATCH-00088,2025-05-18,Plant 01,Line 4,Veloce S,Afternoon,113,7,Interior,4,1,11.82,83.6,89.6,SUP-12,Suspension,Failed,26.0,Team Delta,Production line calibration completed.
BATCH-00704,2025-05-19,Plant 02,Line 4,Eterna,Night,100,0,None,0,0,7.25,72.71,97.19,SUP-01,Powertrain,Passed,24.2,Team Delta,Production line calibration completed.
BATCH-00523,2025-08-28,Plant 02,Line 2,Eterna,Afternoon,75,1,Mechanical,0,0,8.89,85.3,97.11,SUP-05,Body,Passed,23.6,Team Alpha,
BATCH-00643,2025-03-10,Plant 02,Line 2,Eterna,Morning,46,2,Mechanical,1,1,39.76,82.7,94.38,SUP-06,Body,Failed,25.5,Team Alpha,
BATCH-00886,2025-05-16,Plant 02,Line 3,Strada X,Night,94,3,Mechanical,2,1,15.13,74.02,95.21,SUP-08,Interior,Review,18.1,Team Beta,
BATCH-01771,2025-04-03,Plant 01,Line 4,Strada X,Afternoon,55,2,Dimensional,1,1,26.25,88.78,94.25,SUP-12,Interior,Review,23.2,Team Beta,
BATCH-01849,2025-12-25,Plant 02,Line 3,Aquila GT,Morning,96,0,None,0,0,12.28,78.28,99.6,SUP-06,Powertrain,Passed,25.4,Team Alpha,
BATCH-00855,2025-05-12,Plant 02,Line 1,Strada X,Night,84,2,Dimensional,2,0,23.63,71.85,94.5,SUP-10,Powertrain,Passed,24.1,Team Beta,
BATCH-00151,2025-04-22,Plant 02,Line 2,Strada X,Morning,120,3,Assembly,1,2,13.64,84.18,95.64,SUP-09,Electronics,Passed,21.5,Team Gamma,Minor process adjustment performed.
BATCH-01055,2025-06-10,Plant 02,Line 1,Eterna,Night,48,0,None,0,0,18.97,92.93,96.89,SUP-12,Braking,Passed,20.8,Team Gamma,
BATCH-01538,2025-08-05,Plant 01,Line 1,Eterna,Night,85,3,Electronics,0,1,23.2,87.19,93.95,SUP-12,Electronics,Review,21.0,Team Alpha,Routine quality inspection completed.
BATCH-00823,2025-10-18,Plant 01,Line 2,Veloce S,Morning,89,1,Mechanical,0,0,71.11,93.79,97.6,SUP-02,Braking,Passed,18.5,Team Delta,
BATCH-01938,2025-06-19,Plant 01,Line 1,Aquila GT,Night,108,2,Interior,1,0,12.69,83.23,,SUP-08,Electronics,Passed,22.6,Team Beta,Routine quality inspection completed.
BATCH-01901,2025-12-26,Plant 01,Line 3,Veloce S,Morning,54,1,Paint,1,0,42.44,75.21,94.58,SUP-10,Body,Passed,21.3,Team Gamma,Supplier component verification required.
BATCH-00612,2025-06-11,Plant 02,Line 2,Strada X,Night,108,0,None,0,0,33.74,95.84,100,SUP-11,Suspension,Passed,20.8,Team Beta,
BATCH-00335,2025-08-06,Plant 02,Line 3,Strada X,Afternoon,106,4,Mechanical,3,0,26.46,73.96,93.22,SUP-07,Interior,Review,20.9,Team Beta,
BATCH-00930,2025-04-19,Plant 01,Line 1,Aquila GT,Afternoon,94,2,Electronics,0,1,1.16,579.0,97.96,SUP-10,Electronics,Passed,23.5,Team Beta,
BATCH-00966,2025-12-31,Plant 02,Line 1,Veloce S,Night,119,1,Paint,0,0,27.17,77.05,98.42,SUP-11,Powertrain,Passed,21.7,Team Delta,Minor process adjustment performed.
BATCH-01926,2025-01-09,Plant 02,Line 4,Strada X,Night,74,0,None,0,0,31.79,81.54,99.2,SUP-10,Interior,Passed,23.2,Team Delta,
BATCH-01735,2025-06-16,Plant 01,Line 3,Eterna,Morning,110,3,Assembly,1,2,38.96,88.14,95.12,SUP-11,Powertrain,Review,20.5,Team Beta,Supplier component verification required.
BATCH-00710,2025-04-27,Plant 02,Line 3,Aquila GT,Night,73,1,Interior,1,0,37.57,81.73,96.09,SUP-05,Body,Passed,23.5,Team Beta,
BATCH-00508,2025-01-31,Plant 01,Line 3,Veloce S,Morning,107,2,Paint,0,0,37.52,72.42,95.93,,Braking,Passed,23.4,Team Alpha,Routine quality inspection completed.
BATCH-00155,2025-02-09,Plant 01,Line 1,Strada X,Afternoon,54,0,None,0,0,43.33,101.34,96.8,SUP-10,Powertrain,Passed,23.1,Team Delta,Production line calibration completed.
BATCH-00053,2025-04-21,Plant 02,Line 4,Veloce S,Morning,87,3,Electronics,2,0,27.02,85.8,95.01,SUP-12,Electronics,Review,21.0,Team Beta,
BATCH-01219,2025-12-16,Plant 01,Line 3,Strada X,Afternoon,67,1,Paint,1,0,25.66,84.27,95.12,SUP-08,Braking,Passed,25.4,Team Gamma,
BATCH-01499,2025-03-10,Plant 02,Line 3,Strada X,Morning,92,2,Assembly,1,1,40.85,81.29,96.16,SUP-02,Powertrain,Passed,22.4,Team Gamma,Supplier component verification required.
BATCH-00510,2025-01-16,Plant 02,Line 1,Eterna,Morning,110,2,Interior,0,2,34.08,65.81,97.27,SUP-05,Interior,Passed,21.4,Team Beta,Supplier component verification required.
BATCH-00259,2025-05-06,Plant 02,Line 4,Veloce S,Afternoon,71,2,Dimensional,2,0,53.08,80.24,92.11,SUP-02,Electronics,Review,22.8,Team Alpha,Minor process adjustment performed.
BATCH-00005,2025-11-14,Plant 02,Line 3,Eterna,Night,48,2,Dimensional,0,2,8.57,86.93,95.03,SUP-09,Electronics,Failed,23.8,Team Alpha,
BATCH-00794,2025-03-22,Plant 02,Line 1,Strada X,Night,102,0,None,0,0,47.71,83.02,97.92,SUP-11,Braking,Passed,23.4,Team Delta,Routine quality inspection completed.
BATCH-00477,2025-02-02,Plant 01,Line 4,Aquila GT,Morning,102,1,Electronics,1,0,37.91,70.9,97.02,SUP-12,Suspension,Passed,21.3,Team Alpha,
BATCH-01707,2025-03-22,Plant 02,Line 2,Aquila GT,Night,69,1,Electronics,0,1,35.02,89.53,97.73,SUP-06,Body,Passed,24.2,Team Beta,Minor process adjustment performed.
BATCH-00798,2025-10-11,Plant 02,Line 2,Strada X,Night,91,1,Dimensional,0,1,10.17,93.63,99.63,SUP-12,Suspension,Passed,23.9,Team Alpha,Production line calibration completed.
BATCH-01592,2025-04-21,Plant 01,Line 1,Eterna,Afternoon,49,2,Interior,2,0,16.5,73.29,94.3,SUP-04,Braking,Failed,21.0,Team Alpha,Routine quality inspection completed.
BATCH-00163,2025-05-13,Plant 02,Line 1,Veloce S,Afternoon,118,1,Assembly,1,0,8.35,79.83,95.91,SUP-11,Suspension,Passed,19.5,Team Delta,
BATCH-01712,2025-08-26,Plant 02,Line 4,Eterna,Afternoon,109,4,Dimensional,3,0,32.89,72.78,91.73,SUP-11,Braking,Review,21.0,Team Beta,Supplier component verification required.
BATCH-01433,2025-11-25,Plant 01,Line 1,Aquila GT,Morning,58,1,Paint,1,0,22.16,95.44,96.69,SUP-07,Electronics,Passed,24.8,Team Delta,
BATCH-01960,2025-03-07,Plant 02,Line 3,Eterna,Morning,93,0,None,0,0,29.31,93.88,98.28,SUP-06,Braking,Passed,23.0,Team Beta,
BATCH-00863,2025-08-10,Plant 02,Line 2,Aquila GT,Afternoon,79,1,Mechanical,1,0,0.0,81.04,98.09,SUP-06,Electronics,Passed,25.4,Team Alpha,
BATCH-01324,2025-12-05,Plant 02,Line 3,Veloce S,Afternoon,109,3,Interior,1,2,33.48,75.77,96.08,SUP-04,Electronics,Review,23.5,Team Beta,
BATCH-01438,2025-02-19,Plant 01,Line 1,Strada X,Night,90,1,Mechanical,0,0,25.36,90.36,96.78,SUP-05,Body,Passed,23.1,Team Gamma,Routine quality inspection completed.
BATCH-00164,2025-07-31,Plant 01,Line 4,Aquila GT,Afternoon,53,1,Electronics,0,1,7.1,84.71,96.96,SUP-01,Braking,Passed,23.0,Team Beta,Minor process adjustment performed.
BATCH-00382,2025-04-20,Plant 02,Line 2,Veloce S,Morning,82,3,Interior,3,0,32.35,74.44,93.8,SUP-11,Interior,Review,22.7,Team Alpha,
BATCH-01628,2025-04-07,Plant 02,Line 2,Aquila GT,Morning,91,0,None,0,0,58.66,75.18,98.57,SUP-09,Body,Passed,22.1,Team Gamma,Minor process adjustment performed.
BATCH-01001,2025-12-08,Plant 02,Line 4,Aquila GT,Afternoon,102,1,Assembly,1,0,40.24,84.75,99.37,SUP-07,Suspension,Passed,27.6,Team Alpha,Routine quality inspection completed.
BATCH-00172,2025-06-05,Plant 01,Line 1,Aquila GT,Afternoon,57,1,Assembly,0,0,74.18,89.63,94.61,SUP-09,Interior,Passed,25.7,Team Beta,
BATCH-00315,2025-06-03,Plant 01,Line 3,Strada X,Night,90,3,Assembly,3,0,9.66,94.83,94.86,SUP-04,Electronics,Review,22.7,Team Beta,Routine quality inspection completed.
BATCH-01980,2025-07-29,Plant 02,Line 2,Eterna, Night ,59,0,None,0,0,30.23,96.59,98.62,SUP-10,Powertrain,Passed,24.8,Team Beta,
BATCH-01271,2025-07-01,Plant 02,Line 1,Strada X,Morning,61,2,Assembly,0,0,51.54,86.0,93.07,SUP-07,Electronics,Review,22.2,Team Delta,
BATCH-01501,2025-03-18,Plant 01,Line 4,Eterna,Morning,64,0,None,0,0,6.16,79.66,98.75,SUP-05,Powertrain,Passed,21.4,Team Gamma,
BATCH-00969,2025-12-12,Plant 01,Line 3,Eterna,Night,46,2,Interior,0,2,37.51,75.7,94.05,SUP-03,Interior,Failed,25.8,Team Gamma,
BATCH-00241,2025-08-15,Plant 02,Line 3,Aquila GT,Night,57,0,None,0,0,33.16,81.54,97.48,SUP-03,Braking,Passed,23.2,Team Delta,
BATCH-01669,2025-09-18,Plant 02,Line 3,Aquila GT,Morning,102,3,Paint,0,0,14.99,78.3,94.35,SUP-09,Body,Review,20.8,Team Beta,
BATCH-00146,2025-04-22,Plant 01,Line 1,Strada X,Afternoon,110,3,Mechanical,1,2,50.99,75.12,96.2,SUP-07,Body,Review,24.9,Team Beta,
BATCH-00596,2025-11-26,Plant 01,Line 4,Aquila GT,Morning,49,1,Dimensional,1,0,17.36,75.03,96.93,SUP-12,Electronics,Passed,23.8,Team Alpha,Minor process adjustment performed.
BATCH-01248,2025-05-19,Plant 02,Line 1,Strada X,Night,118,1,Assembly,1,0,38.56,77.93,97.38,SUP-08,Interior,Passed,22.4,Team Alpha,
BATCH-00205,2025-12-11,Plant 01,Line 3,Eterna,Morning,67,3,Assembly,1,1,37.89,88.35,93.49,SUP-05,Interior,Failed,19.6,Team Beta,
BATCH-01953,2025-07-22,Plant 01,Line 4,Aquila GT,Afternoon,86,5,Assembly,0,1,50.64,70.41,88.23,SUP-12,Powertrain,Failed,21.0,Team Beta,
BATCH-01100,2025-09-26,Plant 02,Line 4,Eterna,Morning,92,2,Assembly,0,1,23.45,80.46,97.13,SUP-05,Electronics,Passed,17.9,Team Gamma,Production line calibration completed.
BATCH-00403,2025-07-16,Plant 01,Line 1,Eterna,Night,72,2,Dimensional,1,0,9.77,79.19,94.7,SUP-04,Body,Review,25.5,Team Gamma,
BATCH-00530,2025-11-20,Plant 01,Line 1,Veloce S,Afternoon,92,4,Mechanical,4,0,32.39,77.77,94.27,SUP-10,Electronics,Failed,24.6,Team Alpha,Supplier component verification required.
BATCH-00686,2025-05-12,Plant 01,Line 3,Aquila GT,Night,99,1,Paint,1,0,34.42,82.74,96.74,SUP-05,Braking,Passed,20.7,Team Alpha,
BATCH-01927,2025-08-09,Plant 02,Line 2,Eterna,Afternoon,96,2,Assembly,1,1,781.51,66.05,96.96,SUP-10,Powertrain,Passed,21.0,Team Gamma,
BATCH-00326,2025-08-26,Plant 01,Line 2,Eterna,Night,99,2,Mechanical,1,1,3.41,93.46,97.05,SUP-06,Braking,Passed,21.3,Team Beta,
BATCH-01383,2025-07-19,Plant 01,Line 1,Strada X,Morning,83,0,None,0,0,8.0,87.27,97.51,SUP-10,Interior,Passed,24.9,Team Gamma,Supplier component verification required.
BATCH-00613,2025-01-20,Plant 02,Line 3,Strada X,Night,67,1,Assembly,1,0,21.78,88.5,97.6,SUP-05,Braking,Passed,25.0,Team Delta,Minor process adjustment performed.
BATCH-01870,2025-02-28,Plant 01,Line 4,Veloce S,Night,77,1,Electronics,0,0,37.42,96.31,95.03,SUP-10,Powertrain,Passed,21.2,Team Alpha,Minor process adjustment performed.
BATCH-00296,2025-08-23,Plant 02,Line 3,Eterna,Night,85,0,None,0,0,11.72,67.37,98.82,SUP-11,Electronics,Passed,26.2,Team Gamma,
BATCH-01514,2025-11-08,Plant 01,Line 4,Veloce S,Afternoon,84,1,Mechanical,1,0,32.62,85.83,95.68,SUP-01,Body,Passed,22.9,Team Delta,Production line calibration completed.
BATCH-01402,2025-01-10,Plant 01,Line 3,Aquila GT,Afternoon,89,4,Dimensional,1,2,43.61,81.62,92.0,SUP-03,Body,Failed,23.1,Team Alpha,
BATCH-00360,2025-12-18,Plant 02,Line 1,Eterna,Morning,93,0,None,0,0,22.16,79.46,100,SUP-04,Interior,Passed,21.1,Team Alpha,Minor process adjustment performed.
BATCH-00004,2025-06-18,Plant 02,Line 3,Veloce S,Morning,114,1,Mechanical,0,1,18.63,95.52,97.78,SUP-10,Suspension,Passed,25.7,Team Alpha,Routine quality inspection completed.
BATCH-01291,2025-07-02,Plant 01,Line 4,Eterna,Morning,58,0,None,0,0,70.81,81.47,96.5,SUP-08,Body,Passed,21.3,Team Delta,
BATCH-01104,2025-08-08,Plant 01,Line 3,Aquila GT,Morning,53,0,None,0,0,38.67,77.13,98.49,SUP-08,Braking,Passed,25.1,Team Alpha,
BATCH-00200,2025-01-16,Plant 02,Line 3,Aquila GT,Morning,98,2,Dimensional,2,0,16.05,86.46,98.57,SUP-05,Interior,Passed,24.0,Team Delta,
BATCH-01066,2025-09-01,Plant 02,Line 3,Strada X,Afternoon,77,1,Paint,1,0,36.81,92.6,98.55,SUP-04,Interior,Passed,23.7,Team Delta,
BATCH-01515,2025-07-27,Plant 01,Line 1,Eterna,Afternoon,59,1,Electronics,1,0,19.86,79.16,96.19,SUP-06,Braking,Passed,24.5,Team Gamma,Routine quality inspection completed.
BATCH-00176,2025-06-20,Plant 02,Line 3,Strada X,Afternoon,101,0,None,0,0,37.32,88.62,98.02,SUP-11,Body,Passed,22.2,Team Alpha,Minor process adjustment performed.
BATCH-01796,2025-07-27,Plant 02,Line 1,Eterna,Night,108,1,Mechanical,1,0,19.88,79.43,98.51,SUP-05,Electronics,Passed,22.2,Team Gamma,Routine quality inspection completed.
BATCH-00607,2025-04-15,Plant 01,Line 1,Aquila GT,Morning,99,1,Assembly,1,0,44.89,76.96,97.74,SUP-08,Braking,Passed,17.2,Team Delta,
BATCH-01296,2025-04-14,Plant 01,Line 1,Aquila GT,Afternoon,67,1,Dimensional,1,0,13.86,88.58,95.82,SUP-09,Suspension,Passed,24.5,Team Gamma,Minor process adjustment performed.
BATCH-00939,2025-02-20,Plant 02,Line 2,Strada X,Morning,85,1,Dimensional,1,0,16.69,91.92,,SUP-05,Suspension,Passed,20.4,Team Gamma,
BATCH-01301,2025-06-24,Plant 02,Line 2,Veloce S,Night,118,2,Mechanical,1,1,46.48,76.12,97.16,SUP-04,Electronics,Passed,21.5,Team Beta,Production line calibration completed.
BATCH-01561,2025-08-20,Plant 01,Line 3,Veloce S,Afternoon,106,3,Interior,3,0,41.16,66.31,94.93,SUP-11,Suspension,Review,23.1,Team Beta,
BATCH-01951,2025-11-13,Plant 01,Line 2,Veloce S,Morning,113,0,None,0,0,36.35,82.06,98.81,SUP-09,Braking,Passed,22.8,Team Alpha,
BATCH-00914,2025-10-24,Plant 01,Line 1,Aquila GT,Morning,45,1,Assembly,0,0,0.0,80.99,96.39,SUP-12,Interior,Passed,21.3,Team Beta,Routine quality inspection completed.
BATCH-01804,2025-10-28,Plant 02,Line 4,Eterna,Night,101,5,Paint,3,1,24.38,90.66,91.96,SUP-07,Powertrain,Failed,24.5,Team Gamma,Supplier component verification required.
BATCH-00610,2025-06-22,Plant 02,Line 4,Strada X,Afternoon,86,0,None,0,0,37.83,75.05,97.12,SUP-04,Suspension,Passed,23.0,Team Gamma,
BATCH-01426,2025-03-17,Plant 02,Line 2,Strada X,Afternoon,72,3,Interior,2,1,40.24,77.73,93.13,SUP-07,Braking,Failed,22.0,Team Gamma,
BATCH-00955,2025-12-26,Plant 01,Line 4,Eterna,Morning,64,0,None,0,0,38.03,89.93,97.42,SUP-09,Braking,Passed,22.6,Team Gamma,
BATCH-01161,2025-12-07,Plant 01,Line 2,Strada X,Morning,67,0,None,0,0,18.45,69.68,99.03,SUP-09,Braking,Passed,20.2,Team Delta,Production line calibration completed.
BATCH-01295,2025-05-28,Plant 01,Line 3,Eterna,Morning,101,1,Mechanical,0,1,34.89,82.1,96.68,SUP-10,Suspension,Passed,21.2,Team Gamma,
BATCH-01506,2025-02-05,Plant 02,Line 2,Veloce S,Afternoon,72,2,Interior,0,2,46.22,81.22,94.76,SUP-07,Powertrain,Review,22.7,Team Gamma,Supplier component verification required.
BATCH-00944,2025-10-15,Plant 01,Line 1,Strada X,Morning,109,1,Paint,0,1,61.17,84.8,96.77,SUP-11,Braking,Passed,19.7,Team Delta,Minor process adjustment performed.
BATCH-01437,2025-05-18,Plant 02,Line 3,Veloce S,Morning,57,2,Electronics,0,0,28.65,85.64,94.49,SUP-07,Body,Review,24.2,Team Alpha,Routine quality inspection completed.
BATCH-01247,2025-10-20,Plant 02,Line 4,Veloce S,Morning,76,2,Interior,1,1,19.81,63.14,95.36,SUP-07,Braking,Review,20.6,Team Beta,Routine quality inspection completed.
BATCH-00312,2025-03-02,Plant 02,Line 3,Eterna,Afternoon,55,1,Assembly,0,1,51.36,73.29,93.88,SUP-01,Interior,Review,22.2,Team Beta,Supplier component verification required.
BATCH-01617,2025-09-17,Plant 01,Line 1,Eterna,Morning,63,1,Mechanical,0,0,1.1,85.72,96.61,SUP-10,Electronics,Passed,21.6,Team Alpha,Supplier component verification required.
BATCH-01003,2025-06-25,Plant 01,Line 4,Eterna,Morning,55,0,None,0,0,7.81,80.41,98.09,SUP-12,Powertrain,Passed,19.7,Team Gamma,Supplier component verification required.
BATCH-00708,2025-12-02,Plant 01,Line 3,Veloce S,Night,55,2,Electronics,1,0,40.41,97.41,91.03,SUP-04,Electronics,Review,20.3,Team Beta,
BATCH-01754,2025-11-21,Plant 01,Line 2,Veloce S,Afternoon,57,3,Dimensional,2,0,22.49,88.1,92.53,SUP-01,Suspension,Failed,16.7,Team Beta,
BATCH-00994,2025-05-25,Plant 02,Line 1,Strada X,Night,97,3,Mechanical,3,0,27.19,74.72,94.43,SUP-10,Body,Review,21.6,Team Gamma,
BATCH-01791,2025-08-30,Plant 01,Line 4,Eterna,Night,101,2,Dimensional,1,0,26.67,80.92,96.5,SUP-04,Body,Passed,26.8,Team Delta,Minor process adjustment performed.
BATCH-01853,2025-08-25,Plant 02,Line 1,Strada X,Afternoon,105,1,Interior,1,0,24.26,75.85,97.23,SUP-12,Interior,Passed,24.2,Team Beta,
BATCH-00081,2025-01-07,Plant 01,Line 2,Aquila GT,Night,82,5,Dimensional,0,4,43.8,79.89,90.51,SUP-02,Powertrain,Failed,19.9,Team Alpha,
BATCH-01436,2025-08-27,Plant 01,Line 1,Aquila GT,Afternoon,117,1,Assembly,1,0,0.0,61.31,98.73,SUP-08,Interior,Passed,23.1,Team Beta,
BATCH-00025,2025-02-22,Plant 01,Line 4,Eterna,Night,109,1,Mechanical,1,0,0.41,82.09,97.1,SUP-10,Suspension,Passed,23.1,Team Gamma,
BATCH-01590,2025-02-22,Plant 01,Line 3,Aquila GT,Night,66,3,Electronics,0,3,52.37,84.97,93.86,SUP-07,Powertrain,Failed,22.6,Team Alpha,Minor process adjustment performed.
BATCH-00946,2025-07-29,Plant 02,Line 3,Strada X,Night,83,2,Interior,0,1,13.28,88.09,96.26,SUP-11,Braking,Passed,24.8,Team Delta,
BATCH-01576,2025-03-28,Plant 01,Line 1,Strada X,Morning,103,2,Electronics,0,0,46.61,96.33,94.84,SUP-05,Body,Passed,23.9,Team Alpha,
BATCH-00519,2025-04-19,Plant 01,Line 3,Aquila GT,Afternoon,68,4,Paint,4,0,34.04,86.97,90.49,SUP-12,Electronics,Failed,20.2,Team Beta,Production line calibration completed.
BATCH-00140,2025-04-28,Plant 02,Line 3,Eterna,Morning,99,5,Electronics,2,3,52.17,83.24,90.49,SUP-05,Body,Failed,23.6,Team Gamma,Routine quality inspection completed.
BATCH-00532,2025-04-15,Plant 02,Line 2,Eterna,Night,85,5,Paint,1,1,32.36,88.5,89.98,SUP-02,Suspension,Failed,21.8,Team Beta,
BATCH-01139,2025-01-08,Plant 01,Line 4,Strada X,Afternoon,67,1,Dimensional,1,0,31.06,82.31,95.77,SUP-09,Braking,Passed,23.5,Team Alpha,
BATCH-00115,2025-01-21,Plant 02,Line 4,Strada X,Morning,112,1,Dimensional,0,0,0.0,88.36,99.97,SUP-04,Suspension,Passed,24.0,Team Delta,Production line calibration completed.
BATCH-01064,2025-06-22,Plant 01,Line 2,Strada X,Morning,118,1,Paint,1,0,23.73,93.1,96.97,SUP-06,Body,Passed,21.3,Team Delta,
BATCH-01119,2025-09-27,Plant 01,Line 4,Eterna,Night,104,5,Paint,2,0,37.53,80.89,93.44,SUP-08,Braking,Failed,26.9,Team Gamma,Supplier component verification required.
BATCH-01453,2025-09-22,Plant 01,Line 3,Eterna,Afternoon,109,2,Electronics,2,0,48.2,79.03,93.85,SUP-07,Interior,Review,25.5,Team Alpha,
BATCH-01154,2025-04-27,Plant 02,Line 3,Eterna,Afternoon,62,2,Electronics,1,0,7.62,83.99,94.91,SUP-06,Suspension,Review,17.6,Team Beta,Minor process adjustment performed.
BATCH-01114,2025-02-11,Plant 02,Line 3,Aquila GT,Night,86,1,Mechanical,0,1,24.6,89.78,96.89,SUP-11,Interior,Passed,18.8,Team Alpha,Production line calibration completed.
BATCH-01865,2025-05-22,Plant 02,Line 2,Eterna,Morning,68,0,None,0,0,49.84,85.56,98.96,SUP-08,Suspension,Passed,26.3,Team Alpha,Routine quality inspection completed.
BATCH-00389,2025-01-12,Plant 01,Line 3,Strada X,Afternoon,59,1,Mechanical,1,0,54.59,66.93,94.83,SUP-08,Interior,Passed,20.7,Team Delta,Supplier component verification required.
BATCH-01431,2025-10-03,Plant 01,Line 3,Strada X,Night,62,2,Dimensional,2,0,40.6,85.6,94.43,SUP-09,Electronics,Review,28.8,Team Gamma,Routine quality inspection completed.
BATCH-01059,2025-01-09,Plant 02,Line 1,Strada X,Afternoon,107,0,None,0,0,43.36,94.46,97.95,SUP-11,Interior,Passed,24.7,Team Gamma,Minor process adjustment performed.
BATCH-00541,2025-03-14,Plant 01,Line 2,Veloce S,Night,97,1,Paint,1,0,31.46,94.99,95.06,SUP-07,Interior,Passed,17.3,Team Alpha,Routine quality inspection completed.
BATCH-00890,2025-02-12,Plant 02,Line 2,Strada X,Morning,82,1,Electronics,0,1,30.77,84.95,94.32,SUP-06,Braking,Passed,26.5,Team Beta,Minor process adjustment performed.
BATCH-00916,2025-07-21,Plant 02,Line 2,Strada X,Morning,54,1,Interior,0,1,41.68,88.55,94.3,SUP-10,Braking,Passed,21.4,Team Gamma,Routine quality inspection completed.
BATCH-01634,2025-07-02,Plant 02,Line 2,Aquila GT,Morning,112,4,Interior,4,0,7.68,96.41,94.88,SUP-03,Body,Review,17.8,Team Alpha,Supplier component verification required.
BATCH-00222,2025-09-07,Plant 02,Line 2,Veloce S,Night,58,0,None,0,0,26.14,82.4,98.68,SUP-08,Powertrain,Passed,21.1,Team Gamma,
BATCH-01058,2025-03-11,Plant 01,Line 1,Veloce S,Morning,120,2,Mechanical,0,1,34.2,95.14,93.71,SUP-11,Braking,Review,22.4,Team Delta,
BATCH-00486,2025-08-05,Plant 02,Line 1,Aquila GT,Morning,102,3,Electronics,0,1,12.36,75.46,94.94,SUP-05,Body,Review,22.0,Team Gamma,
BATCH-01866,2025-07-13,Plant 01,Line 4,Eterna,Night,64,3,Electronics,3,0,10.23,92.05,94.63,SUP-12,Electronics,Failed,20.9,Team Beta,
BATCH-00616,2025-05-18,Plant 02,Line 3,Strada X,Afternoon,69,1,Mechanical,0,1,50.82,83.33,99.22,SUP-06,Electronics,Passed,25.6,Team Delta,
BATCH-00790,2025-08-27,Plant 01,Line 1,Veloce S,Night,115,5,Interior,4,1,27.14,97.2,94.56,SUP-11,Body,Failed,20.4,Team Beta,Minor process adjustment performed.
BATCH-01390,2025-08-06,Plant 01,Line 1,Strada X,Afternoon,98,2,Assembly,1,0,4.58,74.02,96.9,SUP-04,Interior,Passed,21.9,Team Delta,Minor process adjustment performed.
BATCH-01897,2025-07-23,Plant 01,Line 4,Veloce S,Night,115,2,Mechanical,0,2,34.75,89.28,94.88,SUP-08,Braking,Passed,25.7,Team Delta,
BATCH-00358,2025-06-17,Plant 01,Line 3,Aquila GT,Afternoon,46,0,None,0,0,41.06,73.43,97.79,SUP-02,Body,Passed,23.1,Team Delta,
BATCH-01594,2025-12-14,Plant 01,Line 2,Strada X,Afternoon,102,0,None,0,0,51.88,79.78,96.43,SUP-06,Electronics,Passed,19.6,Team Alpha,Routine quality inspection completed.
BATCH-00182,2025-06-10,Plant 01,Line 3,Strada X,Afternoon,61,2,Dimensional,2,0,42.13,73.42,94.16,SUP-10,Powertrain,Review,22.0,Team Gamma,Supplier component verification required.
BATCH-00820,2025-08-03,Plant 01,Line 4,Strada X,Afternoon,112,0,None,0,0,8.23,78.36,100,SUP-02,Braking,Passed,20.9,Team Alpha,
BATCH-01764,2025-06-14,Plant 02,Line 3,Veloce S,Afternoon,47,1,Dimensional,1,0,51.85,105.33,95.68,SUP-07,Electronics,Passed,23.3,Team Gamma,Minor process adjustment performed.
BATCH-00516,2025-01-12,Plant 01,Line 2,Strada X,Afternoon,72,1,Dimensional,1,0,41.73,63.63,97.3,SUP-08,Interior,Passed,20.4,Team Beta,
BATCH-00841,2025-01-05,Plant 02,Line 3,Aquila GT,Night,83,2,Dimensional,0,2,41.39,93.1,94.28,SUP-10,Suspension,Passed,19.2,Team Alpha,Routine quality inspection completed.
BATCH-01508,2025-09-01,Plant 01,Line 2,Eterna,Morning,78,3,Assembly,0,3,0.0,73.0,94.22,SUP-04,Braking,Review,21.1,Team Gamma,
BATCH-01597,2025-10-11,Plant 01,Line 1,Strada X,Afternoon,61,2,Interior,0,0,30.54,91.09,95.07,SUP-05,Braking,Review,23.5,Team Delta,Minor process adjustment performed.
BATCH-01809,2025-08-04,Plant 01,Line 1,Eterna,Morning,64,1,Interior,1,0,19.81,70.79,97.62,SUP-10,Powertrain,Passed,21.8,Team Alpha,Production line calibration completed.
BATCH-00810,2025-05-11,Plant 02,Line 4,Veloce S,Afternoon,107,0,None,0,0,46.83,77.97,95.86,SUP-03,Electronics,Passed,23.7,Team Gamma,
BATCH-01657,2025-11-23,Plant 02,Line 4,Veloce S,Afternoon,54,1,Paint,0,1,42.03,79.33,96.13,SUP-03,Electronics,Passed,22.4,Team Delta,
BATCH-01876,2025-08-16,Plant 02,Line 1,Eterna,Morning,79,4,Interior,3,0,25.75,83.67,92.03,SUP-02,Body,Failed,20.6,Team Gamma,
BATCH-01699,2025-09-20,Plant 01,Line 2,Eterna,Night,117,3,Electronics,2,1,4.26,79.73,93.95,SUP-02,Suspension,Review,24.9,Team Alpha,
BATCH-00547,2025-05-13,Plant 01,Line 1,Veloce S,Morning,62,0,None,0,0,33.08,72.44,98.24,SUP-11,Electronics,Passed,19.2,Team Alpha,Routine quality inspection completed.
BATCH-00500,2025-11-14,Plant 02,Line 2,Strada X,Night,64,0,None,0,0,22.91,562.37,98.54,SUP-06,Suspension,Passed,26.2,Team Delta,
BATCH-01798,2025-09-08,Plant 01,Line 2,Aquila GT,Night,73,4,Interior,0,4,29.46,77.47,89.81,SUP-04,Interior,Failed,28.7,Team Delta,
BATCH-00233,2025-05-05,Plant 01,Line 4,Veloce S,Afternoon,73,2,Assembly,2,0,37.42,87.58,92.61,SUP-06,Electronics,Review,21.1,Team Delta,
BATCH-00898,2025-05-01,Plant 02,Line 4,Aquila GT,Afternoon,89,1,Interior,1,0,30.95,83.15,98.02,SUP-06,Powertrain,Passed,20.9,Team Delta,
BATCH-00831,2025-05-03,Plant 01,Line 3,Aquila GT,Night,47,1,Dimensional,1,0,54.43,75.46,93.92,SUP-06,Body,Review,22.9,Team Gamma,Production line calibration completed.
BATCH-01242,2025-03-06,Plant 02,Line 3,Aquila GT,Afternoon,79,4,Interior,0,3,4.23,75.34,91.37,SUP-02,Suspension,Failed,23.5,Team Alpha,Minor process adjustment performed.
BATCH-00830,2025-01-30,Plant 01,Line 4,Veloce S,Morning,78,2,Interior,1,1,41.08,75.31,92.29,SUP-10,Suspension,Review,18.6,Team Beta,
BATCH-01746,2025-02-23,Plant 01,Line 2,Veloce S,Morning,60,2,Mechanical,0,0,39.13,74.76,92.69,SUP-05,Body,Review,20.4,Team Gamma,Production line calibration completed.
BATCH-00787,2025-09-22,Plant 02,Line 2,Aquila GT,Morning,62,1,Interior,0,1,38.62,80.4,96.22,SUP-01,Interior,Passed,23.4,Team Beta,Production line calibration completed.
BATCH-00504,2025-09-08,Plant 02,Line 3,Eterna,Afternoon,57,2,Assembly,0,2,3.07,77.39,94.86,SUP-07,Interior,Review,22.5,Team Gamma,Routine quality inspection completed.
BATCH-00822,2025-02-25,Plant 01,Line 3,Veloce S,Afternoon,102,4,Mechanical,4,0,56.54,74.31,91.83,SUP-08,Electronics,Review,22.9,Team Gamma,
BATCH-01518,2025-07-24,Plant 02,Line 2,Aquila GT,Afternoon,119,2,Dimensional,2,0,30.06,98.75,97.5,SUP-01,Suspension,Passed,22.0,Team Gamma,
BATCH-01322,2025-01-19,Plant 01,Line 4,Veloce S,Night,48,1,Assembly,1,0,40.73,85.87,94.1,SUP-06,Body,Passed,24.8,Team Alpha,Routine quality inspection completed.
BATCH-00094,2025-05-23,Plant 02,Line 3,Aquila GT,Afternoon,109,1,Paint,1,0,49.54,85.25,97.12,SUP-05,Interior,Passed,26.0,Team Alpha,
BATCH-01929,2025-11-08,Plant 02,Line 4,Strada X,Morning,107,3,Paint,0,3,27.27,75.78,94.83,SUP-01,Interior,Review,23.1,Team Gamma,
BATCH-01677,2025-09-22,Plant 02,Line 1,Veloce S,Night,95,4,Paint,2,0,57.51,71.4,,SUP-11,Braking,Failed,24.3,Team Beta,
BATCH-00125,2025-09-05,Plant 02,Line 3,Aquila GT,Morning,112,2,Interior,2,0,15.32,86.3,97.03,SUP-10,Body,Passed,22.7,Team Gamma,Production line calibration completed.
BATCH-01158,2025-05-10,Plant 02,Line 3,Eterna,Afternoon,68,2,Dimensional,0,2,39.07,93.98,93.58,SUP-03,Suspension,Review,21.1,Team Alpha,
BATCH-01330,2025-04-02,Plant 01,Line 3,Veloce S,Night,67,3,Paint,3,0,40.94,81.38,90.38,SUP-01,Interior,Failed,22.5,Team Gamma,
BATCH-01730,2025-02-19,Plant 02,Line 2,Eterna,Night,81,3,Assembly,1,2,22.0,107.13,95.2,SUP-03,Powertrain,Review,25.2,Team Delta,
BATCH-01101,2025-01-05,Plant 01,Line 3,Aquila GT,Morning,108,2,Interior,2,0,68.25,67.01,95.72,SUP-10,Interior,Passed,21.7,Team Beta,
BATCH-00595,2025-08-16,Plant 01,Line 1,Strada X,Morning,86,4,Mechanical,3,0,46.71,95.91,88.89,SUP-07,Braking,Failed,25.7,Team Gamma,Minor process adjustment performed.
BATCH-00243,2025-10-05,Plant 01,Line 2,Aquila GT,Afternoon,55,1,Mechanical,1,0,26.11,85.25,96.0,SUP-03,Suspension,Passed,21.3,Team Alpha,
BATCH-01494,2025-11-14,Plant 02,Line 3,Eterna,Afternoon,74,4,Mechanical,3,0,8.36,78.58,92.33,SUP-10,Suspension,Failed,22.2,Team Delta,Minor process adjustment performed.
BATCH-00149,2025-01-02,Plant 02,Line 4,Veloce S,Night,111,2,Paint,1,0,20.5,94.34,95.97,SUP-03,Electronics,Passed,22.6,Team Beta,Supplier component verification required.
BATCH-01817,2025-10-22,Plant 02,Line 3,Eterna,Afternoon,52,2,Paint,1,1,17.71,79.2,95.75,SUP-12,Powertrain,Review,24.8,Team Beta,
BATCH-01364,2025-01-22,Plant 01,Line 2,Strada X,Afternoon,67,1,Paint,1,0,11.47,72.75,98.23,SUP-07,Body,Passed,19.9,Team Alpha,Production line calibration completed.
BATCH-01082,2025-06-15,Plant 01,Line 4,Veloce S,Afternoon,65,1,Paint,0,1,48.55,84.21,96.4,SUP-05,Powertrain,Passed,22.9,Team Gamma,
BATCH-01633,2025-11-24,Plant 02,Line 2,Eterna,Morning,101,1,Assembly,1,0,0.0,89.0,95.78,SUP-03,Body,Passed,24.8,Team Beta,
BATCH-01019,2025-10-29,Plant 01,Line 3,Aquila GT,Afternoon,82,0,None,0,0,38.44,85.31,98.1,SUP-11,Body,Passed,22.6,Team Delta,Minor process adjustment performed.
BATCH-00405,2025-11-06,Plant 01,Line 4,Eterna,Morning,94,1,Paint,1,0,42.6,85.06,96.81,SUP-10,Braking,Passed,21.7,Team Gamma,
BATCH-00292,2025-07-20,Plant 02,Line 3,Aquila GT,Morning,51,0,None,0,0,3.54,91.67,99.98,SUP-10,Braking,Passed,21.0,Team Alpha,Production line calibration completed.
BATCH-01868,2025-06-11,Plant 02,Line 1,Eterna,Night,102,2,Electronics,1,0,47.19,87.07,96.39,SUP-01,Interior,Passed,23.3,Team Gamma,Production line calibration completed.
BATCH-00959,2025-05-30,Plant 02,Line 3,Strada X,Morning,75,3,Mechanical,3,0,45.12,66.3,112.86,SUP-06,Body,Review,23.0,Team Alpha,Production line calibration completed.
BATCH-00873,2025-10-18,Plant 01,Line 3,Strada X,Morning,112,7,Paint,0,1,34.02,88.63,89.02,SUP-01,Braking,Failed,22.1,Team Gamma,
BATCH-00422,2025-04-23,Plant 02,Line 3,Eterna,Morning,108,6,Interior,5,1,19.1,86.78,93.24,SUP-09,Electronics,Failed,22.4,Team Beta,Production line calibration completed.
BATCH-01947,2025-09-29,Plant 01,Line 4,Aquila GT,Morning,112,0,None,0,0,19.32,76.91,99.4,SUP-03,Interior,Passed,23.3,Team Alpha,Minor process adjustment performed.
BATCH-00676,2025-08-01,Plant 02,Line 2,Veloce S,Night,109,2,Paint,1,0,34.78,72.53,97.66,SUP-03,Electronics,Passed,21.6,Team Alpha,Minor process adjustment performed.
BATCH-00992,2025-04-10,Plant 01,Line 1,Eterna,Afternoon,101,1,Mechanical,1,0,9.8,90.0,98.39,SUP-01,Interior,Passed,22.2,Team Beta,Supplier component verification required.
BATCH-00437,2025-03-30,Plant 01,Line 3,Veloce S,Morning,53,1,Interior,0,1,36.88,87.15,96.35,SUP-01,Braking,Passed,21.0,Team Gamma,
BATCH-01449,2025-01-04,Plant 01,Line 2,Strada X,Night,72,1,Mechanical,0,0,39.24,86.37,94.38,SUP-12,Powertrain,Passed,21.9,Team Beta,
BATCH-01092,2025-07-15,Plant 02,Line 4,Strada X,Morning,93,1,Mechanical,1,0,16.95,94.73,98.94,SUP-04,Suspension,Passed,23.3,Team Alpha,
BATCH-00654,2025-06-17,Plant 01,Line 2,Veloce S,Afternoon,67,1,Assembly,0,0,34.37,95.15,94.57,SUP-10,Suspension,Passed,22.8,Team Gamma,
BATCH-01013,2025-02-10,Plant 01,Line 3,Aquila GT,Morning,105,3,Mechanical,2,0,13.06,90.75,96.59,SUP-08,Powertrain,Review,26.5,Team Beta,Minor process adjustment performed.
BATCH-01851,2025-11-15,Plant 01,Line 1,Eterna,Morning,75,1,Dimensional,0,1,35.91,75.39,97.31,SUP-12,Interior,Passed,27.0,Team Gamma,Supplier component verification required.
BATCH-01767,2025-03-24,Plant 01,Line 2,Aquila GT,Morning,84,4,Dimensional,2,0,64.06,78.91,89.45,SUP-01,Electronics,Failed,19.6,Team Gamma,Routine quality inspection completed.
BATCH-00083,05-17-2025,Plant 01,Line 4,Eterna,Morning,113,3,Paint,2,0,11.36,76.74,95.27,SUP-05,Braking,Review,21.6,Team Alpha,
BATCH-01674,2025-11-03,Plant 02,Line 2,Veloce S,Night,48,1,Electronics,0,1,59.18,72.83,94.16,SUP-02,Body,Passed,20.7,Team Delta,
BATCH-00762,2025-09-07,Plant 01,Line 1,Eterna,Night,77,2,Paint,0,1,43.23,93.9,95.45,SUP-02,Braking,Review,22.2,Team Alpha,Routine quality inspection completed.
BATCH-01015,2025-11-11,Plant 01,Line 2,Veloce S,Morning,101,1,Dimensional,0,0,25.19,72.92,97.61,SUP-12,Braking,Passed,22.1,Team Alpha,Routine quality inspection completed.
BATCH-00726,2025-11-03,Plant 02,Line 3,Eterna,Night,48,2,Dimensional,0,1,38.91,88.34,93.36,SUP-06,Electronics,Failed,21.8,Team Delta,
BATCH-00901,2025-08-26,Plant 02,Line 4,Veloce S,Morning,58,2,Paint,0,1,16.63,77.94,95.0,SUP-03,Suspension,Review,21.9,Team Delta,Production line calibration completed.
BATCH-00030,2025-04-26,Plant 01,Line 1,Eterna,Morning,70,2,Dimensional,1,1,43.61,88.12,95.62,,Braking,Review,20.1,Team Delta,
BATCH-00308,2025-08-24,Plant 01,Line 2,Eterna,Night,116,3,Electronics,0,0,55.36,87.03,96.8,SUP-03,Interior,Review,25.4,Team Gamma,
BATCH-00983,2025-09-07,Plant 02,Line 4,Veloce S,Morning,55,0,None,0,0,34.29,65.25,98.89,SUP-10,Electronics,Passed,24.5,Team Beta,
BATCH-01109,2025-06-21,Plant 02,Line 2,Strada X,Afternoon,57,0,None,0,0,18.94,63.43,96.85,SUP-05,Powertrain,Passed,23.2,Team Delta,
BATCH-00059,2025-10-11,Plant 01,Line 1,Veloce S,Morning,93,2,Interior,2,0,44.72,95.34,97.79,SUP-11,Braking,Passed,21.1,Team Alpha,Supplier component verification required.
BATCH-00070,2025-08-24,Plant 02,Line 1,Strada X,Morning,103,1,Mechanical,0,1,26.2,81.79,97.73,SUP-01,Body,Passed,23.4,Team Delta,Routine quality inspection completed.
BATCH-00135,2025-06-14,Plant 02,Line 4,Veloce S,Afternoon,81,4,Assembly,4,0,40.84,93.31,91.0,SUP-08,Braking,Failed,24.5,Team Delta,
BATCH-01521,2025-03-23,Plant 02,Line 3,Veloce S,Afternoon,60,0,None,0,0,24.74,89.18,98.88,SUP-01,Interior,Passed,21.6,Team Delta,
BATCH-01125,2025-05-12,Plant 02,Line 2,Veloce S,Afternoon,104,0,None,0,0,55.67,92.68,96.45,SUP-05,Body,Passed,22.8,Team Beta,
BATCH-00280,2025-08-10,Plant 01,Line 1,Eterna,Morning,53,0,None,0,0,26.49,82.79,97.38,SUP-09,Interior,Passed,22.3,Team Beta,
BATCH-00336,2025-04-14,Plant 01,Line 3,Eterna,Night,104,2,Electronics,2,0,12.8,70.55,96.98,SUP-05,Body,Passed,23.8,Team Alpha,
BATCH-00391,2025-01-04,Plant 01,Line 2,Veloce S,Night,116,2,Assembly,1,0,62.94,96.55,97.42,SUP-05,Powertrain,Passed,21.3,Team Alpha,Production line calibration completed.
BATCH-00603,2025-01-12,Plant 01,Line 1,Veloce S,Morning,108,1,Assembly,0,1,56.11,76.53,97.43,SUP-03,Electronics,Passed,20.6,Team Alpha,
BATCH-00678,2025-12-05,Plant 02,Line 2,Strada X,Afternoon,70,3,Dimensional,2,0,52.0,72.57,93.23,SUP-11,Electronics,Failed,23.6,Team Gamma,Minor process adjustment performed.
BATCH-01729,2025-11-10,Plant 02,Line 1,Strada X,Morning,88,1,Assembly,1,0,40.98,81.21,97.0,SUP-05,Powertrain,Passed,22.3,Team Delta,Supplier component verification required.
BATCH-00006,2025-02-01,Plant 01,Line 3,Veloce S,Morning,50,1,Mechanical,0,1,22.27,68.77,94.79,SUP-03,Body,Passed,24.0,Team Delta,Supplier component verification required.
BATCH-01945,2025-10-11,Plant 02,Line 3,Strada X,Night,80,2,Electronics,1,0,22.01,87.92,93.71,SUP-08,Suspension,Review,22.5,Team Gamma,Production line calibration completed.
BATCH-00270,2025-09-03,Plant 01,Line 1,Strada X,Night,84,2,Mechanical,0,2,15.12,80.2,93.87,SUP-12 ,Powertrain,Review,21.2,Team Alpha,
BATCH-01671,2025-04-26,Plant 02,Line 4,Veloce S,Night,120,3,Dimensional,0,1,26.52,81.59,95.04,SUP-01,Suspension,Passed,21.6,Team Gamma,Production line calibration completed.
BATCH-01811,2025-06-04,Plant 01,Line 4,Veloce S,Night,88,1,Mechanical,1,0,55.99,86.78,95.29,SUP-06,Electronics,Passed,23.7,Team Delta,
BATCH-01227,2025-10-19,Plant 02,Line 4,Aquila GT,Afternoon,46,0,None,0,0,5.51,97.43,100,SUP-03,Electronics,Passed,21.6,Team Beta,
BATCH-01407,2025-11-18,Plant 02,Line 3,Veloce S,Night,72,4,Paint,4,0,30.2,84.77,92.1,SUP-11,Electronics,Failed,20.3,Team Delta,Production line calibration completed.
BATCH-00450,2025-09-20,Plant 01,Line 3,Veloce S,Night,63,1,Assembly,0,0,35.57,83.83,95.56,SUP-10,Interior,Passed,21.0,Team Gamma,Minor process adjustment performed.
BATCH-00679,2025-07-02,Plant 02,Line 4,Veloce S,Afternoon,75,6,Electronics,0,6,18.62,83.51,90.77,SUP-03,Electronics,Failed,22.9,Team Beta,
BATCH-01530,2025-07-23,Plant 01,Line 4,Veloce S,Afternoon,90,1,Electronics,1,0,16.73,91.91,95.94,SUP-06,Braking,Passed,20.5,Team Gamma,
BATCH-01915,2025-05-25,Plant 01,Line 3,Aquila GT,Morning,95,6,Paint,3,1,26.93,92.58,87.6,SUP-11,Suspension,Failed,22.4,Team Alpha,Routine quality inspection completed.
BATCH-00350,2025-01-19,Plant 01,Line 4,Aquila GT,Night,63,2,Dimensional,0,2,0.0,80.9,95.14,SUP-03,Body,Review,22.8,Team Beta,Production line calibration completed.
BATCH-00168,2025-05-23,Plant 02,Line 2,Veloce S,Night,59,3,Electronics,1,2,28.45,84.7,91.56,SUP-02,Powertrain,Failed,23.3,Team Delta,Production line calibration completed.
BATCH-00021,2025-01-08,Plant 01,Line 4,Eterna,Night,76,0,None,0,0,22.37,78.29,99.29,SUP-07,Powertrain,Passed,21.5,Team Beta,
BATCH-00044,2025-10-20,Plant 01,Line 1,Strada X,Morning,73,2,Assembly,0,1,23.0,73.73,95.73,SUP-07,Suspension,Review,21.1,Team Beta,
BATCH-01512,2025-08-27,Plant 02,Line 1,Veloce S,Night,56,1,Mechanical,0,0,41.92,103.72,93.47,SUP-11,Braking,Review,21.2,Team Gamma,Production line calibration completed.
BATCH-01574,2025-08-16,Plant 01,Line 3,Strada X,Afternoon,68,2,Electronics,0,1,31.03,77.48,105.33,SUP-03,Suspension,Review,17.1,Team Alpha,
BATCH-00497,2025-06-22,Plant 01,Line 4,Veloce S,Morning,96,3,Dimensional,1,2,18.1,66.11,95.21,SUP-01,Suspension,Review,20.4,Team Delta,Supplier component verification required.
BATCH-00031,2025-07-18,Plant 02,Line 1,Strada X,Morning,58,0,None,0,0,0.0,75.84,97.71,SUP-06,Electronics,Passed,21.0,Team Delta,
BATCH-01931,2025-09-16,Plant 02,Line 1,Aquila GT,Afternoon,55,0,None,0,0,40.09,84.72,98.62,SUP-10,Powertrain,Passed,21.3,Team Alpha,
BATCH-00917,2025-05-23,Plant 01,Line 1,Eterna,Morning,82,1,Electronics,1,0,23.51,78.23,97.53,SUP-03,Powertrain,Passed,23.3,Team Alpha,Supplier component verification required.
BATCH-01432,2025-05-06,Plant 02,Line 2,Veloce S,Morning,119,1,Electronics,1,0,37.71,81.47,95.41,SUP-01,Body,Passed,23.6,Team Alpha,Supplier component verification required.
BATCH-00789,2025-12-21,Plant 01,Line 4,Veloce S,Afternoon,87,2,Paint,2,0,18.45,70.3,95.57,SUP-05,Body,Passed,26.2,Team Alpha,
BATCH-01806,2025-08-17,Plant 01,Line 3,Veloce S,Night,115,4,Interior,0,2,,80.28,93.59,SUP-07,Braking,Review,18.8,Team Alpha,
BATCH-01020,2025-11-25,Plant 02,Line 4,Strada X,Afternoon,112,2,Electronics,0,1,31.94,98.26,95.64,SUP-07,Suspension,Passed,26.9,Team Beta,
BATCH-01824,2025-11-20,Plant 01,Line 1,Eterna,Night,88,2,Interior,0,0,9.83,87.12,95.97,SUP-06,Interior,Passed,24.2,Team Beta,
BATCH-01233,2025-07-04,Plant 01,Line 3,Strada X,Morning,95,1,Paint,0,1,28.91,87.98,97.14,SUP-08,Interior,Passed,25.0,Team Gamma,
BATCH-01747,2025-09-06,Plant 01,Line 4,Veloce S,Morning,89,2,Interior,2,0,23.02,81.44,94.5,SUP-08,Powertrain,Passed,20.9,Team Gamma,
BATCH-00702,2025-09-26,Plant 01,Line 1,Eterna,Afternoon,87,1,Electronics,1,0,20.35,69.12,97.74,SUP-03,Braking,Passed,21.4,Team Alpha,
BATCH-00653,2025-08-19,Plant 01,Line 2,Aquila GT,Morning,74,4,Dimensional,2,0,12.05,73.32,91.52,SUP-12,Electronics,Failed,22.3,Team Delta,Minor process adjustment performed.
BATCH-01528,2025-04-21,Plant 02,Line 1,Aquila GT,Night,83,3,Mechanical,0,3,8.57,77.87,94.9,SUP-09,Electronics,Review,22.6,Team Delta,Production line calibration completed.
BATCH-01346,2025-08-13,Plant 02,Line 4,Eterna,Morning,120,3,Interior,3,0,40.76,68.66,95.28,SUP-11,Suspension,Passed,22.4,Team Alpha,
BATCH-00605,2025-10-16,Plant 01,Line 4,Veloce S,Night,96,2,Electronics,2,0,37.94,77.36,97.46,SUP-02,Powertrain,Passed,22.8,Team Gamma,
BATCH-00529,2025-10-10,Plant 02,Line 2,Veloce S,Morning,66,0,None,0,0,53.65,76.33,99.39,SUP-12,Body,Passed,20.4,Team Gamma,Minor process adjustment performed.
BATCH-00380,2025-10-11,Plant 01,Line 3,Veloce S,Afternoon,74,2,Dimensional,2,0,25.16,65.4,95.34,SUP-07,Powertrain,Review,21.5,Team Alpha,Production line calibration completed.
BATCH-01662,2025-08-24,Plant 01,Line 3,Strada X,Afternoon,74,1,Assembly,1,0,30.35,96.1,95.95,SUP-10,Braking,Passed,23.4,Team Gamma,
BATCH-00018,2025-10-26,Plant 02,Line 3,Aquila GT,Afternoon,115,1,Mechanical,1,0,33.03,74.66,95.91,SUP-04,Suspension,Passed,24.9,Team Alpha,Production line calibration completed.
BATCH-01379,2025-07-24,Plant 02,Line 1,Aquila GT,Morning,55,1,Mechanical,0,1,31.48,86.75,96.49,SUP-09,Body,Passed,21.9,Team Gamma,Supplier component verification required.
BATCH-01069,2025-01-27,Plant 01,Line 1,Aquila GT,Afternoon,46,5,Assembly,3,1,7.6,84.26,83.29,SUP-11,Braking,Failed,24.1,Team Alpha,
BATCH-01880,2025-07-11,Plant 01,Line 4,Aquila GT,Night,85,1,Paint,0,1,0.0,98.47,95.53,SUP-11,Interior,Passed,22.1,Team Beta,
BATCH-01913,2025-04-24,Plant 01,Line 4,Aquila GT,Night,76,2,Electronics,1,1,18.41,81.14,94.85,SUP-10,Suspension,Review,24.1,Team Alpha,Minor process adjustment performed.
BATCH-01200,2025-04-23,Plant 02,Line 1,Eterna,Afternoon,56,2,Paint,0,2,8.89,95.29,94.36,SUP-10,Body,Review,22.2,Team Alpha,
BATCH-00551,2025-03-26,Plant 01,Line 3,Aquila GT,Morning,61,4,Assembly,4,0,12.04,74.05,92.86,SUP-03,Braking,Failed,21.3,Team Alpha,Production line calibration completed.
BATCH-01270,2025-10-19,Plant 02,Line 2,Strada X,Morning,73,0,None,0,0,51.67,78.45,97.5,SUP-06,Suspension,Passed,23.0,Team Gamma,
BATCH-01968,2025-06-30,Plant 02,Line 3,Eterna,Morning,113,5,Assembly,0,1,44.66,67.41,92.01,SUP-01,Interior,Failed,21.5,Team Alpha,
BATCH-01740,2025-01-08,Plant 02,Line 1,Eterna,Morning,88,2,Dimensional,0,1,18.9,78.91,95.41,SUP-03,Powertrain,Passed,21.2,Team Alpha,
BATCH-01459,2025-01-29,Plant 01,Line 1,Veloce S,Night,90,5,Paint,1,0,25.26,83.13,87.97,SUP-03,Electronics,Failed,21.6,Team Alpha,
BATCH-00202,2025-01-04,Plant 01,Line 1,Eterna,Morning,88,3,Assembly,0,1,32.6,86.66,94.97,SUP-08,Body,Review,22.1,Team Beta,Minor process adjustment performed.
BATCH-00962,2025-11-19,Plant 02,Line 3,Aquila GT,Night,106,4,Paint,4,0,7.76,76.13,93.55,SUP-03,Powertrain,Review,24.6,Team Gamma,Production line calibration completed.
BATCH-01726,2025-01-19,Plant 02,Line 3,Eterna,Afternoon,83,1,Dimensional,1,0,58.02,71.37,95.67,SUP-06,Electronics,Passed,19.2,Team Beta,Routine quality inspection completed.
BATCH-00090,2025-06-25,Plant 02,Line 2,Veloce S,Morning,49,1,Interior,0,0,34.48,91.16,98.02,SUP-03,Interior,Passed,25.5,Team Delta,
BATCH-01744,2025-09-21,Plant 02,Line 1,Aquila GT,Morning,83,3,Interior,1,1,47.22,98.17,93.65,SUP-11,Interior,Review,19.4,Team Alpha,
BATCH-01443,2025-01-28,Plant 01,Line 2,Eterna,Night,80,3,Paint,0,1,22.21,87.7,92.53,SUP-12,Electronics,Review,24.4,Team Alpha,Minor process adjustment performed.
BATCH-01451,2025-08-18,Plant 01,Line 3,Veloce S,Morning,81,2,Interior,0,0,39.45,93.9,95.8,SUP-09,Interior,Passed,23.6,Team Gamma,
BATCH-00982,2025-02-09,Plant 02,Line 2,Veloce S,Afternoon,107,2,Mechanical,1,1,20.7,86.17,95.67,SUP-02,Electronics,Passed,23.8,Team Delta,
BATCH-01039,2025-08-09,Plant 02,Line 2,Veloce S,Afternoon,68,2,Mechanical,0,1,38.17,85.01,94.78,SUP-12,Electronics,Review,28.3,Team Alpha,Routine quality inspection completed.
BATCH-00555,2025-09-29,Plant 02,Line 2,Aquila GT,Morning,50,1,Dimensional,0,0,39.76,90.06,95.6,SUP-12,Electronics,Passed,22.1,Team Gamma,Production line calibration completed.
BATCH-01165,2025-08-30,Plant 01,Line 2,Strada X,Night,103,2,Mechanical,2,0,7.04,89.36,97.17,SUP-05,Braking,Passed,19.2,Team Gamma,Routine quality inspection completed.
BATCH-01820,2025-01-05,Plant 02,Line 4,Strada X,Afternoon,103,1,Dimensional,0,1,24.16,64.56,97.75,SUP-04,Powertrain,Passed,22.8,Team Gamma,
BATCH-01195,2025-12-11,Plant 02,Line 4,Veloce S,Morning,79,2,Electronics,1,1,12.19,74.36,94.06,SUP-02,Body,Review,21.4,Team Gamma,
BATCH-00394,2025-04-15,Plant 02,Line 2,Strada X,Afternoon,100,1,Mechanical,0,1,25.54,80.86,95.16,SUP-06,Interior,Passed,24.0,Team Alpha,
BATCH-00796,2025-04-14,Plant 02,Line 4,Veloce S,Afternoon,72,3,Interior,3,0,33.71,82.03,94.92,SUP-09,Electronics,Failed,22.9,Team Beta,Routine quality inspection completed.
BATCH-00754,2025-12-10,Plant 02,Line 3,Eterna,Morning,105,3,Assembly,1,1,36.47,69.08,94.79,SUP-06,Suspension,Review,23.5,Team Gamma,Supplier component verification required.
BATCH-01678,2025-05-27,Plant 01,Line 2,Aquila GT,Night,70,3,Assembly,2,0,51.4,84.06,92.35,SUP-01,Electronics,Failed,25.6,Team Gamma,
BATCH-00187,2025-03-02,Plant 01,Line 2,Veloce S,Morning,110,1,Assembly,0,0,17.36,72.76,97.34,SUP-11,Braking,Passed,22.7,Team Beta,Supplier component verification required.
BATCH-01685,2025-07-06,Plant 01,Line 4,Eterna,Afternoon,90,2,Electronics,0,1,9.46,76.23,95.35,SUP-01,Suspension,Passed,21.9,Team Delta,
BATCH-00552,2025-03-15,Plant 02,Line 3,Veloce S,Night,50,2,Electronics,1,0,44.52,80.48,91.92,SUP-11,Powertrain,Review,18.6,Team Alpha,Minor process adjustment performed.
BATCH-00647,2025-10-22,Plant 02,Line 2,Aquila GT,Night,111,3,Dimensional,3,0,37.5,72.86,92.74,SUP-01,Powertrain,Review,25.0,Team Delta,Minor process adjustment performed.
BATCH-01369,2025-01-07,Plant 02,Line 2,Veloce S,Morning,78,1,Dimensional,0,1,51.14,91.0,99.58,SUP-04,Interior,Passed,19.2,Team Alpha,
BATCH-00498,2025-08-10,Plant 02,Line 2,Aquila GT,Night,115,3,Paint,1,1,39.29,96.96,96.07,SUP-02,Braking,Review,22.2,Team Alpha,
BATCH-01517,2025-10-30,Plant 02,Line 1,Eterna,Afternoon,67,1,Electronics,0,0,0.0,92.79,96.16,SUP-07,Body,Passed,27.1,Team Delta,Supplier component verification required.
BATCH-00143,2025-06-23,Plant 01,Line 1,Veloce S,Night,76,2,Mechanical,2,0,31.34,74.31,95.22,SUP-04,Powertrain,Review,24.3,Team Delta,Production line calibration completed.
BATCH-01686,2025-12-30,Plant 01,Line 4,Eterna,Morning,106,4,Assembly,2,1,5.57,67.9,95.44,SUP-02,Electronics,Review,17.6,Team Gamma,Production line calibration completed.
BATCH-00078,2025-03-10,Plant 01,Line 3,Veloce S,Night,104,3,Paint,3,0,37.15,92.91,95.11,SUP-08,Suspension,Review,21.1,Team Gamma,Production line calibration completed.
BATCH-01232,2025-09-18,Plant 01,Line 1,Veloce S,Morning,118,3,Paint,0,1,6.0,67.14,97.65,SUP-07,Body,Review,25.8,Team Alpha,Production line calibration completed.
BATCH-01759,2025-03-22,Plant 01,Line 3,Strada X,Afternoon,53,0,None,0,0,5.52,75.55,100,SUP-07,Suspension,Passed,26.0,Team Alpha,
BATCH-00743,2025-05-28,Plant 01,Line 3,Eterna,Afternoon,114,3,Assembly,0,0,49.09,96.92,94.87,SUP-05,Suspension,Review,21.7,Team Alpha,
BATCH-01525,2025-12-23,Plant 01,Line 3,Eterna,Afternoon,118,6,Dimensional,0,5,44.31,85.77,93.76,SUP-04,Electronics,Failed,22.7,Team Beta,Supplier component verification required.
BATCH-00139,2025-04-07,Plant 02,Line 1,Strada X,Afternoon,92,0,None,0,0,58.45,78.56,97.64,SUP-01,Powertrain,Passed,22.5,Team Delta,Production line calibration completed.
BATCH-00432,2025-11-29,Plant 02,Line 4,Eterna,Afternoon,85,0,None,0,0,26.27,88.07,98.31,SUP-05,Suspension,Passed,22.4,Team Beta,
BATCH-01615,2025-02-14,Plant 02,Line 3,Aquila GT,Night,78,1,Dimensional,0,1,40.06,88.71,96.38,SUP-02,Powertrain,Passed,19.1,Team Gamma,
BATCH-00501,2025-03-31,Plant 02,Line 4,Veloce S,Afternoon,94,4,Assembly,2,1,24.64,74.7,94.6,SUP-09,Interior,Failed,23.1,Team Gamma,Routine quality inspection completed.
BATCH-01398,2025-12-14,Plant 02,Line 1,Aquila GT,Afternoon,95,1,Dimensional,0,1,23.13,84.76,97.55,SUP-12,Suspension,Passed,24.1,Team Gamma,Supplier component verification required.
BATCH-01244,2025-03-28,Plant 02,Line 4,Eterna,Afternoon,66,1,Electronics,1,0,19.27,73.61,95.94,SUP-04,Body,Passed,23.8,Team Gamma,
BATCH-01636,2025-07-12,Plant 02,Line 3,Strada X,night,67,3,Mechanical,3,0,40.22,83.04,91.41,SUP-08,Body,Failed,19.6,Team Delta,Routine quality inspection completed.
BATCH-01783,2025-10-11,Plant 02,Line 3,Veloce S,Afternoon,109,1,Assembly,0,1,30.18,70.61,96.76,SUP-01,Powertrain,Passed,23.6,Team Alpha,Minor process adjustment performed.
BATCH-01701,2025-04-19,Plant 02,Line 3,Eterna,Afternoon,86,6,Electronics,6,0,37.32,80.76,88.41,SUP-12,Body,Failed,17.3,Team Alpha,
BATCH-01064,2025-06-22,Plant 01,Line 2,Strada X,Morning,118,1,Paint,1,0,23.73,93.1,96.97,SUP-06,Body,Passed,21.3,Team Delta,
BATCH-00252,2025-02-08,Plant 01,Line 4,Eterna,Afternoon,97,2,Dimensional,2,0,30.05,79.09,94.87,SUP-02,Braking,Passed,21.6,Team Delta,Minor process adjustment performed.
BATCH-01084,2025-01-27,Plant 02,Line 4,Eterna,Afternoon,73,1,Mechanical,1,0,27.02,87.11,97.08,SUP-03,Powertrain,Passed,22.9,Team Gamma,
BATCH-00950,2025-04-15,Plant 02,Line 3,Aquila GT,Night,57,3,Paint,1,2,54.67,80.93,91.08,SUP-04,Electronics,Failed,23.2,Team Beta,Production line calibration completed.
BATCH-01228,2025-09-10,Plant 01,Line 4,Veloce S,Morning,110,2,Mechanical,1,1,33.26,81.16,94.98,SUP-08,Body,Passed,21.0,Team Beta,
BATCH-00771,2025-07-03,Plant 01,Line 2,Strada X,Afternoon,102,1,Electronics,0,1,25.82,69.94,96.07,SUP-02,Interior,Passed,22.4,Team Beta,
BATCH-00861,2025-10-29,Plant 01,Line 4,Eterna,Afternoon,47,1,Interior,1,0,38.71,78.0,94.87,SUP-10,Electronics,Passed,25.0,Team Alpha,Supplier component verification required.
BATCH-00493,2025-07-17,Plant 02,Line 4,Aquila GT,Night,116,3,Electronics,1,0,25.88,83.79,97.95,SUP-12,Interior,Review,23.5,Team Gamma,Minor process adjustment performed.
BATCH-00101,2025-02-23,Plant 02,Line 4,Veloce S,Afternoon,111,3,Assembly,0,0,51.13,82.0,94.87,SUP-11,Powertrain,Review,23.2,Team Alpha,Production line calibration completed.
BATCH-01420,2025-08-21,Plant 02,Line 3,Strada X,Night,90,1,Assembly,0,0,43.86,84.1,97.45,SUP-10,Suspension,Passed,20.9,Team Gamma,Minor process adjustment performed.
BATCH-00921,2025-04-29,Plant 02,Line 2,Aquila GT,Afternoon,114,0,None,0,0,18.16,83.86,100,SUP-01,Suspension,Passed,23.3,Team Gamma,
BATCH-00329,2025-11-29,Plant 01,Line 2,Aquila GT,Afternoon,57,0,None,0,0,30.56,82.24,99.8,SUP-04,Braking,Passed,24.7,Team Alpha,
BATCH-00436,2025-09-02,Plant 01,Line 2,Eterna,Night,91,2,Assembly,2,0,74.37,95.21,96.16,SUP-11,Braking,Passed,23.7,Team Gamma,
BATCH-01397,2025-07-07,Plant 02,Line 3,Eterna,Afternoon,97,1,Interior,0,0,25.42,85.79,97.81,SUP-02,Braking,Passed,19.5,Team Beta,Minor process adjustment performed.
BATCH-00652,2025-07-08,Plant 02,Line 2,Aquila GT,Afternoon,59,0,None,0,0,24.65,80.16,100,SUP-04,Braking,Passed,21.6,Team Delta,Production line calibration completed.
BATCH-01231,2025-06-30,Plant 02,Line 4,Strada X,Morning,85,3,Assembly,3,0,12.91,90.27,94.24,SUP-03,Electronics,Review,24.1,Team Alpha,Production line calibration completed.
BATCH-01733,2025-05-15,Plant 01,Line 1,Aquila GT,Morning,117,3,Interior,1,2,18.6,539.46,94.47,SUP-12,Suspension,Review,26.1,Team Alpha,
BATCH-01215,2025-04-15,Plant 01,Line 3,Aquila GT,Morning,47,2,Interior,0,2,40.43,630.39,91.62,SUP-01,Interior,Failed,24.0,Team Gamma,
BATCH-01774,2025-12-21,Plant 01,Line 1,Eterna,Morning,75,1,Electronics,1,0,37.74,80.74,95.77,SUP-11,Braking,Passed,22.0,Team Delta,Routine quality inspection completed.
BATCH-00014,2025-12-03,Plant 01,Line 4,Strada X,Morning,86,0,None,0,0,17.57,92.09,97.87,SUP-07,Body,Passed,23.6,Team Gamma,
BATCH-00938,2025-07-27,Plant 01,Line 2,Aquila GT,Night,114,3,Electronics,2,0,37.89,75.77,94.0,SUP-04,Electronics,Review,20.3,Team Gamma,Minor process adjustment performed.
BATCH-00076,18/02/2025,Plant 02,Line 4,Aquila GT,Afternoon,90,5,Mechanical,0,2,15.6,81.18,93.4,SUP-07,Braking,Failed,23.8,Team Alpha,
BATCH-01625,2025-07-12,Plant 02,Line 3,Strada X,Night,98,3,Paint,3,0,31.55,92.22,93.74,SUP-12,Body,Review,23.6,Team Delta,Minor process adjustment performed.
BATCH-01206,2025-12-27,Plant 02,Line 2,Veloce S,Morning,84,3,Mechanical,2,0,0.0,95.75,93.65,SUP-07,Body,Review,20.8,Team Gamma,Supplier component verification required.
BATCH-01655,2025-11-21,Plant 01,Line 2,Eterna,Afternoon,70,0,None,0,0,27.0,76.96,98.87,SUP-02,Powertrain,Passed,23.9,Team Gamma,Routine quality inspection completed.
BATCH-01535,2025-05-23,Plant 02,Line 2,Veloce S,Morning,99,5,Mechanical,2,0,18.61,84.05,92.54,SUP-07,Body,Failed,25.6,Team Beta,Routine quality inspection completed.
BATCH-01460,2025-04-18,Plant 01,Line 3,Veloce S,Night,77,1,Interior,1,0,32.57,72.72,98.05,SUP-01,Body,Passed,25.5,Team Alpha,Production line calibration completed.
BATCH-00384,2025-11-03,Plant 01,Line 2,Veloce S,Morning,58,0,None,0,0,32.4,102.37,98.75,SUP-04,Electronics,Passed,20.9,Team Alpha,
BATCH-00526,2025-06-09,Plant 01,Line 3,Veloce S,Morning,69,1,Electronics,1,0,11.8,73.6,94.89,SUP-11,Suspension,Passed,23.4,Team Gamma,
BATCH-01832,2025-08-06,Plant 01,Line 4,Aquila GT,Afternoon,81,1,Mechanical,0,0,10.88,93.08,98.33,SUP-11,Suspension,Passed,25.7,Team Alpha,Supplier component verification required.
BATCH-00353,2025-01-19,Plant 02,Line 3,Aquila GT,Morning,60,2,Mechanical,0,0,10.76,76.97,95.92,SUP-05,Interior,Review,22.3,Team Beta,Minor process adjustment performed.
BATCH-01344,2025-07-14,Plant 01,Line 1,Strada X,Night,82,6,Mechanical,6,0,37.81,77.12,87.33,SUP-03,Electronics,Failed,19.6,Team Gamma,Minor process adjustment performed.
BATCH-00816,2025-08-06,Plant 02,Line 3,Eterna,Afternoon,113,1,Dimensional,1,0,49.4,80.97,98.6,SUP-01,Electronics,Passed,21.5,Team Delta,Minor process adjustment performed.
BATCH-00701,2025-09-07,Plant 01,Line 4,Aquila GT,Night,54,0,None,0,0,16.66,98.13,98.52,SUP-06,Electronics,Passed,19.5,Team Alpha,Routine quality inspection completed.
BATCH-01505,2025-11-21,Plant 02,Line 1,Eterna,Afternoon,82,0,None,0,0,23.76,77.11,99.39,SUP-01,Interior,Passed,22.0,Team Beta,Minor process adjustment performed.
BATCH-01102,2025-05-15,Plant 01,Line 4,Aquila GT,Morning,50,0,None,0,0,46.95,68.95,99.14,SUP-06,Body,Passed,23.8,Team Gamma,Supplier component verification required.
BATCH-00092,2025-08-06,Plant 02,Line 1,Aquila GT,Night,76,2,Mechanical,1,1,37.23,89.78,95.03,SUP-01,Powertrain,Review,20.5,Team Delta,Minor process adjustment performed.
BATCH-00993,2025-04-07,Plant 01,Line 1,Strada X,Night,119,3,Assembly,1,0,70.4,69.91,95.0,SUP-09,Body,Review,20.0,Team Delta,Minor process adjustment performed.
BATCH-00957,2025-04-13,Plant 01,Line 3,Aquila GT,Morning,48,1,Paint,1,0,36.3,87.01,96.94,SUP-03,Suspension,Passed,22.7,Team Gamma,Routine quality inspection completed.
BATCH-01162,2025-06-20,Plant 02,Line 1,Eterna,Afternoon,56,1,Dimensional,0,0,38.8,67.59,98.25,SUP-12,Braking,Passed,23.2,Team Delta,Supplier component verification required.
BATCH-01143,2025-02-02,Plant 02,Line 4,Strada X,Morning,55,1,Dimensional,1,0,45.48,81.42,93.75,SUP-12,Electronics,Review,23.7,Team Gamma,
BATCH-00410,2025-09-11,Plant 01,Line 1,Veloce S,Afternoon,109,2,Mechanical,2,0,2.11,93.7,96.85,SUP-09,Body,Passed,24.7,Team Delta,
BATCH-00340,2025-02-16,Plant 01,Line 2,Strada X,Night,86,0,None,0,0,4.16,76.05,97.22,SUP-01,Braking,Passed,20.0,Team Beta,
BATCH-01688,2025-09-12,Plant 02,Line 3,Veloce S,Afternoon,75,3,Mechanical,3,0,41.93,86.05,96.14,SUP-02,Body,Review,26.5,Team Alpha,Routine quality inspection completed.
BATCH-01342,2025-04-09,Plant 02,Line 4,Veloce S,Afternoon,80,1,Mechanical,1,0,40.26,80.34,96.34,SUP-10,Interior,Passed,21.8,Team Gamma,Routine quality inspection completed.
BATCH-00345,2025-07-02,Plant 02,Line 1,Eterna,Afternoon,120,5,Assembly,5,0,45.44,79.86,94.52,SUP-12,Suspension,Failed,22.8,Team Delta,Supplier component verification required.
BATCH-00052,2025-02-04,Plant 02,Line 2,Eterna,Morning,65,1,Mechanical,1,0,34.83,80.34,95.93,SUP-05,Electronics,Passed,24.5,Team Alpha,Routine quality inspection completed.
BATCH-00845,2025-03-13,Plant 02,Line 3,Eterna,Morning,108,0,None,0,0,35.03,68.14,99.44,SUP-12,Interior,Passed,23.0,Team Delta,Minor process adjustment performed.
BATCH-01241,2025-09-13,Plant 01,Line 3,Strada X,Morning,117,2,Dimensional,0,2,42.23,82.66,94.8,SUP-01,Body,Passed,21.2,Team Delta,
BATCH-01062,2025-01-10,Plant 01,Line 4,Aquila GT,Night,67,0,None,0,0,38.45,78.73,96.03,SUP-10,Body,Passed,23.4,Team Delta,
BATCH-00364,2025-08-03,Plant 02,Line 2,Veloce S,Morning,102,4,Paint,3,1,5.52,88.81,91.57,SUP-11,Electronics,Review,22.6,Team Gamma,Production line calibration completed.
BATCH-01697,2025-07-07,Plant 01,Line 3,Strada X,Morning,69,1,Mechanical,0,0,75.02,84.7,93.99,SUP-04,Electronics,Review,23.0,Team Beta,Minor process adjustment performed.
BATCH-00792,2025-12-28,Plant 02,Line 1,Veloce S,Afternoon,87,0,None,0,0,0.0,81.47,99.31,SUP-03,Interior,Passed,21.7,Team Beta,Minor process adjustment performed.
BATCH-00048,2025-06-28,Plant 02,Line 4,Veloce S,Night,115,4,Electronics,0,4,25.06,84.3,,SUP-11,Interior,Review,25.1,Team Delta,
BATCH-00706,2025-10-29,Plant 02,Line 1,Veloce S,Morning,107,2,Interior,2,0,15.61,75.69,96.13,SUP-06,Braking,Passed,26.9,Team Beta,Supplier component verification required.
BATCH-01814,2025-11-22,Plant 02,Line 3,Strada X,Night,54,3,Assembly,0,3,18.44,92.87,92.51,SUP-02,Interior,Failed,19.1,Team Delta,Minor process adjustment performed.
BATCH-00668,2025-07-14,Plant 02,Line 2,Veloce S,Night,115,1,Mechanical,1,0,29.3,82.07,95.95,SUP-09,Suspension,Passed,22.7,Team Alpha,Supplier component verification required.
BATCH-00639,2025-03-10,Plant 02,Line 2,Aquila GT,Afternoon,94,0,None,0,0,27.15,86.48,100,SUP-04,Interior,Passed,24.5,Team Alpha,
BATCH-01808,2025-01-23,Plant 02,Line 2,Aquila GT,Morning,64,0,None,0,0,39.31,78.23,98.58,SUP-04,Body,Passed,21.8,Team Delta,Production line calibration completed.
BATCH-01641,2025-02-01,Plant 02,Line 1,Veloce S,Night,85,0,None,0,0,39.3,89.01,97.08,SUP-04,Body,Passed,24.1,Team Gamma,Supplier component verification required.
BATCH-00952,2025-10-15,Plant 02,Line 3,Eterna,Afternoon,105,1,Mechanical,1,0,41.48,100.54,97.04,SUP-08,Suspension,Passed,20.6,Team Delta,Routine quality inspection completed.
BATCH-00286,2025-09-15,Plant 02,Line 1,Strada X,Afternoon,87,0,None,0,0,0.0,90.28,99.88,SUP-05,Electronics,Passed,19.9,Team Delta,Production line calibration completed.
BATCH-00618,2025-06-15,Plant 01,Line 4,Strada X,Afternoon,114,0,None,0,0,50.65,88.92,98.95,,Braking,Passed,18.8,Team Gamma,
BATCH-00451,2025-05-06,Plant 01,Line 1,Strada X,Morning,53,0,None,0,0,4.96,69.79,98.3,SUP-09,Suspension,Passed,22.4,Team Gamma,Minor process adjustment performed.
BATCH-00940,2025-12-11,Plant 02,Line 4,Aquila GT,Afternoon,50,1,Assembly,0,0,50.58,82.45,93.9,SUP-03,Powertrain,Review,19.1,Team Alpha,Production line calibration completed.
BATCH-00144,2025-05-16,Plant 02,Line 3,Strada X,Afternoon,96,2,Mechanical,1,1,52.6,75.66,94.55,SUP-11,Suspension,Passed,25.2,Team Alpha,
BATCH-01373,2025-06-08,Plant 02,Line 1,Strada X,Night,69,1,Dimensional,0,1,27.12,65.98,98.81,SUP-09,Braking,Passed,18.0,Team Alpha,Supplier component verification required.
BATCH-00165,2025-05-09,Plant 02,Line 2,Eterna,Night,114,4,Interior,0,3,34.8,84.76,94.44,SUP-07,Electronics,Review,22.4,Team Alpha,
BATCH-00561,2025-09-21,Plant 01,Line 1,Aquila GT,Morning,117,2,Assembly,0,2,27.28,71.98,96.37,SUP-02,Interior,Passed,19.9,Team Alpha,Routine quality inspection completed.
BATCH-01566,2025-11-04,Plant 02,Line 4,Veloce S,Morning,51,1,Mechanical,0,0,50.54,67.65,95.35,SUP-01,Suspension,Passed,24.4,Team Delta,
BATCH-00157,2025-01-18,Plant 01,Line 1,Strada X,Morning,67,0,None,0,0,32.36,79.49,99.28,SUP-01,Electronics,Passed,22.6,Team Delta,
BATCH-01321,2025-11-02,Plant 02,Line 2,Aquila GT,Night,119,2,Interior,1,0,13.63,83.94,95.13,SUP-06,Suspension,Passed,24.2,Team Beta,
BATCH-01132,2025-10-30,Plant 02,Line 3,Aquila GT,Night,57,4,Mechanical,1,2,44.88,78.16,88.9,SUP-06,Suspension,Failed,23.5,Team Delta,
BATCH-00697,2025-11-26,Plant 01,Line 2,Strada X,Morning,111,2,Interior,2,0,34.57,79.72,93.52,SUP-04,Electronics,Review,23.4,Team Gamma,
BATCH-01889,2025-08-31,Plant 02,Line 4,Eterna,Afternoon,92,1,Assembly,0,1,84.18,99.11,98.95,SUP-09,Electronics,Passed,27.0,Team Gamma,Minor process adjustment performed.
BATCH-00484,2025-07-17,Plant 02,Line 1,Aquila GT,Night,77,0,None,0,0,11.72,76.77,99.47,SUP-11,Braking,Passed,22.7,Team Alpha,
BATCH-01351,2025-02-08,Plant 02,Line 4,Aquila GT,Morning,118,4,Paint,3,0,25.08,73.5,93.44,SUP-08,Powertrain,Review,22.8,Team Delta,
BATCH-00313,2025-02-10,Plant 02,Line 3,Veloce S,Night,108,4,Dimensional,2,0,45.42,78.45,91.98,SUP-02,Interior,Review,22.0,Team Gamma,
BATCH-01816,2025-11-07,Plant 02,Line 1,Veloce S,Morning,108,2,Assembly,2,0,27.54,73.24,99.34,SUP-08,Suspension,Passed,24.2,Team Beta,
BATCH-01009,2025-10-22,Plant 01,Line 3,Eterna,Morning,119,2,Paint,0,2,40.73,82.64,94.99,SUP-08,Suspension,Passed,22.4,Team Beta,
BATCH-01893,2025-11-28,Plant 01,Line 2,Eterna,Night,100,2,Mechanical,1,1,41.13,81.62,95.9,SUP-02,Suspension,Passed,25.8,Team Beta,
BATCH-01260,2025-03-30,Plant 02,Line 3,Aquila GT,Afternoon,118,1,Dimensional,0,0,26.04,74.54,99.57,,Powertrain,Passed,22.1,Team Beta,Routine quality inspection completed.
BATCH-00043,2025-12-15,Plant 02,Line 2,Strada X,Night,77,3,Mechanical,2,1,12.81,63.27,94.26,SUP-09,Interior,Review,18.8,Team Alpha,Production line calibration completed.
BATCH-00536,2025-02-02,Plant 01,Line 3,Strada X,Morning,61,0,None,0,0,22.11,95.44,100,SUP-04,Body,Passed,19.1,Team Alpha,
BATCH-01953,2025-07-22,Plant 01,Line 4,Aquila GT,Afternoon,86,5,Assembly,0,1,50.64,70.41,88.23,SUP-12,Powertrain,Failed,21.0,Team Beta,
BATCH-01954,2025-10-15,Plant 01,Line 3,Veloce S,Morning,73,1,Interior,1,0,72.13,90.52,95.84,SUP-12,Body,Passed,24.2,Team Gamma,Supplier component verification required.
BATCH-00567,2025-03-22,Plant 02,Line 4,Veloce S,Night,91,2,Interior,1,1,38.33,78.46,95.35,SUP-09,Electronics,Passed,21.6,Team Alpha,Routine quality inspection completed.
BATCH-01184,2025-10-30,Plant 01,Line 2,Aquila GT,Morning,71,3,Assembly,1,2,30.06,81.73,92.2,SUP-10,Electronics,Failed,21.4,Team Delta,
BATCH-01822,2025-12-31,Plant 02,Line 2,Aquila GT,Morning,49,0,None,0,0,27.06,76.57,96.51,SUP-10,Body,Passed,27.0,Team Beta,
BATCH-01845,2025-12-07,Plant 01,Line 2,Eterna,Afternoon,52,2,Interior,0,2,41.06,104.05,91.97,SUP-12,Suspension,Review,21.9,Team Alpha,
BATCH-00948,2025-01-29,Plant 02,Line 2,Veloce S,Afternoon,50,1,Paint,0,0,4.13,68.75,96.27,SUP-11,Body,Passed,22.3,Team Gamma,Routine quality inspection completed.
BATCH-01350,2025-12-11,Plant 02,Line 2,Veloce S,Afternoon,57,2,Paint,2,0,56.38,79.54,93.02,SUP-01,Suspension,Review,23.7,Team Delta,
BATCH-01887,2025-06-29,Plant 02,Line 3,Strada X,Morning,65,0,None,0,0,31.87,80.44,100,SUP-11,Interior,Passed,23.0,Team Gamma,Minor process adjustment performed.
BATCH-00429,2025-12-21,Plant 01,Line 4,Veloce S,Night,114,1,Interior,1,0,33.54,69.78,98.2,SUP-10,Suspension,Passed,22.2,Team Delta,Production line calibration completed.
BATCH-00221,2025-10-26,Plant 02,Line 4,Aquila GT,Night,107,2,Electronics,0,2,22.96,90.73,94.91,SUP-03,Body,Passed,18.7,Team Gamma,Production line calibration completed.
BATCH-00642,2025-10-17,Plant 02,Line 1,Veloce S,Night,83,1,Assembly,0,0,3.98,91.75,96.05,SUP-09,Electronics,Passed,24.1,Team Delta,
BATCH-01693,2025-04-11,Plant 02,Line 1,Eterna,Afternoon,112,1,Paint,1,0,9.65,78.19,98.22,SUP-02,Electronics,Passed,20.1,Team Beta,
BATCH-00227,2025-12-26,Plant 01,Line 4,Veloce S,Morning,103,2,Paint,0,0,42.66,77.78,97.45,SUP-10,Body,Passed,24.4,Team Delta,
BATCH-00415,2025-08-18,Plant 01,Line 1,Strada X,Night,105,3,Assembly,2,0,80.23,75.51,96.0,SUP-11,Electronics,Review,18.9,Team Gamma,Supplier component verification required.
BATCH-01178,2025-06-11,Plant 01,Line 3,Eterna,Morning,50,1,Electronics,1,0,13.87,87.16,96.64,SUP-05,Powertrain,Passed,20.0,Team Delta,
BATCH-01736,2025-04-18,Plant 01,Line 1,Eterna,Night,95,3,Paint,0,1,29.47,81.15,96.05,SUP-01,Powertrain,Review,22.6,Team Beta,Supplier component verification required.
BATCH-00316,2025-10-27,Plant 02,Line 2,Eterna,Afternoon,80,1,Electronics,1,0,15.27,82.18,99.02,SUP-05,Interior,Passed,20.8,Team Gamma,Production line calibration completed.
BATCH-01135,2025-11-20,Plant 02,Line 4,Strada X,Afternoon,96,2,Paint,1,0,18.25,96.44,96.89,SUP-04,Powertrain,Passed,24.4,Team Delta,
BATCH-00231,2025-06-26,Plant 01,Line 4,Veloce S,Night,56,3,Electronics,2,0,24.79,73.76,92.64,SUP-10,Braking,Failed,21.6,Team Beta,
BATCH-01307,2025-01-29,Plant 01,Line 1,Eterna,Night,115,6,Paint,0,0,36.71,63.11,92.31,SUP-10,Suspension,Failed,19.6,Team Delta,
BATCH-01093,2025-08-29,Plant 02,Line 1,Eterna,Morning,48,0,None,0,0,37.41,94.3,97.59,SUP-06,Suspension,Passed,21.3,Team Alpha,Production line calibration completed.
BATCH-01480,2025-05-12,Plant 02,Line 1,Eterna,Afternoon,120,3,Mechanical,0,1,0.0,81.98,95.43,SUP-06,Braking,Passed,24.8,Team Gamma,Routine quality inspection completed.
BATCH-01864,2025-06-18,Plant 02,Line 1,Strada X,Afternoon,70,2,Assembly,0,2,37.74,74.8,94.08,SUP-03,Powertrain,Review,20.9,Team Beta,
BATCH-00220,2025-06-20,Plant 01,Line 2,Veloce S,Morning,63,0,None,0,0,55.46,75.78,96.26,SUP-08,Suspension,Passed,20.6,Team Alpha,
BATCH-01203,2025-11-23,Plant 01,Line 2,Veloce S,Night,79,2,Interior,0,0,32.08,94.06,96.04,SUP-04,Braking,Review,20.9,Team Alpha,
BATCH-00439,2025-04-08,Plant 01,Line 2,Strada X,Night,84,2,Assembly,1,0,0.0,85.2,97.74,SUP-01,Braking,Passed,24.2,Team Gamma,Production line calibration completed.
BATCH-00173,2025-01-17,Plant 01,Line 1,Strada X,Afternoon,72,1,Dimensional,0,0,31.56,74.52,96.83,SUP-03,Body,Passed,21.8,Team Delta,
BATCH-01124,2025-07-27,Plant 01,Line 3,Eterna,Night,81,3,Interior,1,2,38.83,87.46,92.75,SUP-01,Powertrain,Review,20.6,Team Gamma,Minor process adjustment performed.
BATCH-01339,2025-01-22,Plant 02,Line 2,Eterna,Afternoon,109,0,None,0,0,27.57,78.09,100,SUP-12,Body,Passed,20.1,Team Alpha,
BATCH-00404,2025-12-12,Plant 01,Line 3,Aquila GT,Night,108,4,Mechanical,0,2,50.77,92.33,92.74,SUP-12,Powertrain,Review,20.3,Team Alpha,Routine quality inspection completed.
BATCH-01875,2025-02-12,Plant 02,Line 3,Strada X,Afternoon,112,2,Paint,0,2,57.25,83.53,94.23,SUP-09,Braking,Passed,21.5,Team Delta,
BATCH-01532,2025-07-12,Plant 01,Line 4,Eterna,Night,92,2,Assembly,2,0,64.48,81.41,94.48,SUP-06,Powertrain,Passed,20.7,Team Gamma,
BATCH-00480,2025-03-29,Plant 01,Line 4,Aquila GT,Morning,72,1,Electronics,1,0,28.01,88.52,96.22,SUP-06,Suspension,Passed,23.3,Team Alpha,Supplier component verification required.
BATCH-00469,2025-11-01,Plant 02,Line 2,Eterna,Night,110,2,Dimensional,2,0,39.86,81.15,97.17,SUP-11,Body,Passed,21.0,Team Beta,Minor process adjustment performed.
BATCH-01089,2025-07-27,Plant 01,Line 1,Veloce S,Morning,73,2,Interior,0,0,41.31,92.2,92.67,SUP-03,Braking,Review,21.8,Team Delta,Minor process adjustment performed.
BATCH-01005,2025-05-25,Plant 02,Line 3,Strada X,Afternoon,77,2,Mechanical,1,1,10.9,90.22,95.2,SUP-04,Interior,Review,24.3,Team Beta,Minor process adjustment performed.
BATCH-00844,2025-05-19,Plant 02,Line 1,Eterna,Afternoon,61,0,None,0,0,52.1,90.33,97.02,SUP-10,Body,Passed,21.3,Team Delta,Routine quality inspection completed.
BATCH-01937,2025-03-26,Plant 01,Line 4,Eterna,Night,77,1,Paint,0,1,0.0,94.59,99.06,SUP-01,Body,Passed,23.1,Team Gamma,
BATCH-00804,2025-11-17,Plant 02,Line 4,Eterna,Morning,61,0,None,0,0,46.31,73.27,94.99,SUP-12,Powertrain,Passed,25.0,Team Gamma,
BATCH-00026,2025-09-06,Plant 02,Line 4,Strada X,Afternoon,60,1,Interior,0,1,24.29,98.78,95.57,SUP-02,Interior,Passed,25.0,Team Alpha,
BATCH-01892,2025-03-11,Plant 02,Line 2,Strada X,Night,45,0,None,0,0,23.8,78.96,99.57,SUP-10,Body,Passed,24.0,Team Gamma,
BATCH-00010,2025-02-10,Plant 02, Line 4 ,Aquila GT,Morning,108,0,None,0,0,6.46,79.74,99.03,SUP-09,Electronics,Passed,21.2,Team Beta,Production line calibration completed.
BATCH-00883,2025-01-25,Plant 01,Line 2,Aquila GT,Afternoon,103,2,Dimensional,1,0,38.62,70.77,93.89,SUP-10,Electronics,Review,19.4,Team Gamma,Supplier component verification required.
BATCH-01664,2025-10-28,Plant 01,Line 4,Strada X,Afternoon,106,1,Dimensional,1,0,33.48,79.69,96.45,SUP-09,Body,Passed,23.5,Team Beta,Supplier component verification required.
BATCH-01018,2025-08-19,Plant 02,Line 2,Veloce S,Morning,118,1,Interior,0,1,20.0,98.31,99.55,SUP-04,Electronics,Passed,27.2,Team Alpha,
BATCH-01720,2025-02-03,Plant 02,Line 2,Strada X,Morning,95,2,Mechanical,1,0,45.95,83.67,96.46,SUP-05,Body,Passed,25.7,Team Alpha,
BATCH-01256,2025-03-20,Plant 02,Line 4,Veloce S,Afternoon,83,1,Mechanical,0,0,9.92,85.95,96.27,SUP-01,Suspension,Passed,23.8,Team Beta,
BATCH-01812,2025-07-02,Plant 02,Line 3,Eterna,Morning,98,1,Dimensional,0,1,15.1,59.71,98.78,SUP-09,Powertrain,Passed,19.3,Team Beta,
BATCH-00264,2025-05-10,Plant 02,Line 4,Veloce S,Morning,89,0,None,0,0,36.95,83.6,96.03,SUP-09,Body,Passed,19.1,Team Delta,
BATCH-01435,2025-06-02,Plant 01,Line 1,Aquila GT,Morning,116,3,Electronics,1,0,59.92,90.89,94.41,SUP-02,Braking,Review,23.4,Team Beta,
BATCH-00265,2025-03-30,Plant 01,Line 4,Aquila GT,Afternoon,74,2,Mechanical,2,0,55.12,89.46,94.91,SUP-10,Electronics,Review,19.8,Team Delta,Supplier component verification required.
BATCH-00228,2025-08-18,Plant 01,Line 2,Veloce S,Night,84,1,Assembly,1,0,32.2,93.29,98.54,SUP-02,Braking,Passed,19.7,Team Delta,
BATCH-01719,2025-04-25,Plant 02,Line 2,Eterna,Morning,56,1,Assembly,0,1,61.92,83.18,95.61,SUP-02,Powertrain,Passed,23.2,Team Alpha,Routine quality inspection completed.
BATCH-01406,2025-04-18,Plant 02,Line 4,Eterna,Afternoon,89,1,Paint,0,0,51.16,78.94,97.34,SUP-11,Powertrain,Passed,23.3,Team Alpha,Routine quality inspection completed.
BATCH-01411,2025-10-17,Plant 01,Line 1,Aquila GT,Night,81,1,Interior,0,0,32.07,88.71,97.63,SUP-04,Interior,Passed,20.3,Team Beta,
BATCH-01130,2025-12-30,Plant 01,Line 4,Aquila GT,Night,61,3,Interior,3,0,42.9,78.22,93.2,SUP-04,Body,Failed,19.9,Team Alpha,Routine quality inspection completed.
BATCH-00195,2025-11-06,Plant 02,Line 3,Aquila GT,Night,101,6,Dimensional,0,5,52.99,64.22,91.32,SUP-12,Powertrain,Failed,21.2,Team Gamma,Minor process adjustment performed.
BATCH-00287,2025-08-02,Plant 01,Line 3,Strada X,Afternoon,78,2,Mechanical,0,1,26.85,80.41,93.17,SUP-06,Braking,Review,21.5,Team Gamma,Routine quality inspection completed.
BATCH-00819,22/03/2025,Plant 02,Line 1,Aquila GT,Afternoon,96,2,Electronics,2,0,46.13,88.98,97.84,SUP-12,Braking,Passed,21.4,Team Alpha,
BATCH-00528,2025-05-06,Plant 01,Line 1,Veloce S,Night,72,1,Interior,1,0,17.3,81.28,97.97,SUP-10,Suspension,Passed,23.2,Team Beta,
BATCH-00838,2025-12-08,Plant 02,Line 3,Aquila GT,Afternoon,73,0,None,0,0,11.07,82.34,98.15,SUP-04,Suspension,Passed,25.1,Team Delta,Production line calibration completed.
BATCH-01776,2025-02-26,Plant 01,Line 2,Strada X,Afternoon,64,3,Mechanical,0,0,28.8,72.16,91.39,SUP-05,Electronics,Failed,23.5,Team Gamma,Minor process adjustment performed.
BATCH-01723,2025-09-24,Plant 02,Line 1,Strada X,Night,84,1,Assembly,1,0,11.04,89.46,96.59,SUP-10,Suspension,Passed,23.1,Team Delta,
BATCH-00538,2025-01-25,Plant 02,Line 2,Strada X,Night,70,1,Paint,1,0,2.93,71.56,97.07,SUP-02,Braking,Passed,21.8,Team Gamma,
BATCH-01075,2025-12-26,Plant 01,Line 2,Veloce S,Morning,104,1,Electronics,1,0,28.63,80.95,96.28,SUP-03,Powertrain,Passed,23.9,Team Gamma,Production line calibration completed.
BATCH-00191,2025-11-27,Plant 02,Line 3,Eterna,Morning,113,3,Assembly,0,0,32.17,99.77,93.79,SUP-10,Body,Review,21.4,Team Gamma,
BATCH-01760,2025-06-28,Plant 01,Line 3,Veloce S,Night,119,5,Mechanical,0,4,17.8,72.88,95.04,SUP-04,Body,Failed,22.4,Team Gamma,
BATCH-01145,2025-11-15,Plant 02,Line 2,Strada X,Morning,60,3,Dimensional,3,0,33.67,98.56,92.62,SUP-01,Electronics,Failed,23.9,Team Gamma,
BATCH-00457,2025-07-20,Plant 01,Line 4,Veloce S,Afternoon,90,1,Paint,0,0,45.9,53.12,96.6,SUP-11,Body,Passed,24.4,Team Beta,Production line calibration completed.
BATCH-01118,2025-05-19,Plant 02,Line 3,Strada X,Morning,52,0,None,0,0,70.04,83.18,98.01,SUP-05,Body,Passed,20.9,Team Gamma,Minor process adjustment performed.
BATCH-00981,2025-12-30,Plant 02,Line 2,Eterna,Night,54,1,Dimensional,1,0,18.62,73.99,97.26,SUP-11,Powertrain,Passed,21.5,Team Beta,
BATCH-01469,2025-05-15,Plant 01,Line 2,Eterna,Night,111,0,None,0,0,35.85,95.61,99.23,SUP-01,Suspension,Passed,20.4,Team Delta,Routine quality inspection completed.
BATCH-01541,2025-09-29,Plant 01,Line 4,Eterna,Afternoon,90,2,Paint,0,0,0.0,76.31,98.41,SUP-05,Powertrain,Passed,21.9,Team Delta,Minor process adjustment performed.
BATCH-00646,2025-03-13,Plant 02,Line 2,Eterna,Afternoon,73,0,None,0,0,52.74,73.24,96.89,SUP-10,Powertrain,Passed,20.6,Team Alpha,Production line calibration completed.
BATCH-01113,2025-11-25,Plant 01,Line 4,Aquila GT,Night,70,1,Assembly,1,0,28.39,75.79,97.75,SUP-04,Body,Passed,25.7,Team Delta,
BATCH-01551,2025-03-24,Plant 02,Line 2,Eterna,Morning,71,0,None,0,0,0.0,96.15,97.52,SUP-11,Powertrain,Passed,18.2,Team Beta,Minor process adjustment performed.
BATCH-00175,2025-07-05,Plant 02,Line 2,Aquila GT,Morning,71,2,Mechanical,0,1,29.72,90.96,95.77,SUP-01,Suspension,Review,24.8,Team Alpha,Routine quality inspection completed.
BATCH-01103,01-13-2025,Plant 02,Line 4,Eterna,Afternoon,53,0,None,0,0,37.04,85.87,99.5,SUP-08,Interior,Passed,24.0,Team Delta,Routine quality inspection completed.
BATCH-00760,2025-03-29,Plant 01,Line 4,Strada X,Night,54,2,Paint,2,0,55.71,79.79,94.77,SUP-06,Electronics,Review,23.4,Team Gamma,Routine quality inspection completed.
BATCH-01587,2025-10-16,Plant 01,Line 2,Strada X,Night,89,3,Electronics,0,0,35.54,87.87,93.58,SUP-01,Interior,Review,21.5,Team Delta,
BATCH-01602,2025-06-08,Plant 01,Line 4,Aquila GT,Night,46,0,None,0,0,32.91,96.26,98.61,SUP-10,Body,Passed,22.0,Team Alpha,Production line calibration completed.
BATCH-01660,2025-11-27,Plant 02,Line 1,Strada X,Night,54,3,Paint,0,0,1.82,87.58,92.22,SUP-02,Interior,Failed,19.2,Team Beta,
BATCH-01419,2025-05-18,Plant 01,Line 3,Eterna,Night,77,1,Interior,1,0,51.51,86.07,96.54,SUP-08,Powertrain,Passed,20.2,Team Alpha,Supplier component verification required.
BATCH-01160,2025-05-28,Plant 02,Line 1,Strada X,Afternoon,79,0,None,0,0,42.72,80.77,96.93,SUP-09,Body,Passed,19.4,Team Alpha,Minor process adjustment performed.
BATCH-00022,2025-05-17,Plant 02,Line 4,Veloce S,Night,71,4,Electronics,1,0,46.04,78.56,90.42,SUP-10,Suspension,Failed,21.4,Team Alpha,Minor process adjustment performed.
BATCH-00230,2025-05-24,Plant 01,Line 1,Veloce S,Morning,116,2,Paint,0,1,3.55,66.35,97.6,SUP-11,Braking,Passed,24.2,Team Beta,Supplier component verification required.
BATCH-00779,2025-04-23,Plant 02,Line 1,Eterna,Night,114,2,Interior,1,1,46.93,63.17,96.71,SUP-02,Electronics,Passed,23.7,Team Alpha,
BATCH-00989,2025-09-04,Plant 01,Line 1,Veloce S,Afternoon,71,2,Electronics,1,1,47.31,99.0,95.31,SUP-11,Suspension,Review,22.5,Team Alpha,
BATCH-00535,2025-09-16,Plant 01,Line 2,Aquila GT,Morning,69,0,None,0,0,12.27,98.88,98.96,SUP-09,Body,Passed,26.1,Team Delta,
BATCH-00548,2025-09-04,Plant 02,Line 1,Eterna,Afternoon,108,2,Paint,2,0,8.67,74.41,96.22,SUP-11,Electronics,Passed,21.6,Team Beta,Supplier component verification required.
BATCH-01234,2025-09-08,Plant 01,Line 1,Veloce S,Night,49,1,Mechanical,1,0,,76.98,94.52,SUP-11,Suspension,Passed,21.9,Team Beta,Routine quality inspection completed.
BATCH-00689,2025-11-19,Plant 01,Line 2,Veloce S,Morning,76,2,Mechanical,0,1,47.35,72.49,93.79,SUP-04,Interior,Review,20.5,Team Delta,Supplier component verification required.
BATCH-00756,2025-07-30,Plant 01,Line 2,Strada X,Night,107,1,Interior,0,0,38.17,79.21,95.07,SUP-10,Powertrain,Passed,26.5,Team Gamma,Supplier component verification required.
BATCH-00428,2025-06-20,Plant 01,Line 1,Strada X,Morning,119,5,Assembly,1,4,16.7,97.6,94.41,SUP-02,Suspension,Failed,24.8,Team Gamma,
BATCH-01974,2025-09-01,Plant 02,Line 1,Veloce S,Morning,90,1,Assembly,1,0,64.83,79.0,93.08,SUP-04,Suspension,Review,21.0,Team Gamma,Routine quality inspection completed.
BATCH-01761,2025-08-05,Plant 02,Line 4,Strada X,Morning,68,2,Interior,2,0,5.4,66.77,94.14,SUP-12,Suspension,Review,23.0,Team Delta,Routine quality inspection completed.
BATCH-01309,2025-06-19,Plant 01,Line 4,Strada X,Afternoon,67,0,None,0,0,38.55,96.5,98.67,SUP-10,Interior,Passed,23.3,Team Delta,
BATCH-01830,2025-11-28,Plant 02,Line 3,Eterna,Morning,120,0,None,0,0,49.25,75.16,96.52,SUP-04,Suspension,Passed,23.5,Team Delta,
BATCH-01281,2025-02-10,Plant 02,Line 1,Aquila GT,Afternoon,110,2,Electronics,0,1,40.17,74.79,96.26,SUP-05,Electronics,Passed,22.6,Team Delta,
BATCH-00185,2025-12-11,Plant 01,Line 1,Veloce S,Morning,93,0,None,0,0,11.57,79.93,100,SUP-06,Braking,Passed,22.2,Team Alpha,Supplier component verification required.
BATCH-00285,2025-09-15,Plant 02,Line 4,Strada X,Night,93,1,Electronics,0,1,24.65,97.32,97.63,SUP-08,Braking,Passed,26.5,Team Beta,Routine quality inspection completed.
BATCH-00344,2025-01-25,Plant 01,Line 1,Strada X,Night,92,1,Dimensional,1,0,2.94,83.94,98.58,SUP-03,Body,Passed,21.8,Team Gamma,Supplier component verification required.
BATCH-01565,2025-10-27,Plant 01,Line 2,Eterna,Morning,85,0,None,0,0,64.38,93.18,97.14,SUP-10,Suspension,Passed,24.5,Team Alpha,Routine quality inspection completed.
BATCH-01418,2025-12-30,Plant 01,Line 2,Eterna,Morning,96,1,Assembly,0,1,15.87,78.2,97.67,SUP-01,Powertrain,Passed,21.7,Team Delta,
BATCH-00134,2025-09-13,Plant 02,Line 4,Aquila GT,Night,48,1,Assembly,1,0,28.77,84.98,96.92,SUP-05,Interior,Passed,18.7,Team Gamma,Production line calibration completed.
BATCH-01703,2025-11-20,Plant 02,Line 1,Eterna,Night,72,3,Mechanical,1,1,11.07,78.69,95.2,SUP-04,Powertrain,Failed,19.1,Team Gamma,
BATCH-01149,2025-05-09,Plant 02,Line 4,Aquila GT,Night,84,1,Paint,1,0,22.72,94.85,98.63,SUP-05,Body,Passed,21.1,Team Gamma,Supplier component verification required.
BATCH-01610,2025-04-30,Plant 01,Line 3,Strada X,Morning,119,1,Dimensional,1,0,47.86,98.17,98.32,SUP-09,Braking,Passed,20.3,Team Alpha,
BATCH-01269,2025-01-02,Plant 01,Line 1,Aquila GT,Afternoon,110,4,Electronics,3,1,69.08,92.43,93.66,SUP-06,Interior,Review,23.1,Team Beta,
BATCH-00174,2025-08-04,Plant 02,Line 3,Veloce S,Morning,116,1,Paint,1,0,21.96,69.94,98.69,SUP-11,Braking,Passed,19.7,Team Beta,
BATCH-00392,2025-02-16,Plant 02,Line 2,Eterna,Morning,106,3,Electronics,3,0,36.9,75.54,95.59,SUP-04,Braking,Review,23.0,Team Gamma,
BATCH-01858,2025-09-01,Plant 02,Line 2,Veloce S,Morning,90,1,Assembly,1,0,39.56,83.95,96.21,SUP-09,Powertrain,Passed,21.3,Team Beta,
BATCH-00068,2025-03-09,Plant 01,Line 4,Veloce S,Afternoon,51,1,Electronics,0,0,27.46,94.51,95.57,SUP-12,Powertrain,Passed,24.6,Team Beta,Routine quality inspection completed.
BATCH-01742,2025-10-31,Plant 01,Line 1,Aquila GT,Afternoon,89,2,Electronics,0,2,4.19,72.93,97.29,SUP-09,Braking,Passed,18.4,Team Alpha,Supplier component verification required.
BATCH-01306,2025-05-06,Plant 01,Line 1,Aquila GT,Morning,95,2,Interior,2,0,5.67,70.65,96.01,SUP-11,Electronics,Passed,20.0,Team Beta,Supplier component verification required.
BATCH-01067,2025-07-13,Plant 01,Line 1,Veloce S,Night,118,1,Dimensional,1,0,46.6,91.04,96.43,SUP-11,Suspension,Passed,22.2,Team Alpha,Production line calibration completed.
BATCH-01964,2025-03-11,Plant 01,Line 1,Aquila GT,Night,47,1,Interior,0,0,35.87,82.17,94.86,SUP-01,Braking,Passed,25.1,Team Gamma,Supplier component verification required.
BATCH-00246,2025-08-04,Plant 01,Line 3,Eterna,Night,111,0,None,0,0,63.32,92.8,97.38,SUP-10,Suspension,Passed,25.1,Team Alpha,
BATCH-00826,2025-12-07,Plant 02,Line 2,Veloce S,Night,92,4,Paint,3,0,36.69,74.3,93.11,SUP-07,Powertrain,Failed,22.5,Team Beta,Routine quality inspection completed.
BATCH-01045,2025-03-20,Plant 02,Line 1,Veloce S,Night,81,2,Electronics,0,0,37.97,86.68,92.07,SUP-01 ,Powertrain,Review,20.7,Team Gamma,
BATCH-00688,2025-04-12,Plant 01,Line 2,Veloce S,Afternoon,108,3,Mechanical,1,1,41.18,62.52,93.97,SUP-05,Electronics,Review,22.8,Team Beta,
BATCH-00278,2025-09-22,Plant 01,Line 4,Aquila GT,Morning,116,8,Assembly,1,7,20.12,84.75,92.35,SUP-03,Electronics,Failed,21.1,Team Beta,Routine quality inspection completed.
BATCH-01841,2025-07-01,Plant 02,Line 1,Veloce S,Morning,104,3,Paint,1,1,54.14,88.25,94.56,SUP-02,Body,Review,21.9,Team Delta,
BATCH-00782,2025-09-17,Plant 01,Line 3,Strada X,Afternoon,49,1,Electronics,1,0,46.99,86.53,96.57,SUP-01,Body,Passed,21.1,Team Beta,
BATCH-00357,2025-10-20,Plant 01,Line 3,Strada X,Afternoon,45,4,Interior,0,3,17.16,96.9,87.52,SUP-02,Electronics,Failed,27.1,Team Gamma,Routine quality inspection completed.
BATCH-00550,2025-08-18,Plant 01,Line 2,Eterna,Morning,105,1,Electronics,1,0,21.63,62.28,98.04,SUP-12,Electronics,Passed,23.4,Team Delta,Production line calibration completed.
BATCH-00579,2025-01-13,Plant 01,Line 3,Aquila GT,Morning,91,3,Paint,1,1,13.05,78.44,96.95,SUP-05,Body,Review,23.2,Team Gamma,
BATCH-00161,2025-12-02,Plant 02,Line 3,Aquila GT,Afternoon,89,1,Paint,0,0,57.19,85.75,96.87,SUP-08,Braking,Passed,23.7,Team Beta,
BATCH-00512,2025-09-18,Plant 01,Line 3,Veloce S,Night,46,2,Electronics,0,2,33.97,74.97,92.36,SUP-09,Electronics,Failed,21.4,Team Gamma,
BATCH-00402,2025-06-19,Plant 01,Line 3,Strada X,Afternoon,117,3,Dimensional,2,1,48.94,72.98,94.15,SUP-10,Braking,Review,22.5,Team Beta,
BATCH-01268,2025-11-07,Plant 01,Line 2,Strada X,Night,66,1,Electronics,0,1,7.77,68.82,98.12,SUP-05,Body,Passed,24.5,Team Alpha,
BATCH-01603,2025-01-04,Plant 01,Line 4,Strada X,Afternoon,93,0,None,0,0,60.1,72.47,98.11,SUP-11,Suspension,Passed,19.6,Team Delta,Routine quality inspection completed.
BATCH-01789,2025-12-28,Plant 01,Line 1,Eterna,Afternoon,94,3,Dimensional,3,0,26.75,82.27,93.59,SUP-04,Body,Review,21.7,Team Alpha,Minor process adjustment performed.
BATCH-01859,2025-04-16,Plant 01,Line 1,Strada X,Morning,112,1,Paint,1,0,57.49,96.74,95.7,SUP-10,Interior,Passed,25.0,Team Alpha,
BATCH-01210,2025-12-07,Plant 01,Line 2,Veloce S,Night,64,4,Interior,4,0,24.37,91.36,88.19,SUP-12,Braking,Failed,21.6,Team Alpha,Supplier component verification required.
BATCH-00892,2025-03-27,Plant 02,Line 2,Aquila GT,Night,73,3,Electronics,1,0,29.65,90.47,92.06,SUP-06,Braking,Failed,18.8,Team Beta,Minor process adjustment performed.
BATCH-01751,2025-01-31,Plant 02,Line 3,Aquila GT,Night,58,0,None,0,0,35.81,89.45,97.67,SUP-02,Suspension,Passed,23.5,Team Delta,
BATCH-00300,2025-11-18,Plant 01,Line 1,Veloce S,Night,104,4,Interior,1,1,15.61,89.99,94.22,SUP-08,Braking,Review,19.7,Team Delta,Minor process adjustment performed.
BATCH-01450,2025-07-15,Plant 02,Line 3,Strada X,Morning,58,0,None,0,0,53.28,84.53,96.94,SUP-01,Braking,Passed,20.7,Team Delta,Routine quality inspection completed.
BATCH-00609,2025-12-11,Plant 02,Line 4,Veloce S,Morning,62,0,None,0,0,9.91,89.11,99.03,SUP-06,Body,Passed,22.7,Team Alpha,Supplier component verification required.
BATCH-00747,2025-11-09,Plant 01,Line 1,Eterna,Afternoon,50,0,None,0,0,51.08,62.91,98.31,SUP-01,Braking,Passed,24.2,Team Alpha,Minor process adjustment performed.
BATCH-01555,2025-02-05,Plant 02,Line 4,Aquila GT,Morning,81,0,None,0,0,6.61,85.67,98.1,SUP-12,Braking,Passed,24.8,Team Alpha,Routine quality inspection completed.
BATCH-01572,2025-06-25,Plant 01,Line 4,Strada X,Morning,61,2,Interior,1,1,29.37,94.97,94.0,SUP-03,Body,Review,22.3,Team Alpha,Production line calibration completed.
BATCH-01510,2025-06-11,Plant 02,Line 1,Veloce S,Night,93,3,Interior,0,0,31.01,81.44,93.56,SUP-09,Body,Review,24.3,Team Delta,
BATCH-00815,2025-08-13,Plant 02,Line 3,Aquila GT,Morning,61,0,None,0,0,28.18,94.15,99.42,SUP-07,Electronics,Passed,23.0,Team Alpha,
BATCH-01503,2025-05-29,Plant 02,Line 2,Aquila GT,Night,53,2,Dimensional,2,0,20.74,97.04,94.04,SUP-07,Powertrain,Review,19.3,Team Delta,
BATCH-00575,2025-02-20,Plant 02,Line 2,Eterna,Night,115,0,None,0,0,28.43,104.34,98.16,SUP-04,Body,Passed,20.8,Team Delta,
BATCH-00752,2025-02-20,Plant 02,Line 3,Aquila GT,Afternoon,50,0,None,0,0,28.74,77.07,99.18,SUP-04,Body,Passed,19.9,Team Delta,
BATCH-01781,2025-04-17,Plant 01,Line 3,Aquila GT,Afternoon,116,5,Paint,5,0,7.5,76.59,95.09,SUP-12,Electronics,Failed,22.2,Team Gamma,Supplier component verification required.
BATCH-01842,2025-02-16,Plant 02,Line 1,Eterna,Morning,84,1,Mechanical,0,1,8.59,84.46,95.81,SUP-07,Body,Passed,21.5,Team Beta,
BATCH-00502,2025-01-24,Plant 02,Line 1,Strada X,Morning,71,0,None,0,0,13.73,80.47,98.03,SUP-06,Braking,Passed,20.4,Team Alpha,
BATCH-01659,2025-09-16,Plant 02,Line 2,Aquila GT,Afternoon,67,2,Electronics,2,0,0.0,87.19,95.91,SUP-05,Suspension,Review,21.9,Team Alpha,
BATCH-00212,2025-09-07,Plant 01,Line 3,Aquila GT,Morning,118,4,Mechanical,1,3,24.29,98.67,93.93,SUP-07,Body,Review,22.5,Team Delta,
BATCH-01395,2025-10-06,Plant 01,Line 1,Strada X,Night,117,2,Electronics,0,1,35.01,92.48,97.93,SUP-06,Electronics,Passed,24.8,Team Gamma,
BATCH-01667,2025-08-17,Plant 02,Line 1,Eterna,Afternoon,106,1,Interior,0,1,36.62,80.77,96.56,SUP-06,Interior,Passed,22.7,Team Beta,
BATCH-01047,2025-04-09,Plant 02,Line 4,Strada X,Afternoon,46,5,Paint,4,0,21.97,84.53,84.79,SUP-06,Electronics,Failed,21.8,Team Gamma,Routine quality inspection completed.
BATCH-01151,2025-03-13,Plant 01,Line 4,Strada X,Afternoon,106,1,Electronics,1,0,40.86,71.15,96.21,SUP-04,Suspension,Passed,22.1,Team Beta,Production line calibration completed.
BATCH-01238,2025-09-04,Plant 02,Line 3,Aquila GT,Afternoon,50,0,None,0,0,38.98,77.27,98.12,SUP-12,Interior,Passed,20.4,Team Gamma,Routine quality inspection completed.
BATCH-01979,2025-08-24,Plant 02,Line 3,Strada X,Night,55,1,Dimensional,0,1,63.21,96.79,96.31,SUP-08,Body,Passed,21.8,Team Gamma,Supplier component verification required.
BATCH-01833,2025-08-13,Plant 02,Line 1,Aquila GT,Morning,95,1,Assembly,1,0,799.18,80.64,98.99,SUP-03,Powertrain,Passed,19.4,Team Delta,
BATCH-00234,2025-11-24,Plant 01,Line 1,Strada X,Afternoon,95,1,Interior,0,1,22.48,89.34,96.38,SUP-02,Suspension,Passed,22.4,Team Alpha,Supplier component verification required.
BATCH-01098,2025-04-09,Plant 01,Line 1,Aquila GT,Morning,97,2,Dimensional,1,1,16.13,72.43,96.88,SUP-11,Suspension,Passed,22.4,Team Beta,
BATCH-01253,2025-01-05,Plant 01,Line 2,Eterna,Night,64,2,Assembly,2,0,24.36,85.12,95.6,SUP-05,Body,Review,22.7,Team Gamma,Routine quality inspection completed.
BATCH-01829,2025-01-16,Plant 02,Line 2,Eterna,Night,49,1,Paint,0,0,23.4,81.4,95.26,SUP-02,Powertrain,Passed,24.7,Team Alpha,Routine quality inspection completed.
BATCH-00112,2025-06-27,Plant 02,Line 1,Eterna,Night,80,1,Assembly,0,0,38.48,92.74,97.55,SUP-05,Powertrain,Passed,22.1,Team Delta,
BATCH-01252,2025-09-03,Plant 01,Line 2,Aquila GT,Afternoon,100,1,Assembly,0,1,22.53,87.26,96.93,SUP-01,Electronics,Passed,21.7,Team Gamma,Routine quality inspection completed.
BATCH-00495,2025-07-06,Plant 01,Line 3,Eterna,Afternoon,79,2,Electronics,0,0,41.5,77.14,94.75,SUP-03,Braking,Review,21.0,Team Beta,
BATCH-01023,2025-01-08,Plant 01,Line 3,Strada X,Morning,92,3,Mechanical,3,0,31.27,63.71,92.12,SUP-02,Electronics,Review,23.1,Team Gamma,Supplier component verification required.
BATCH-01008,2025-03-05,Plant 02,Line 3,Eterna,Morning,72,1,Dimensional,1,0,31.82,87.85,96.24,SUP-05,Braking,Passed,26.5,Team Gamma,
BATCH-00869,2025-06-23,Plant 02,Line 2,Veloce S,Afternoon,111,2,Paint,2,0,71.34,85.88,94.79,SUP-07,Electronics,Passed,25.5,Team Beta,Routine quality inspection completed.
BATCH-00327,2025-09-22,Plant 02,Line 1,Veloce S,Night,65,0,None,0,0,21.83,80.45,99.22,SUP-08,Suspension,Passed,20.5,Team Delta,Production line calibration completed.
BATCH-01631,2025-05-19,Plant 02,Line 4,Veloce S,Night,97,1,Interior,0,1,21.12,102.04,97.39,SUP-06,Interior,Passed,18.6,Team Delta,
BATCH-00585,2025-12-08,Plant 02,Line 3,Veloce S,Morning,113,0,None,0,0,39.94,76.88,97.88,SUP-04,Powertrain,Passed,23.2,Team Beta,
BATCH-01225,2025-04-09,Plant 01,Line 4,Veloce S,Afternoon,59,0,None,0,0,38.72,80.74,98.39,SUP-08,Powertrain,Passed,20.7,Team Gamma,Minor process adjustment performed.
BATCH-00253,2025-07-28,Plant 02,Line 3,Aquila GT,Afternoon,67,0,None,0,0,53.69,89.86,97.21,SUP-08,Electronics,Passed,21.9,Team Gamma,
BATCH-01608,2025-08-19,Plant 02,Line 4,Aquila GT,Morning,109,3,Assembly,2,1,59.4,67.43,93.6,SUP-09,Body,Review,19.0,Team Gamma,Minor process adjustment performed.
BATCH-01583,2025-05-13,Plant 02,Line 1,Aquila GT,Afternoon,59,0,None,0,0,4.68,64.68,100,SUP-10,Interior,Passed,22.5,Team Delta,Minor process adjustment performed.
BATCH-00034,2025-07-29,Plant 02,Line 3,Veloce S,Morning,52,0,None,0,0,35.28,84.86,98.64,SUP-09,Powertrain,Passed,23.6,Team Beta,Minor process adjustment performed.
BATCH-00851,2025-03-26,Plant 01,Line 2,Strada X,Night,88,3,Assembly,1,1,0.9,71.07,96.71,SUP-06,Powertrain,Review,19.2,Team Delta,
BATCH-00902,2025-01-03,Plant 01,Line 4,Eterna,Morning,73,1,Dimensional,0,1,15.68,87.09,95.19,SUP-04,Body,Passed,22.4,Team Alpha,
BATCH-01646,2025-06-09,Plant 01,Line 3,Veloce S,Afternoon,63,1,Interior,1,0,30.26,77.47,97.0,SUP-04,Interior,Passed,23.5,Team Beta,
BATCH-00839,2025-01-20,Plant 01,Line 1,Strada X,Morning,65,1,Dimensional,0,1,37.09,74.13,96.99,SUP-03,Body,Passed,21.2,Team Delta,
BATCH-00852,2025-05-04,Plant 02,Line 3,Veloce S,Afternoon,72,1,Electronics,0,0,31.65,89.23,97.05,SUP-09,Interior,Passed,22.1,Team Alpha,
BATCH-00398,2025-03-25,Plant 02,Line 1,Eterna,Night,50,2,Dimensional,2,0,33.15,84.85,93.0,SUP-03,Interior,Review,22.6,Team Beta,Routine quality inspection completed.
BATCH-00027,2025-05-23,Plant 01,Line 1,Eterna,Morning,101,3,Assembly,2,1,12.7,86.22,94.17,SUP-02,Powertrain,Review,20.4,Team Gamma,
BATCH-00065,2025-08-28,Plant 02,Line 1,Eterna,Afternoon,101,0,None,0,0,42.5,73.03,98.65,SUP-06,Interior,Passed,28.0,Team Delta,
BATCH-01071,2025-04-19,Plant 02,Line 4,Aquila GT,Afternoon,119,3,Mechanical,0,2,38.8,71.19,94.02,SUP-03,Body,Review,24.1,Team Delta,
BATCH-00711,2025-04-24,Plant 01,Line 4,Veloce S,Night,104,5,Electronics,0,5,10.94,87.14,92.77,SUP-12,Suspension,Failed,20.8,Team Alpha,Production line calibration completed.
BATCH-00055,2025-05-29,Plant 01,Line 2,Veloce S,Night,118,3,Electronics,0,3,0.0,90.87,95.4,SUP-11,Body,Review,24.3,Team Alpha,Routine quality inspection completed.
BATCH-01616,2025-10-11,Plant 02,Line 4,Aquila GT,Morning,60,1,Paint,0,1,24.14,73.93,95.94,SUP-05,Body,Passed,19.8,Team Beta,Minor process adjustment performed.
BATCH-01805,2025-03-12,Plant 01,Line 3,Eterna,Morning,110,3,Electronics,2,0,11.27,98.23,96.41,SUP-10,Body,Review,23.4,Team Alpha,Routine quality inspection completed.
BATCH-00304,2025-07-18,Plant 01,Line 1,Aquila GT,Night,58,1,Dimensional,1,0,39.52,81.59,97.33,SUP-10,Interior,Passed,25.4,Team Delta,Supplier component verification required.
BATCH-01917,2025-06-20,Plant 02,Line 1,Eterna,Afternoon,113,5,Assembly,2,0,47.37,91.27,93.8,SUP-10,Electronics,Failed,23.0,Team Alpha,
BATCH-00907,2025-03-21,Plant 02,Line 4,Strada X,Morning,77,4,Mechanical,4,0,32.07,81.09,90.4,SUP-07,Braking,Failed,19.9,Team Gamma,Minor process adjustment performed.
BATCH-01285,2025-06-12,Plant 02,Line 3,Eterna,Night,75,3,Paint,1,0,6.44,71.29,92.3,SUP-09,Body,Review,26.5,Team Alpha,Minor process adjustment performed.
BATCH-00210,2025-11-05,Plant 01,Line 1,Eterna,Night,120,3,Interior,2,1,10.53,78.88,93.94,SUP-01,Interior,Review,20.1,Team Beta,Minor process adjustment performed.
BATCH-01289,2025-03-25,Plant 01,Line 4,Eterna,Night,52,2,Mechanical,2,0,68.08,79.03,92.94,SUP-11,Body,Review,24.7,Team Gamma,
BATCH-01358,2025-07-18,Plant 02,Line 4,Strada X,Afternoon,100,1,Mechanical,0,0,50.79,66.12,96.81,SUP-12,Suspension,Passed,23.1,Team Gamma,Production line calibration completed.
BATCH-00420,2025-08-21,Plant 02,Line 2,Veloce S,Afternoon,113,2,Dimensional,1,0,34.58,76.17,97.39,SUP-09,Powertrain,Passed,21.8,Team Alpha,
BATCH-01368,2025-11-14,Plant 01,Line 4,Veloce S,Morning,115,2,Interior,0,2,3.71,83.91,95.97,SUP-09,Braking,Passed,24.2,Team Alpha,
BATCH-00712,2025-08-04,Plant 02,Line 2,Strada X,Morning,106,2,Assembly,2,0,0.0,84.26,95.81,SUP-06,Powertrain,Passed,22.7,Team Alpha,Production line calibration completed.
BATCH-00640,2025-02-24,Plant 02,Line 1,Veloce S,Night,106,3,Electronics,0,0,27.97,74.41,96.2,SUP-12,Powertrain,Review,22.8,Team Delta,Production line calibration completed.
BATCH-01027,2025-08-19,Plant 02,Line 4,Eterna,Night,109,4,Mechanical,3,1,20.28,81.3,94.95,SUP-03,Braking,Review,24.4,Team Beta,
BATCH-01054,2025-12-05,Plant 01,Line 4,Aquila GT,Afternoon,92,1,Electronics,1,0,16.67,78.16,95.26,SUP-12,Electronics,Passed,24.7,Team Gamma,Supplier component verification required.
BATCH-01091,2025-06-18,Plant 01,Line 2,Veloce S,Afternoon,56,1,Mechanical,0,1,11.83,79.14,96.67,SUP-01,Powertrain,Passed,20.1,Team Alpha,
BATCH-01935,2025-05-15,Plant 01,Line 1,Eterna,Morning,106,3,Electronics,2,0,31.76,78.07,94.98,SUP-09,Suspension,Review,24.2,Team Gamma,
BATCH-01477,2025-05-04,Plant 02,Line 3,Strada X,Night,49,0,None,0,0,43.86,86.38,96.32,SUP-05,Suspension,Passed,21.8,Team Beta,Minor process adjustment performed.
BATCH-00781,2025-01-17,Plant 01,Line 3,Eterna,Afternoon,97,2,Electronics,0,2,42.87,82.81,96.14,SUP-04,Interior,Passed,18.3,Team Delta,
BATCH-01854,2025-06-10,Plant 01,Line 3,Aquila GT,Night,76,4,Dimensional,4,0,50.08,77.52,91.85,SUP-10,Electronics,Failed,24.2,Team Beta,Supplier component verification required.
BATCH-01702,2025-04-17,Plant 02,Line 1,Strada X,Afternoon,82,0,None,0,0,,82.64,99.45,SUP-08,Powertrain,Passed,24.9,Team Gamma,
BATCH-00625,2025-06-06,Plant 01,Line 2,Aquila GT,Morning,76,1,Assembly,1,0,36.8,79.89,,SUP-12,Interior,Passed,20.1,Team Beta,Supplier component verification required.
BATCH-01389,2025-07-27,Plant 01,Line 1,Aquila GT,Night,69,1,Electronics,0,0,36.86,77.48,94.62,SUP-04,Braking,Passed,24.3,Team Gamma,
BATCH-01294,2025-04-25,Plant 02,Line 3,Eterna,Night,118,4,Dimensional,1,2,712.77,106.83,93.77,SUP-07,Electronics,Review,26.3,Team Alpha,Production line calibration completed.
BATCH-00141,2025-08-26,Plant 01,Line 4,Veloce S,Morning,111,2,Assembly,0,1,27.69,91.08,95.88,SUP-04,Braking,Passed,20.4,Team Delta,
BATCH-01923,2025-08-27,Plant 02,Line 3,Eterna,Afternoon,75,2,Interior,1,0,8.32,79.11,93.79,SUP-01,Electronics,Review,23.3,Team Beta,
BATCH-00766,2025-11-28,Plant 02,Line 4,Aquila GT,Afternoon,74,1,Dimensional,1,0,16.79,64.93,95.58,SUP-07,Braking,Passed,25.4,Team Alpha,Routine quality inspection completed.
BATCH-01341,2025-01-13,Plant 01,Line 4,Veloce S,Morning,91,2,Electronics,2,0,43.51,79.29,95.02,SUP-09,Interior,Passed,22.6,Team Delta,Minor process adjustment performed.
BATCH-01556,2025-06-03,Plant 01,Line 3,Veloce S,Morning,67,3,Dimensional,1,1,58.44,77.37,96.13,SUP-08,Suspension,Failed,25.1,Team Gamma,Minor process adjustment performed.
BATCH-01454,2025-06-03,Plant 02,Line 4,Strada X,Night,113,3,Dimensional,2,1,38.58,66.66,95.11,SUP-12,Interior,Review,24.6,Team Beta,
BATCH-00368,2025-07-27,Plant 01,Line 1,Strada X,Night,106,1,Dimensional,0,0,24.88,81.94,96.19,SUP-06,Braking,Passed,20.2,Team Alpha,Supplier component verification required.
BATCH-01168,2025-09-06,Plant 01,Line 1,Veloce S,Afternoon,93,0,None,0,0,53.08,80.88,97.84,SUP-03,Braking,Passed,22.5,Team Gamma,Routine quality inspection completed.
BATCH-01017,2025-12-13,Plant 02,Line 4,Strada X,Afternoon,59,1,Electronics,0,1,9.21,87.11,97.99,SUP-11,Suspension,Passed,22.9,Team Alpha,
BATCH-01319,2025-11-03,Plant 01,Line 4,Veloce S,Afternoon,56,2,Paint,1,0,30.42,84.72,94.84,SUP-10,Powertrain,Review,23.5,Team Alpha,Routine quality inspection completed.
BATCH-01034,2025-01-13,Plant 02,Line 4,Eterna,Morning,55,0,None,0,0,52.31,73.13,97.47,SUP-05,Powertrain,Passed,21.3,Team Delta,Supplier component verification required.
BATCH-00525,2025-08-19,Plant 01,Line 3,Veloce S,Morning,96,1,Assembly,0,0,37.2,81.9,96.62,SUP-05,Suspension,Passed,23.8,Team Delta,Supplier component verification required.
BATCH-01869,2025-12-15,Plant 01,Line 3,Eterna,Morning,77,3,Dimensional,0,0,83.96,74.04,93.42,SUP-06,Body,Review,22.8,Team Beta,Routine quality inspection completed.
BATCH-00333,2025-09-05,Plant 01,Line 4,Eterna,Night,107,1,Mechanical,0,0,16.59,85.54,96.8,SUP-06,Braking,Passed,22.5,Team Alpha,
BATCH-01245,2025-08-14,Plant 02,Line 2,Aquila GT,Morning,79,1,Dimensional,1,0,46.14,103.34,98.97,SUP-02,Braking,Passed,18.6,Team Alpha,Minor process adjustment performed.
BATCH-00225,2025-01-28,Plant 02,Line 2,Veloce S,Afternoon,57,0,None,0,0,12.41,77.21,98.95,SUP-12,Body,Passed,23.8,Team Beta,Supplier component verification required.
BATCH-00549,2025-04-18,Plant 02,Line 1,Strada X,Morning,84,0,None,0,0,16.15,83.45,99.21,SUP-03,Interior,Passed,23.8,Team Alpha,
BATCH-00769,2025-09-14,Plant 02,Line 3,Aquila GT,Afternoon,69,2,Electronics,0,0,57.63,79.69,95.77,SUP-10,Electronics,Review,21.2,Team Alpha,
BATCH-01738,2025-10-11,Plant 02,Line 4,Aquila GT,Afternoon,74,1,Mechanical,0,0,7.54,82.24,97.76,SUP-09,Interior,Passed,21.6,Team Beta,Routine quality inspection completed.
BATCH-00363,2025-03-18,Plant 02,Line 1,Eterna,Afternoon,96,3,Electronics,1,1,21.63,83.94,94.51,SUP-08,Interior,Review,24.6,Team Gamma,
BATCH-00434,2025-11-02,Plant 01,Line 4,Veloce S,Morning,82,0,None,0,0,,93.26,99.73,SUP-04,Powertrain,Passed,22.5,Team Delta,
BATCH-00178,2025-04-13,Plant 02,Line 2,Strada X,Afternoon,60,0,None,0,0,0.0,82.31,99.2,SUP-11,Powertrain,Passed,18.5,Team Alpha,
BATCH-00260,2025-01-06,Plant 01,Line 3,Strada X,Morning,72,2,Dimensional,1,0,50.53,79.83,95.09,SUP-09,Suspension,Review,26.0,Team Delta,
BATCH-01310,2025-02-25,Plant 01,Line 3,Veloce S,Afternoon,84,1,Mechanical,0,1,43.38,95.98,95.52,SUP-08,Interior,Passed,23.2,Team Delta,Supplier component verification required.
BATCH-00539,2025-05-09,Plant 02,Line 4,Eterna,Morning,105,4,Paint,0,4,21.85,75.77,91.71,SUP-03,Electronics,Review,25.5,Team Delta,
BATCH-00637,2025-08-15,Plant 02,Line 4,Strada X,Afternoon,111,0,None,0,0,36.78,91.52,98.1,SUP-02,Electronics,Passed,24.6,Team Beta,Minor process adjustment performed.
BATCH-00632,2025-08-20,Plant 01,Line 1,Strada X,Afternoon,107,1,Dimensional,0,0,0.0,101.51,95.36,SUP-01,Interior,Passed,23.0,Team Gamma,
BATCH-00029,2025-02-16,Plant 01,Line 3,Veloce S,Morning,119,1,Paint,0,0,53.86,67.96,95.93,SUP-04,Powertrain,Passed,22.1,Team Beta,
BATCH-01152,2025-10-23,Plant 01,Line 2,Veloce S,Morning,72,1,Dimensional,1,0,32.91,86.53,96.04,SUP-02,Body,Passed,22.3,Team Beta,
BATCH-01333,2025-07-12,Plant 01,Line 4,Eterna,Morning,111,3,Dimensional,2,0,39.56,72.35,94.16,SUP-02,Electronics,Review,20.0,Team Beta,
BATCH-00590,2025-04-16,Plant 01,Line 1,Eterna,Night,110,2,Assembly,2,0,36.25,78.17,94.57,SUP-03,Electronics,Passed,19.8,Team Alpha,
BATCH-00827,2025-09-19,Plant 02,Line 3,Aquila GT,Afternoon,93,1,Electronics,1,0,26.44,77.64,95.75,SUP-12,Braking,Passed,25.8,Team Alpha,
BATCH-00411,2025-10-13,Plant 02,Line 1,Strada X,Afternoon,118,5,Dimensional,1,4,20.79,74.64,91.47,SUP-01,Suspension,Failed,21.6,Team Beta,
BATCH-00846,2025-12-19,Plant 01,Line 1,Eterna,Night,102,0,None,0,0,58.47,79.7,97.84,SUP-02,Powertrain,Passed,21.7,Team Alpha,
BATCH-00406,2025-04-29,Plant 01,Line 4,Aquila GT,Night,65,1,Mechanical,1,0,47.73,88.68,97.52,SUP-11,Body,Passed,25.8,Team Gamma,
BATCH-01356,2025-01-18,Plant 01,Line 1,Veloce S,Night,92,1,Dimensional,1,0,0.0,81.82,99.35,SUP-10,Braking,Passed,26.6,Team Alpha,Routine quality inspection completed.
BATCH-00558,2025-07-31,Plant 02,Line 1,Strada X,Morning,104,3,Paint,1,1,27.42,78.81,94.97,SUP-11,Electronics,Review,23.3,Team Delta,
BATCH-00470,22/08/2025,Plant 01,Line 3,Eterna,Morning,81,0,None,0,0,55.72,75.9,96.3,SUP-11,Body,Passed,21.6,Team Beta,Minor process adjustment performed.
BATCH-01958,2025-12-01,Plant 02,Line 1,Strada X,Night,53,0,None,0,0,31.45,85.49,99.26,SUP-01,Body,Passed,24.3,Team Gamma,
BATCH-00214,2025-11-22,Plant 01,Line 1,Veloce S,Afternoon,102,3,Dimensional,0,2,52.67,78.2,94.94,SUP-08,Braking,Review,23.2,Team Delta,Production line calibration completed.
BATCH-01706,2025-07-19,Plant 02,Line 1,Eterna,Afternoon,83,2,Dimensional,0,1,18.95,83.92,95.67,SUP-01,Braking,Passed,26.9,Team Delta,Minor process adjustment performed.
BATCH-00063,2025-01-10,Plant 02,Line 1,Veloce S,Afternoon,62,0,None,0,0,45.75,80.88,97.9,SUP-08,Suspension,Passed,21.4,Team Delta,
BATCH-00288,2025-05-05,Plant 02,Line 3,Strada X,Night,74,2,Mechanical,0,1,26.92,79.7,96.89,SUP-07,Interior,Review,21.6,Team Delta,
BATCH-00127,2025-03-15,Plant 01,Line 2,Aquila GT,Night,65,0,None,0,0,4.94,81.01,99.93,SUP-02,Body,Passed,21.6,Team Beta,
BATCH-01649,2025-03-14,Plant 02,Line 2,Aquila GT,Night,46,2,Electronics,1,0,23.67,86.59,94.07,SUP-01,Suspension,Failed,19.9,Team Alpha,
BATCH-00332,2025-04-24,Plant 01,Line 2,Eterna,Morning,101,2,Paint,1,0,25.45,82.3,97.86,SUP-12,Powertrain,Passed,21.5,Team Alpha,Production line calibration completed.
BATCH-01259,2025-04-16,Plant 01,Line 1,Veloce S,Morning,53,5,Mechanical,3,0,17.32,88.12,88.96,SUP-07,Suspension,Failed,22.1,Team Gamma,Minor process adjustment performed.
BATCH-00949,2025-06-15,Plant 02,Line 1,Aquila GT,Afternoon,74,0,None,0,0,30.71,99.52,96.92,SUP-07,Braking,Passed,21.6,Team Gamma,
BATCH-01554,2025-01-08,Plant 02,Line 3,Strada X,Night,117,8,Paint,2,3,38.74,71.05,90.71,SUP-04,Body,Failed,20.1,Team Alpha,Routine quality inspection completed.
BATCH-01404,2025-01-30,Plant 01,Line 3,Strada X,Morning,75,2,Mechanical,0,1,62.19,75.09,94.77,SUP-07,Suspension,Review,17.2,Team Alpha,
BATCH-00824,2025-04-02,Plant 01,Line 2,Veloce S,Night,74,0,None,0,0,31.02,96.79,97.71,SUP-11,Interior,Passed,21.5,Team Beta,Routine quality inspection completed.
BATCH-01650,2025-03-23,Plant 01,Line 4,Eterna,Afternoon,91,3,Mechanical,0,2,57.05,91.25,96.04,SUP-07,Body,Review,21.0,Team Alpha,Production line calibration completed.
BATCH-00194,2025-09-27,Plant 02,Line 4,Aquila GT,Morning,105,1,Interior,1,0,41.26,89.19,99.45,SUP-06,Interior,Passed,22.5,Team Gamma,Production line calibration completed.
BATCH-01550,2025-11-01,Plant 01,Line 4,Aquila GT,Afternoon,65,0,None,0,0,13.75,70.46,98.82,SUP-02,Suspension,Passed,22.2,Team Delta,Production line calibration completed.
BATCH-00628,2025-01-21,Plant 02,Line 4,Strada X,Night,98,4,Electronics,3,1,32.21,80.77,94.61,SUP-03,Powertrain,Failed,22.1,Team Gamma,Routine quality inspection completed.
BATCH-00056,2025-12-11,Plant 01,Line 3,Aquila GT,Night,66,1,Dimensional,1,0,34.75,88.63,96.6,SUP-08,Braking,Passed,18.9,Team Gamma,
BATCH-00821,2025-12-23,Plant 02,Line 3,Strada X,Night,50,2,Assembly,1,1,36.45,87.59,93.95,SUP-03,Interior,Review,21.8,Team Beta,
BATCH-00099,2025-02-09,Plant 01,Line 3,Eterna,Afternoon,70,0,None,0,0,52.56,82.82,98.1,SUP-10,Braking,Passed,24.0,Team Alpha,Minor process adjustment performed.
BATCH-00695,2025-11-12,Plant 02,Line 3,Veloce S,Night,51,1,Dimensional,1,0,39.77,67.79,94.25,SUP-10,Body,Passed,26.5,Team Gamma,Minor process adjustment performed.
BATCH-00749,2025-07-13,Plant 01,Line 1,Aquila GT,Afternoon,47,2,Electronics,1,1,25.39,80.82,93.64,SUP-04,Electronics,Failed,24.0,Team Gamma,
BATCH-00330,2025-10-07,Plant 02,Line 3,Veloce S,Morning,84,0,None,0,0,59.12,82.64,98.58,SUP-02,Suspension,Passed,21.5,Team Beta,Production line calibration completed.
BATCH-00263,2025-06-04,Plant 02,Line 2,Aquila GT,Afternoon,64,2,Paint,1,1,,77.72,94.69,SUP-01,Body,Review,21.7,Team Alpha,Routine quality inspection completed.
BATCH-01022,2025-03-01,Plant 01,Line 1,Aquila GT,Morning,56,1,Electronics,0,1,6.48,64.17,96.89,SUP-09,Powertrain,Passed,22.4,Team Beta,Production line calibration completed.
BATCH-00254,2025-02-15,Plant 02,Line 1,Eterna,Afternoon,58,1,Electronics,1,0,35.35,71.2,96.67,SUP-11,Body,Passed,22.0,Team Gamma,
BATCH-01567,2025-10-30,Plant 02,Line 1,Aquila GT,Night,86,1,Electronics,0,0,69.63,91.13,96.91,SUP-09,Powertrain,Passed,22.4,Team Beta,
BATCH-01757,2025-11-12,Plant 01,Line 2,Eterna,Morning,79,0,None,0,0,59.06,84.31,96.5,SUP-09,Interior,Passed,20.6,Team Beta,Minor process adjustment performed.
BATCH-00661,2025-12-12,Plant 02,Line 2,Strada X,Morning,119,3,Assembly,2,0,52.18,99.85,91.83,SUP-12,Electronics,Review,20.4,Team Beta,
BATCH-00734,2025-01-22,Plant 01,Line 3,Aquila GT,Afternoon,112,6,Electronics,6,0,19.09,83.37,91.25,SUP-05,Suspension,Failed,19.9,Team Beta,
BATCH-00159,2025-12-01,Plant 01,Line 3,Veloce S,Morning,78,3,Electronics,1,2,62.06,76.65,93.5,SUP-10,Electronics,Review,23.3,Team Alpha,
BATCH-00266,2025-10-20,Plant 01,Line 3,Strada X,Morning,75,5,Paint,3,2,81.65,79.11,89.58,SUP-07,Body,Failed,22.7,Team Alpha,
BATCH-01908,2025-11-21,Plant 02,Line 3,Strada X,Morning,89,4,Paint,2,1,52.55,72.81,93.77,SUP-07,Body,Failed,21.7,Team Alpha,Minor process adjustment performed.
BATCH-01768,2025-02-04,Plant 02,Line 4,Strada X,Morning,58,1,Interior,1,0,31.01,86.09,97.6,SUP-08,Interior,Passed,26.8,Team Beta,Production line calibration completed.
BATCH-00199,2025-06-08,Plant 01,Line 4,Aquila GT,Night,88,3,Assembly,2,1,25.06,79.1,96.48,SUP-04,Interior,Review,20.8,Team Alpha,
BATCH-00557,2025-06-27,Plant 02,Line 2,Veloce S,Afternoon,48,0,None,0,0,28.1,85.13,98.98,SUP-12,Electronics,Passed,21.0,Team Beta,Routine quality inspection completed.
BATCH-00559,2025-10-14,Plant 02,Line 2,Veloce S,Morning,103,0,None,0,0,33.17,73.93,98.33,SUP-12,Suspension,Passed,22.5,Team Alpha,
BATCH-00216,2025-03-08,Plant 01,Line 2,Aquila GT,Morning,95,1,Paint,0,0,36.16,86.7,94.69,SUP-01,Suspension,Passed,20.0,Team Beta,
BATCH-01308,2025-08-01,Plant 01, Line 1 ,Eterna,Afternoon,97,0,None,0,0,26.5,74.06,97.24,SUP-06,Suspension,Passed,22.1,Team Delta,Routine quality inspection completed.
BATCH-00847,2025-06-03,Plant 02,Line 4,Veloce S,Night,106,1,Electronics,1,0,46.62,79.5,97.31,SUP-12,Electronics,Passed,23.5,Team Delta,Minor process adjustment performed.
BATCH-01201,2025-06-02,Plant 02,Line 3,Eterna,Night,63,5,Paint,5,0,56.25,86.82,87.62,SUP-07,Electronics,Failed,21.3,Team Delta,
BATCH-00828,2025-12-11,Plant 02,Line 2,Eterna,Morning,58,4,Assembly,0,2,20.09,66.77,89.21,SUP-05,Interior,Failed,21.3,Team Gamma,Minor process adjustment performed.
BATCH-01458,2025-08-09,Plant 01,Line 4,Eterna,Morning,57,0,None,0,0,53.26,69.16,96.43,SUP-01,Powertrain,Passed,23.2,Team Delta,Supplier component verification required.
BATCH-00479,2025-10-11,Plant 02,Line 4,Strada X,Morning,82,0,None,0,0,19.96,89.01,97.59,SUP-09,Braking,Passed,21.6,Team Delta,
BATCH-01264,2025-08-31,Plant 01,Line 4,Strada X,Afternoon,58,1,Electronics,1,0,27.15,85.12,96.8,SUP-08,Suspension,Passed,24.6,Team Alpha,Production line calibration completed.
BATCH-00837,2025-10-27,Plant 01,Line 4,Eterna,Night,68,0,None,0,0,37.58,76.72,99.39,SUP-01,Electronics,Passed,21.0,Team Alpha,Production line calibration completed.
BATCH-01464,2025-08-01,Plant 02,Line 2,Eterna,Afternoon,120,6,Mechanical,3,2,22.8,77.31,90.18,SUP-07,Body,Failed,19.5,Team Beta,
BATCH-01930,2025-04-14,Plant 02,Line 4,Aquila GT,Morning,113,0,None,0,0,10.13,88.27,100,SUP-09,Suspension,Passed,21.1,Team Delta,Production line calibration completed.
BATCH-00623,2025-05-10,Plant 02,Line 1,Aquila GT,Afternoon,115,1,Interior,1,0,43.49,79.46,94.27,SUP-12,Powertrain,Passed,20.4,Team Beta,Production line calibration completed.
BATCH-01914,2025-07-29,Plant 02,Line 4,Eterna,Morning,53,0,None,0,0,14.46,85.31,97.7,SUP-08,Body,Passed,22.5,Team Alpha,Supplier component verification required.
BATCH-00082,2025-08-10,Plant 01,Line 3,Veloce S,Night,55,3,Dimensional,3,0,73.73,95.3,89.28,SUP-07,Powertrain,Failed,23.4,Team Delta,
BATCH-00791,2025-01-10,Plant 01,Line 4,Aquila GT,Afternoon,90,4,Paint,3,1,0.0,86.01,92.54,SUP-07,Interior,Failed,24.4,Team Delta,
BATCH-00356,2025-08-09,Plant 01,Line 2,Strada X,Night,116,2,Mechanical,0,0,33.65,85.68,97.1,SUP-05,Interior,Passed,23.8,Team Beta,Routine quality inspection completed.
BATCH-01445,2025-04-06,Plant 02,Line 1,Veloce S,Night,61,1,Mechanical,0,0,32.61,95.87,97.75,SUP-05,Braking,Passed,24.1,Team Gamma,Minor process adjustment performed.
BATCH-00998,2025-09-01,Plant 01,Line 1,Aquila GT,Afternoon,100,1,Assembly,0,0,46.52,93.31,97.19,SUP-01,Suspension,Passed,24.4,Team Alpha,
BATCH-00152,2025-03-12,Plant 01,Line 1,Eterna,Night,100,1,Interior,0,0,16.51,98.42,95.88,SUP-09,Powertrain,Passed,18.7,Team Gamma,
BATCH-00644,2025-02-23,Plant 02,Line 2,Aquila GT,Afternoon,110,2,Paint,1,0,42.85,88.73,95.57,SUP-04,Body,Passed,23.7,Team Beta,
BATCH-00035,2025-02-21,Plant 02,Line 2,Aquila GT, Night ,67,2,Dimensional,2,0,42.98,93.38,93.65,SUP-06,Suspension,Review,21.1,Team Beta,Supplier component verification required.
BATCH-01639,2025-08-10,Plant 02,Line 2,Strada X,Afternoon,75,0,None,0,0,12.97,66.58,98.75,SUP-04,Braking,Passed,26.3,Team Alpha,
BATCH-00114,2025-05-11,Plant 02,Line 4,Strada X,Afternoon,113,2,Mechanical,0,1,40.19,73.61,95.15,SUP-12,Electronics,Passed,22.2,Team Alpha,
BATCH-00588,2025-10-19,Plant 02,Line 1,Strada X,Morning,78,2,Assembly,0,2,7.99,95.04,95.6,SUP-10,Electronics,Review,17.8,Team Beta,Production line calibration completed.
BATCH-00169,2025-07-07,Plant 02,Line 1,Strada X,Morning,100,1,Electronics,1,0,16.57,92.34,95.31,SUP-12,Body,Passed,23.8,Team Beta,
BATCH-01467,2025-01-20,Plant 02,Line 3,Veloce S,Afternoon,114,1,Electronics,0,0,41.73,91.74,99.41,SUP-05,Body,Passed,20.0,Team Beta,
BATCH-01037,2025-10-21,Plant 01,Line 3,Aquila GT,Night,70,4,Electronics,4,0,32.14,64.06,92.07,SUP-04,Powertrain,Failed,23.1,Team Delta,Minor process adjustment performed.
BATCH-00720,2025-10-05,Plant 02,Line 4,Veloce S,Night,91,0,None,0,0,51.48,87.67,96.16,SUP-10,Powertrain,Passed,20.3,Team Alpha,
BATCH-01216,2025-06-10,Plant 02,Line 3,Aquila GT,Afternoon,85,3,Interior,3,0,35.36,84.3,91.17,SUP-03,Electronics,Review,21.9,Team Alpha,Minor process adjustment performed.
BATCH-01779,2025-05-08,Plant 01,Line 2,Strada X,Morning,97,4,Mechanical,1,0,51.8,81.9,91.63,SUP-02,Suspension,Failed,20.4,Team Alpha,Minor process adjustment performed.
BATCH-00727,2025-04-26,Plant 02,Line 1,Veloce S,Night,89,2,Mechanical,2,0,36.76,97.87,94.82,SUP-07,Interior,Passed,17.9,Team Gamma,Production line calibration completed.
BATCH-01843,2025-08-31,Plant 02,Line 4,Strada X,Morning,72,3,Paint,0,0,39.27,93.46,92.36,SUP-11,Powertrain,Failed,18.0,Team Beta,
BATCH-01267,2025-01-09,Plant 01,Line 1,Aquila GT,Morning,58,2,Paint,2,0,16.1,74.14,94.59,SUP-06,Electronics,Review,18.9,Team Alpha,
BATCH-00785,2025-03-24,Plant 01,Line 2,Veloce S,Afternoon,86,3,Dimensional,1,0,62.29,83.65,93.54,SUP-12,Braking,Review,20.3,Team Delta,Minor process adjustment performed.
BATCH-00862,2025-05-21,Plant 02,Line 4,Aquila GT,Afternoon,80,0,None,0,0,40.86,82.88,97.8,SUP-04,Suspension,Passed,19.8,Team Alpha,Routine quality inspection completed.
BATCH-00546,2025-03-24,Plant 01,Line 2,Strada X,Afternoon,60,3,Dimensional,2,0,43.63,95.54,93.38,SUP-05,Electronics,Failed,18.8,Team Alpha,Routine quality inspection completed.
BATCH-01123,2025-05-30,Plant 02,Line 2,Strada X,Night,46,0,None,0,0,2.07,83.47,100,SUP-04,Suspension,Passed,22.7,Team Alpha,Supplier component verification required.
BATCH-00196,2025-10-18,Plant 02,Line 2,Strada X,Morning,78,2,Assembly,0,0,57.53,91.88,95.16,SUP-01,Powertrain,Review,21.7,Team Alpha,Minor process adjustment performed.
BATCH-00783,2025-12-01,Plant 02,Line 2,Eterna,Morning,60,0,None,0,0,61.54,81.3,98.12,SUP-06,Braking,Passed,19.4,Team Beta,Supplier component verification required.
BATCH-00638,2025-08-22,Plant 01,Line 4,Veloce S,Morning,72,0,None,0,0,52.21,80.5,97.02,SUP-02,Body,Passed,17.5,Team Alpha,
BATCH-00566,2025-10-29,Plant 01,Line 2,Strada X,Morning,84,1,Assembly,0,0,12.1,97.84,95.43,SUP-08,Braking,Passed,26.3,Team Gamma,Minor process adjustment performed.
BATCH-00554,2025-02-20,Plant 02,Line 4,Veloce S,Morning,111,1,Interior,1,0,22.63,84.17,97.79,SUP-03,Suspension,Passed,24.5,Team Delta,
BATCH-00250,2025-08-17,Plant 02,Line 3,Aquila GT,Afternoon,87,3,Paint,3,0,59.02,89.54,95.76,SUP-06,Body,Review,23.8,Team Gamma,Minor process adjustment performed.
BATCH-00465,2025-01-25,Plant 02,Line 4,Veloce S,Night,86,2,Interior,0,1,24.69,107.54,94.14,SUP-06,Interior,Passed,25.8,Team Delta,Supplier component verification required.
BATCH-00586,2025-03-06,Plant 02,Line 2,Strada X,Night,98,3,Paint,1,1,21.9,106.27,97.57,,Body,Review,19.3,Team Beta,
BATCH-00583,2025-10-27,Plant 01,Line 3,Aquila GT,Night,96,3,Paint,0,2,58.76,80.53,95.04,SUP-05,Braking,Review,25.1,Team Delta,
BATCH-01011,2025-09-08,Plant 01,Line 4,Strada X,Afternoon,96,4,Assembly,2,0,28.04,74.38,96.2,SUP-07,Braking,Failed,21.9,Team Delta,Routine quality inspection completed.
BATCH-00147,2025-08-03,Plant 02,Line 4,Aquila GT,Night,118,1,Interior,1,0,29.38,86.73,96.39,SUP-09,Electronics,Passed,25.5,Team Alpha,Production line calibration completed.
BATCH-01243,2025-07-31,Plant 01,Line 3,Veloce S,Night,91,1,Electronics,0,0,42.01,83.42,94.95,SUP-02,Electronics,Passed,23.3,Team Alpha,Routine quality inspection completed.
BATCH-01046,2025-05-15,Plant 02,Line 1,Aquila GT,Night,110,4,Electronics,1,2,18.28,107.51,94.4,SUP-12,Interior,Review,26.5,Team Beta,Supplier component verification required.
BATCH-00179,2025-09-09,Plant 02,Line 1,Eterna,Morning,57,0,None,0,0,33.15,78.49,99.31,SUP-03,Interior,Passed,23.3,Team Alpha,
BATCH-00971,2025-07-23,Plant 02,Line 1,Eterna,Afternoon,81,0,None,0,0,26.83,100.84,96.63,SUP-02,Interior,Passed,20.4,Team Alpha,Supplier component verification required.
BATCH-00297,2025-12-06,Plant 02,Line 3,Eterna,Morning,111,5,Mechanical,3,0,4.58,98.77,93.96,SUP-12,Suspension,Failed,26.7,Team Gamma,
BATCH-01722,2025-01-27,Plant 02,Line 1,Veloce S,Night,110,1,Interior,1,0,35.84,74.14,97.37,SUP-10,Suspension,Passed,23.5,Team Delta,Production line calibration completed.
BATCH-00806,2025-03-17,Plant 01,Line 4,Strada X,Night,91,1,Electronics,1,0,14.8,83.04,96.48,SUP-08,Electronics,Passed,20.9,Team Beta,Supplier component verification required.
BATCH-01861,2025-08-26,Plant 01,Line 2,Eterna,Morning,93,1,Paint,1,0,18.69,71.17,98.02,SUP-11,Interior,Passed,24.9,Team Delta,Supplier component verification required.
BATCH-01939,2025-06-13,Plant 01,Line 2,Aquila GT,Afternoon,95,1,Interior,1,0,31.15,58.53,97.5,SUP-05,Suspension,Passed,22.8,Team Beta,
BATCH-01391,2025-03-19,Plant 02,Line 4,Veloce S,Night,79,4,Mechanical,1,0,20.58,84.39,91.93,SUP-08,Powertrain,Failed,20.8,Team Gamma,
BATCH-01393,2025-01-08,Plant 01,Line 3,Eterna,Afternoon,100,0,None,0,0,39.56,100.77,98.45,SUP-08,Interior,Passed,22.7,Team Beta,Supplier component verification required.
BATCH-00364,2025-08-03,Plant 02,Line 2,Veloce S,Morning,102,4,Paint,3,1,5.52,88.81,91.57,SUP-11,Electronics,Review,22.6,Team Gamma,Production line calibration completed.
BATCH-01412,2025-12-23,Plant 02,Line 2,Eterna,Afternoon,47,1,Dimensional,1,0,39.72,89.24,97.25,SUP-04,Electronics,Passed,21.2,Team Gamma,Supplier component verification required.
BATCH-01382,2025-11-07,Plant 02,Line 4,Veloce S,Afternoon,95,0,None,0,0,30.77,82.77,96.41,SUP-09,Braking,Passed,23.8,Team Beta,Production line calibration completed.
BATCH-00042,2025-07-23,Plant 01,Line 4,Eterna,Morning,63,1,Dimensional,1,0,26.5,93.13,94.92,SUP-04,Interior,Passed,21.3,Team Delta,Production line calibration completed.
BATCH-00591,2025-09-21,Plant 01,Line 4,Aquila GT,Night,90,2,Paint,2,0,27.19,81.48,96.45,SUP-12,Electronics,Passed,23.1,Team Gamma,
BATCH-00666,2025-09-06,Plant 01,Line 2,Veloce S,Afternoon,47,2,Mechanical,0,0,18.75,72.73,93.18,SUP-12,Suspension,Failed,23.6,Team Beta,Routine quality inspection completed.
BATCH-00475,2025-11-19,Plant 02,Line 1,Eterna,Morning,88,0,None,0,0,28.51,90.72,98.54,SUP-01,Braking,Passed,25.7,Team Gamma,Production line calibration completed.
BATCH-00334,2025-04-19,Plant 01,Line 2,Aquila GT,Morning,103,2,Paint,0,0,16.32,96.53,98.11,SUP-09,Electronics,Passed,22.8,Team Alpha,Routine quality inspection completed.
BATCH-00722,2025-10-27,Plant 01,Line 1,Eterna,Night,63,1,Electronics,0,1,12.6,69.05,97.1,SUP-11,Electronics,Passed,24.0,Team Alpha,
BATCH-00991,2025-02-12,Plant 01,Line 2,Veloce S,Morning,56,1,Electronics,0,1,54.51,80.75,93.57,SUP-12,Suspension,Review,23.1,Team Delta,
BATCH-00713,2025-07-18,Plant 01,Line 2,Veloce S,Afternoon,82,2,Electronics,2,0,35.78,77.81,96.32,SUP-06,Body,Passed,24.0,Team Delta,
BATCH-01604,2025-08-24,Plant 01,Line 1,Eterna,Afternoon,109,0,None,0,0,60.01,82.42,96.4,SUP-12,Interior,Passed,15.5,Team Beta,Routine quality inspection completed.
BATCH-01193,2025-01-17,Plant 01,Line 3,Aquila GT,Night,84,3,Dimensional,3,0,51.07,81.79,94.27,SUP-07,Braking,Review,23.4,Team Gamma,Supplier component verification required.
BATCH-01873,2025-11-09,Plant 01,Line 1,Strada X,Night,116,1,Electronics,1,0,26.48,73.03,95.65,SUP-11,Interior,Passed,25.2,Team Beta,Supplier component verification required.
BATCH-00799,2025-02-12,Plant 02,Line 3,Eterna,Afternoon,95,1,Interior,1,0,19.86,80.77,97.64,SUP-04,Braking,Passed,19.1,Team Beta,
BATCH-00922,2025-11-01,Plant 01,Line 4,Aquila GT,Night,61,2,Dimensional,0,1,22.44,84.43,94.73,SUP-07,Braking,Review,20.1,Team Gamma,Routine quality inspection completed.
BATCH-00395,2025-11-16,Plant 02,Line 3,Aquila GT,Morning,45,3,Paint,1,0,21.81,67.86,90.19,SUP-01,Suspension,Failed,22.0,Team Delta,Minor process adjustment performed.
BATCH-00355,2025-04-03,Plant 01,Line 2,Strada X,Afternoon,83,1,Dimensional,1,0,11.4,77.17,97.15,SUP-12,Electronics,Passed,20.0,Team Delta,
BATCH-01692,2025-09-11,Plant 02,Line 4,Eterna,Afternoon,61,0,None,0,0,56.73,91.16,99.17,SUP-12,Suspension,Passed,20.8,Team Beta,
BATCH-00660,2025-12-14,Plant 02,Line 1,Aquila GT,Afternoon,87,2,Electronics,1,0,12.27,90.93,96.68,SUP-05,Electronics,Passed,21.8,Team Gamma,
BATCH-00520,2025-08-22,Plant 02,Line 2,Aquila GT,Morning,47,1,Interior,0,1,65.67,70.44,96.36,SUP-06,Body,Passed,22.9,Team Gamma,
BATCH-00001,2025-10-27,Plant 02,Line 1,Aquila GT,Night,73,0,None,0,0,22.11,79.65,98.4,SUP-05,Powertrain,Passed,19.8,Team Delta,Minor process adjustment performed.
BATCH-01134,2025-03-21,Plant 02,Line 1,Aquila GT,Night,90,2,Assembly,2,0,29.34,100.38,96.26,SUP-05,Suspension,Passed,22.4,Team Beta,Minor process adjustment performed.
BATCH-01874,2025-05-16,Plant 01,Line 1,Aquila GT,Morning,94,0,None,0,0,20.91,96.48,98.74,SUP-02,Interior,Passed,24.0,Team Delta,
BATCH-00964,2025-10-09,Plant 01,Line 4,Veloce S,Morning,47,0,None,0,0,28.27,81.09,97.23,SUP-01,Suspension,Passed,19.4,Team Beta,Supplier component verification required.
BATCH-00813,2025-02-23,Plant 01,Line 4,Strada X,Night,63,1,Dimensional,1,0,34.76,90.65,95.05,SUP-06,Body,Passed,20.3,Team Beta,Minor process adjustment performed.
BATCH-01315,2025-07-14,Plant 01,Line 1,Veloce S,Morning,69,0,None,0,0,6.16,83.1,97.57,SUP-01,Interior,Passed,20.4,Team Delta,Routine quality inspection completed.
BATCH-00521,2025-08-29,Plant 01,Line 1,Eterna,Morning,52,0,None,0,0,42.53,64.16,97.52,SUP-06,Braking,Passed,21.7,Team Beta,Routine quality inspection completed.
BATCH-00884,2025-05-10,Plant 02,Line 3,Aquila GT,Morning,109,6,Assembly,2,4,5.59,81.18,90.83,SUP-07,Braking,Failed,24.1,Team Gamma,Production line calibration completed.
BATCH-01314,2025-12-16,Plant 02,Line 4,Strada X,Night,48,2,Paint,2,0,24.54,90.68,93.74,SUP-06,Braking,Failed,22.4,Team Delta,
BATCH-01140,2025-09-06,Plant 01,Line 2,Eterna,Morning,107,1,Interior,0,1,30.32,94.71,97.78,SUP-09,Body,Passed,22.8,Team Delta,Supplier component verification required.
BATCH-00562,2025-03-05,Plant 01,Line 1,Strada X,Night,98,2,Electronics,0,2,26.63,85.84,93.9,SUP-04,Powertrain,Review,23.5,Team Gamma,
BATCH-01131,2025-10-15,Plant 02,Line 4,Eterna,Night,53,1,Electronics,1,0,69.41,84.49,93.87,SUP-05,Suspension,Review,22.3,Team Alpha,Minor process adjustment performed.
BATCH-01370,2025-10-02,Plant 02,Line 2,Aquila GT,Night,78,2,Interior,1,0,22.53,89.71,95.41,SUP-06,Interior,Review,21.2,Team Gamma,Supplier component verification required.
BATCH-01665,2025-02-22,Plant 02,Line 2,Strada X,Afternoon,93,0,None,0,0,46.55,87.21,96.58,SUP-01,Interior,Passed,18.9,Team Delta,Supplier component verification required.
BATCH-00054,2025-10-30,Plant 02,Line 3,Aquila GT,Morning,109,2,Dimensional,2,0,34.77,87.29,96.68,SUP-02,Interior,Passed,23.1,Team Delta,Minor process adjustment performed.
BATCH-00442,2025-03-23,Plant 02,Line 4,Aquila GT,Afternoon,61,0,None,0,0,30.62,88.76,98.18,SUP-11,Powertrain,Passed,22.1,Team Beta,Production line calibration completed.
BATCH-00597,2025-01-12,Plant 02,Line 1,Eterna,Night,81,3,Assembly,2,0,33.87,93.65,93.44,SUP-07,Powertrain,Review,21.1,Team Gamma,Minor process adjustment performed.
BATCH-00049,2025-01-28,Plant 01,Line 2,Aquila GT,Night,51,0,None,0,0,33.11,94.31,98.52,SUP-11,Interior,Passed,21.6,Team Beta,Routine quality inspection completed.
BATCH-00235,2025-09-16,Plant 02,Line 3,Eterna,Afternoon,107,1,Dimensional,0,0,46.5,74.68,98.07,SUP-08,Body,Passed,25.1,Team Beta,
BATCH-01078,2025-05-10,Plant 02,Line 2,Veloce S,Night,68,3,Paint,0,3,59.95,89.93,92.45,SUP-10,Braking,Failed,21.6,Team Gamma,Production line calibration completed.
BATCH-01527,2025-02-12,Plant 01,Line 1,Veloce S,Morning,49,0,None,0,0,17.79,84.5,99.42,SUP-01,Body,Passed,28.5,Team Beta,
BATCH-00778,2025-07-09,Plant 02,Line 2,Eterna,Morning,69,0,None,0,0,42.03,97.88,98.22,SUP-04,Powertrain,Passed,24.6,Team Beta,Minor process adjustment performed.
BATCH-01637,2025-01-19,Plant 01,Line 4,Veloce S,Night,63,3,Dimensional,1,2,55.81,91.86,91.28,SUP-06,Braking,Failed,19.6,Team Gamma,Routine quality inspection completed.
BATCH-01148,2025-12-20,Plant 02,Line 4,Aquila GT,Morning,103,1,Paint,1,0,33.46,86.0,97.95,SUP-03,Braking,Passed,23.5,Team Alpha,Minor process adjustment performed.
BATCH-00659,2025-10-02,Plant 02,Line 4,Strada X,Afternoon,74,1,Dimensional,1,0,38.51,80.39,97.04,SUP-04,Braking,Passed,27.2,Team Alpha,
BATCH-01325,2025-05-08,Plant 01,Line 2,Veloce S,Morning,62,0,None,0,0,8.55,68.96,99.05,SUP-08,Suspension,Passed,22.4,Team Alpha,Production line calibration completed.
BATCH-01777,2025-10-14,Plant 01,Line 3,Eterna,Afternoon,81,2,Interior,0,1,22.53,70.55,93.1,SUP-07,Interior,Review,21.8,Team Alpha,Production line calibration completed.
BATCH-00681,2025-11-18,Plant 01,Line 2,Aquila GT,Night,75,2,Interior,0,0,29.58,79.46,95.09,SUP-08,Body,Review,20.3,Team Alpha,
BATCH-00417,2025-04-20,Plant 01,Line 2,Aquila GT,Afternoon,87,5,Electronics,2,2,14.46,89.02,90.53,SUP-09,Powertrain,Failed,21.1,Team Delta,Production line calibration completed.
BATCH-01167,2025-12-02,Plant 01,Line 4,Veloce S,Afternoon,89,1,Assembly,1,0,18.83,93.24,96.42,SUP-03,Powertrain,Passed,22.3,Team Beta,
BATCH-01543,2025-03-10,Plant 01,Line 1,Eterna,Afternoon,84,2,Mechanical,0,2,11.64,92.49,94.7,SUP-10,Powertrain,Passed,23.3,Team Delta,
BATCH-00279,2025-05-02,Plant 01,Line 1,Aquila GT,Afternoon,47,0,None,0,0,36.79,107.3,97.82,SUP-01,Electronics,Passed,25.4,Team Gamma,Minor process adjustment performed.
BATCH-01405,2025-06-09,Plant 02,Line 3,Strada X,Night,54,2,Mechanical,1,1,32.56,87.31,91.48,SUP-07,Interior,Review,22.0,Team Delta,
BATCH-00649,2025-01-27,Plant 01,Line 1,Aquila GT, Night ,97,1,Assembly,0,0,39.73,97.65,95.44,SUP-03,Braking,Passed,16.9,Team Gamma,Supplier component verification required.
BATCH-00903,2025-09-03,Plant 02,Line 1,Eterna,Night,109,2,Assembly,0,2,21.19,83.34,96.86,SUP-05,Suspension,Passed,19.6,Team Beta,Production line calibration completed.
BATCH-00537,2025-01-18,Plant 01, Line 1 ,Eterna,Night,75,0,None,0,0,51.13,77.92,96.81,SUP-08,Braking,Passed,24.4,Team Delta,
BATCH-00064,2025-10-04,Plant 01,Line 2,Aquila GT,Morning,120,1,Electronics,1,0,35.45,94.66,96.18,SUP-11,Braking,Passed,22.6,Team Alpha,Supplier component verification required.
BATCH-00933,2025-07-13,Plant 02,Line 1,Eterna,Afternoon,81,2,Assembly,1,0,17.77,89.99,94.85,SUP-07,Interior,Passed,24.5,Team Delta,Routine quality inspection completed.
BATCH-00691,2025-12-08,Plant 01,Line 3,Aquila GT,Night,85,5,Dimensional,0,2,41.71,73.22,89.76,SUP-03,Electronics,Failed,22.6,Team Gamma,
BATCH-00875,2025-09-17,Plant 02,Line 4,Eterna,Morning,116,2,Dimensional,2,0,28.05,96.6,95.42,SUP-06,Powertrain,Passed,21.8,Team Delta,
BATCH-00381,2025-08-12,Plant 01,Line 1,Strada X,Morning,78,2,Mechanical,0,0,26.66,114.56,94.85,SUP-02,Body,Review,24.2,Team Gamma,
BATCH-01962,2025-01-20,Plant 02,Line 3,Veloce S,Night,101,4,Electronics,3,1,56.87,89.95,95.33,SUP-12,Suspension,Review,19.2,Team Alpha,Routine quality inspection completed.
BATCH-01598,2025-09-24,Plant 02,Line 4,Strada X,Morning,85,1,Electronics,0,0,,84.41,97.03,SUP-02,Suspension,Passed,24.3,Team Gamma,Supplier component verification required.
BATCH-00904,2025-04-06,Plant 01,Line 2,Aquila GT,Night,48,1,Assembly,0,0,14.12,87.11,96.23,,Electronics,Passed,26.9,Team Gamma,
BATCH-01365,2025-06-05,Plant 01,Line 1,Eterna,Afternoon,89,2,Dimensional,0,2,17.24,81.02,97.72,SUP-07,Braking,Passed,21.1,Team Beta,Routine quality inspection completed.
BATCH-01635,2025-11-04,Plant 02,Line 2,Strada X,Afternoon,61,0,None,0,0,23.29,72.99,98.42,SUP-02,Suspension,Passed,21.5,Team Beta,
BATCH-01482,2025-11-26,Plant 01,Line 4,Eterna,Morning,77,1,Assembly,1,0,39.59,85.08,94.98,SUP-01,Interior,Passed,23.1,Team Alpha,Routine quality inspection completed.
BATCH-00051,2025-08-19,Plant 01,Line 1,Strada X,Morning,62,0,None,0,0,52.26,76.71,98.51,SUP-12,Interior,Passed,24.2,Team Beta,Production line calibration completed.
BATCH-01428,2025-04-22,Plant 01,Line 4,Strada X,Morning,50,0,None,0,0,24.16,65.99,96.98,SUP-06,Suspension,Passed,22.6,Team Delta,
BATCH-01794,2025-08-23,Plant 01,Line 1,Eterna,Morning,47,3,Electronics,1,2,20.95,96.75,88.75,SUP-12,Body,Failed,23.0,Team Delta,Production line calibration completed.
BATCH-00408,2025-09-07,Plant 01,Line 3,Strada X,Afternoon,50,0,None,0,0,36.3,64.45,97.68,SUP-12,Braking,Passed,20.3,Team Beta,Production line calibration completed.
BATCH-01063,2025-02-11,Plant 02,Line 3,Aquila GT,Afternoon,57,1,Assembly,0,0,47.06,88.34,96.22,SUP-05,Suspension,Passed,24.9,Team Delta,
BATCH-00943,2025-06-22,Plant 01,Line 1,Strada X,Afternoon,85,2,Mechanical,0,2,39.06,83.44,95.44,SUP-12,Interior,Passed,24.0,Team Delta,Supplier component verification required.
BATCH-01197,2025-02-09,Plant 01,Line 4,Veloce S,Morning,85,1,Interior,0,1,19.42,84.75,99.29,SUP-10,Interior,Passed,22.5,Team Gamma,
BATCH-01800,2025-10-21,Plant 01,Line 4,Eterna,Afternoon,48,1,Dimensional,1,0,29.55,82.92,94.89,SUP-03,Interior,Passed,23.3,Team Alpha,
BATCH-01180,2025-06-08,Plant 01,Line 4,Eterna,Night,62,1,Interior,0,0,22.15,89.6,94.19,SUP-07,Braking,Passed,21.9,Team Gamma,Production line calibration completed.
BATCH-01907,01-11-2025,Plant 02,Line 3,Aquila GT,Afternoon,106,0,None,0,0,43.78,73.82,97.31,SUP-02,Electronics,Passed,21.0,Team Alpha,Supplier component verification required.
BATCH-01415,2025-05-24,Plant 02,Line 3,Aquila GT,Morning,99,4,Assembly,0,0,16.44,101.67,95.58,SUP-11,Suspension,Failed,25.9,Team Gamma,Routine quality inspection completed.
BATCH-00877,2025-05-07,Plant 01,Line 1,Veloce S,Afternoon,64,2,Electronics,1,0,28.55,79.63,93.97,SUP-09,Body,Review,21.8,Team Delta,Production line calibration completed.
BATCH-00887,2025-03-28,Plant 02,Line 4,Eterna,Morning,103,4,Mechanical,0,0,21.02,75.24,96.67,SUP-12,Body,Review,23.3,Team Gamma,Minor process adjustment performed.
BATCH-00427,2025-12-25,Plant 02,Line 4,Eterna,Morning,68,2,Mechanical,2,0,34.05,89.95,94.63,SUP-04,Body,Review,23.6,Team Gamma,Supplier component verification required.
BATCH-00606,2025-04-21,Plant 01,Line 2,Aquila GT,Morning,81,1,Mechanical,1,0,16.67,77.73,96.16,SUP-09,Braking,Passed,23.1,Team Beta,Supplier component verification required.
BATCH-01818,2025-08-01,Plant 01,Line 3,Eterna,Afternoon,54,2,Interior,0,0,42.42,86.3,94.29,SUP-03,Suspension,Review,19.7,Team Beta,
BATCH-00261,2025-12-05,Plant 02,Line 3,Eterna,Afternoon,94,0,None,0,0,21.85,101.01,95.14,SUP-09,Powertrain,Passed,19.5,Team Delta,
BATCH-00440,2025-07-24,Plant 01,Line 2,Aquila GT,Night,76,2,Mechanical,1,0,20.81,74.5,92.6,SUP-03,Suspension,Review,19.6,Team Alpha,
BATCH-01251,2025-09-07,Plant 01,Line 4,Eterna,Morning,76,0,None,0,0,24.12,73.35,97.34,SUP-11,Braking,Passed,21.5,Team Beta,
BATCH-01717,2025-02-14,Plant 02,Line 2,Eterna,Night,88,0,None,0,0,38.93,80.61,98.1,SUP-12,Powertrain,Passed,24.2,Team Beta,Production line calibration completed.
BATCH-00909,2025-05-09,Plant 02,Line 3,Eterna,Morning,120,4,Assembly,0,1,56.2,95.18,93.25,SUP-11,Body,Review,20.8,Team Delta,Routine quality inspection completed.
BATCH-01311,2025-09-14,Plant 01,Line 4,Aquila GT,Night,83,2,Paint,2,0,9.53,86.06,95.89,SUP-12,Powertrain,Passed,21.4,Team Delta,
BATCH-01284,2025-10-03,Plant 01,Line 1,Aquila GT,Afternoon,83,1,Paint,0,0,7.99,74.47,97.69,SUP-12,Body,Passed,24.0,Team Gamma,
BATCH-01170,2025-01-23,Plant 01,Line 4,Aquila GT,Night,116,2,Mechanical,2,0,43.79,84.51,94.6,SUP-01,Braking,Passed,21.7,Team Delta,
BATCH-01354,2025-08-27,Plant 01,Line 2,Aquila GT,Afternoon,65,1,Dimensional,0,1,15.74,83.24,97.06,SUP-06,Braking,Passed,25.6,Team Alpha,
BATCH-00563,2025-10-21,Plant 01,Line 4,Veloce S,Night,87,1,Interior,0,1,23.59,84.11,99.23,SUP-12,Electronics,Passed,26.9,Team Beta,
BATCH-00856,2025-09-01,Plant 02,Line 2,Eterna,Night,54,1,Assembly,1,0,52.41,83.17,96.13,SUP-10,Body,Passed,22.2,Team Alpha,Minor process adjustment performed.
BATCH-01204,2025-04-01,Plant 01,Line 3,Aquila GT,Afternoon,75,1,Dimensional,1,0,26.26,83.57,97.33,SUP-10,Interior,Passed,21.0,Team Alpha,
BATCH-01734,2025-03-06,Plant 02,Line 4,Eterna,Night,99,2,Mechanical,0,0,43.43,73.19,95.0,SUP-12,Body,Passed,23.5,Team Delta,Production line calibration completed.
BATCH-01207,2025-09-07,Plant 01,Line 3,Aquila GT,Morning,76,5,Dimensional,1,2,14.23,77.93,89.9,SUP-02,Powertrain,Failed,20.9,Team Gamma,Minor process adjustment performed.
BATCH-00675,2025-12-13,Plant 01,Line 4,Veloce S,Morning,48,0,None,0,0,41.76,77.9,99.44,SUP-03,Braking,Passed,24.1,Team Delta,
BATCH-00123,2025-04-12,Plant 01,Line 1,Strada X,Morning,48,0,None,0,0,28.9,70.82,96.79,SUP-05,Interior,Passed,24.5,Team Alpha,Supplier component verification required.
BATCH-00656,2025-07-03,Plant 01,Line 1,Aquila GT,Night,53,1,Mechanical,0,0,,88.87,97.16,SUP-03,Interior,Passed,21.1,Team Beta,
BATCH-01883,2025-09-24,Plant 01,Line 1,Veloce S,Morning,115,2,Paint,0,2,28.3,75.63,94.98,SUP-05,Interior,Passed,25.9,Team Gamma,Minor process adjustment performed.
BATCH-01644,2025-01-11,Plant 02,Line 1,Aquila GT,Afternoon,90,0,None,0,0,30.8,82.11,98.91,SUP-08,Body,Passed,21.1,Team Beta,Routine quality inspection completed.
BATCH-00337,2025-04-03,Plant 01,Line 4,Eterna,Morning,67,0,None,0,0,17.97,94.26,99.39,SUP-11,Braking,Passed,23.4,Team Alpha,Supplier component verification required.
BATCH-01973,2025-06-29,Plant 01,Line 2,Strada X,Morning,59,1,Interior,0,0,28.0,86.7,95.87,SUP-11,Electronics,Passed,19.7,Team Beta,
BATCH-01557,2025-03-13,Plant 01,Line 3,Veloce S,Morning,81,2,Interior,2,0,48.17,90.82,94.91,SUP-07,Electronics,Passed,21.8,Team Gamma,
BATCH-01403,2025-08-15,Plant 01,Line 1,Aquila GT,Morning,75,0,None,0,0,14.03,73.91,96.98,SUP-09,Electronics,Passed,19.8,Team Gamma,
BATCH-00795,2025-06-28,Plant 02,Line 3,Strada X,Morning,99,2,Dimensional,2,0,39.42,109.73,95.15,SUP-08,Suspension,Passed,25.5,Team Alpha,
BATCH-01949,2025-05-18,Plant 02,Line 2,Aquila GT,Morning,93,1,Paint,0,0,34.35,77.43,94.63,SUP-06,Body,Passed,22.6,Team Gamma,Production line calibration completed.
BATCH-00306,2025-02-19,Plant 01,Line 2,Veloce S,Night,64,3,Mechanical,2,1,13.07,103.14,91.68,SUP-08,Suspension,Failed,20.8,Team Gamma,
BATCH-01743,2025-10-06,Plant 02,Line 3,Eterna,NIGHT,87,3,Mechanical,3,0,36.56,87.78,95.97,SUP-01,Interior,Review,26.2,Team Beta,
BATCH-00050,2025-05-17,Plant 01,Line 1,Strada X,Night,102,1,Interior,1,0,34.34,88.27,100,SUP-02,Electronics,Passed,23.6,Team Beta,
BATCH-00041,2025-05-26,Plant 01,Line 4,Strada X,Night,75,0,None,0,0,10.24,76.3,98.41,SUP-01,Suspension,Passed,19.3,Team Beta,Production line calibration completed.
BATCH-00258,2025-10-26,Plant 02,Line 1,Strada X,Night,83,3,Paint,3,0,55.03,96.86,93.59,SUP-04,Interior,Review,23.6,Team Alpha,Production line calibration completed.
BATCH-01725,2025-10-05,Plant 02,Line 2,Strada X,Night,71,0,None,0,0,56.28,72.09,97.26,SUP-12,Electronics,Passed,22.7,Team Gamma,
BATCH-01416,2025-07-12,Plant 01,Line 1,Eterna,Night,116,2,Dimensional,1,1,27.05,80.95,97.19,SUP-03,Powertrain,Passed,20.6,Team Gamma,
BATCH-01943,2025-09-03,Plant 02,Line 1,Eterna,Morning,45,0,None,0,0,23.08,74.1,98.31,SUP-01,Electronics,Passed,22.5,Team Gamma,
BATCH-01338,2025-08-11,Plant 01,Line 2,Aquila GT,Night,95,3,Electronics,1,0,0.0,57.86,94.33,SUP-10,Suspension,Review,20.1,Team Delta,Supplier component verification required.
BATCH-01056,2025-05-19,Plant 01,Line 2,Aquila GT,Morning,57,1,Mechanical,0,1,40.78,92.17,97.23,SUP-09,Body,Passed,22.7,Team Beta,
BATCH-00836,2025-12-31,Plant 02,Line 1,Strada X,Afternoon,83,1,Dimensional,0,0,16.25,79.37,97.13,SUP-09,Body,Passed,21.8,Team Beta,Production line calibration completed.
BATCH-00667,2025-04-19,Plant 01,Line 1,Eterna,Night,101,4,Mechanical,2,1,35.36,84.92,91.38,SUP-09,Suspension,Review,24.4,Team Delta,
BATCH-01862,2025-02-01,Plant 02,Line 3,Veloce S,Afternoon,61,1,Mechanical,1,0,18.07,83.18,96.17,SUP-09,Interior,Passed,21.5,Team Gamma,
BATCH-01466,2025-05-04,Plant 02,Line 1,Strada X,Morning,70,1,Paint,1,0,27.84,86.25,94.28,SUP-02,Body,Passed,23.2,Team Beta,
BATCH-01475,2025-12-18,Plant 01,Line 1,Strada X,Afternoon,118,1,Electronics,0,0,23.27,95.98,98.06,SUP-03,Interior,Passed,22.6,Team Alpha,
BATCH-00739,2025-10-26,Plant 01,Line 4,Aquila GT,Morning,116,2,Mechanical,1,0,6.95,77.6,97.79,SUP-05,Powertrain,Passed,22.9,Team Beta,Supplier component verification required.
BATCH-01819,2025-08-05,Plant 02,Line 4,Strada X,Morning,63,0,None,0,0,47.23,89.21,97.01,SUP-07,Electronics,Passed,25.2,Team Delta,Routine quality inspection completed.
BATCH-00443,2025-11-13,Plant 01,Line 3,Veloce S,Morning,55,3,Paint,0,2,28.42,76.85,90.15,SUP-05,Interior,Failed,23.1,Team Gamma,Production line calibration completed.
BATCH-00565,2025-08-30,Plant 02,Line 1,Strada X,Afternoon,105,0,None,0,0,6.49,93.21,98.16,SUP-02,Braking,Passed,21.6,Team Beta,Routine quality inspection completed.
BATCH-01425,2025-05-30,Plant 02,Line 1,Strada X,Afternoon,58,1,Paint,0,1,35.33,93.63,95.48,SUP-12,Electronics,Passed,19.5,Team Gamma,
BATCH-01174,2025-01-31,Plant 01,Line 2,Eterna,Afternoon,89,1,Mechanical,0,0,7.24,67.69,95.53,SUP-09,Interior,Passed,21.0,Team Gamma,
BATCH-00584,2025-09-17,Plant 02,Line 4,Aquila GT,Morning,63,1,Electronics,1,0,0.0,78.05,99.59,SUP-05,Interior,Passed,25.7,Team Delta,Production line calibration completed.
BATCH-00960,2025-08-05,Plant 02,Line 3,Veloce S,Night,76,1,Mechanical,0,0,55.83,82.81,97.3,SUP-12,Powertrain,Passed,21.8,Team Alpha,Supplier component verification required.
BATCH-00302,2025-06-01,Plant 01,Line 4,Veloce S,Afternoon,74,3,Interior,0,2,12.38,78.79,95.7,SUP-04,Electronics,Failed,20.4,Team Beta,Supplier component verification required.
BATCH-00723,2025-03-18,Plant 02,Line 4,Aquila GT,Morning,111,3,Mechanical,2,1,17.63,81.85,94.64,SUP-02,Braking,Review,23.6,Team Gamma,
BATCH-01316,2025-03-12,Plant 02,Line 3,Veloce S,Afternoon,64,1,Paint,1,0,21.61,83.65,96.1,SUP-10,Powertrain,Passed,26.3,Team Alpha,Minor process adjustment performed.
BATCH-00366,2025-12-08,Plant 02,Line 3,Strada X,Afternoon,72,2,Dimensional,1,1,13.61,79.21,95.41,SUP-04,Electronics,Review,22.1,Team Delta,Minor process adjustment performed.
BATCH-01424,2025-06-05,Plant 02,Line 2,Strada X,Afternoon,46,0,None,0,0,29.95,83.68,98.51,SUP-08,Powertrain,Passed,23.7,Team Beta,Routine quality inspection completed.
BATCH-01529,2025-11-18,Plant 02,Line 2,Aquila GT,Afternoon,90,2,Assembly,1,0,45.7,101.32,96.58,SUP-08,Braking,Passed,23.3,Team Beta,Production line calibration completed.
BATCH-00459,2025-02-21,Plant 01,Line 2,Veloce S,Morning,48,0,None,0,0,43.95,89.78,96.26,SUP-08,Body,Passed,21.0,Team Delta,
BATCH-01801,2025-08-20,Plant 02,Line 2,Strada X,Morning,94,4,Interior,4,0,12.22,78.66,92.21,SUP-08,Braking,Failed,22.6,Team Alpha,Production line calibration completed.
BATCH-01863,2025-04-17,Plant 02,Line 1,Eterna,Afternoon,62,0,None,0,0,3.87,87.58,97.32,SUP-04,Suspension,Passed,22.1,Team Beta,Routine quality inspection completed.
BATCH-00370,2025-02-28,Plant 01,Line 4,Aquila GT,Afternoon,91,1,Interior,0,0,38.55,61.93,94.42,SUP-07,Suspension,Passed,24.5,Team Gamma,
BATCH-00438,2025-04-06,Plant 01,Line 1,Eterna,Afternoon,55,2,Paint,1,0,47.03,91.64,92.05,SUP-01,Electronics,Review,22.6,Team Alpha,Production line calibration completed.
BATCH-01766,2025-09-19,Plant 01,Line 3,Eterna,Morning,82,4,Electronics,4,0,,88.72,95.08,SUP-08,Electronics,Failed,25.8,Team Gamma,Minor process adjustment performed.
BATCH-00577,2025-12-20,Plant 01,Line 1,Aquila GT,Night,67,1,Electronics,0,1,42.62,76.21,95.56,SUP-06,Powertrain,Passed,25.9,Team Delta,
BATCH-00777,2025-10-02,Plant 02,Line 2,Veloce S,Afternoon,80,1,Interior,1,0,20.18,76.86,99.77,SUP-09,Suspension,Passed,20.8,Team Delta,Production line calibration completed.
BATCH-01366,2025-03-23,Plant 02,Line 4,Aquila GT,Morning,75,0,None,0,0,39.8,79.34,98.06,SUP-08,Braking,Passed,21.0,Team Beta,Routine quality inspection completed.
BATCH-00912,2025-09-14,Plant 01,Line 2,Strada X,Morning,80,0,None,0,0,17.58,82.48,100,SUP-01,Electronics,Passed,20.8,Team Gamma,
BATCH-01531,2025-01-10,Plant 01,Line 2,Aquila GT,Morning,50,1,Dimensional,0,1,34.6,93.27,95.2,SUP-09,Interior,Passed,24.7,Team Gamma,Minor process adjustment performed.
BATCH-01120,2025-03-02,Plant 01,Line 4,Veloce S,Night,112,2,Dimensional,2,0,58.67,84.19,95.21,SUP-09,Powertrain,Passed,23.5,Team Gamma,
BATCH-00281,2025-07-01,Plant 01,Line 1,Eterna,Afternoon,59,2,Mechanical,0,1,3.3,66.14,94.66,SUP-07,Body,Review,24.1,Team Delta,
BATCH-01258,2025-05-20,Plant 01,Line 4,Strada X,Night,66,3,Assembly,0,3,18.45,71.25,93.17,SUP-12,Suspension,Failed,25.3,Team Gamma,
BATCH-01331,2025-08-05,Plant 02,Line 3,Veloce S,Morning,90,1,Mechanical,0,1,40.58,69.21,97.97,SUP-01,Body,Passed,24.2,Team Alpha,Supplier component verification required.
BATCH-01312,2025-01-06,Plant 02,Line 4,Eterna,Afternoon,64,0,None,0,0,25.13,84.4,97.49,SUP-11,Braking,Passed,19.8,Team Beta,
BATCH-01327,2025-12-28,Plant 01,Line 1,Strada X,Night,80,2,Electronics,0,2,9.77,88.19,94.49,SUP-05,Suspension,Passed,21.3,Team Alpha,Production line calibration completed.
BATCH-01400,2025-07-15,Plant 02,Line 4,Veloce S,Morning,76,2,Electronics,0,2,35.41,77.97,94.32,SUP-09,Interior,Review,21.7,Team Alpha,Production line calibration completed.
BATCH-01485,2025-08-08,Plant 01,Line 4,Veloce S,Afternoon,117,4,Electronics,2,2,19.65,501.12,95.04,SUP-12,Electronics,Review,24.9,Team Alpha,
BATCH-01663,2025-11-05,Plant 01,Line 2,Strada X,Morning,81,1,Paint,0,1,12.83,84.11,95.27,SUP-07,Suspension,Passed,26.1,Team Gamma,
BATCH-01564,2025-02-25,Plant 01,Line 1,Eterna,Afternoon,115,3,Assembly,1,0,43.74,88.23,94.67,SUP-08,Powertrain,Review,22.7,Team Gamma,Minor process adjustment performed.
BATCH-01112,2025-03-13,Plant 01,Line 1,Strada X,Night,56,3,Mechanical,3,0,34.7,88.54,94.09,SUP-03,Electronics,Failed,23.8,Team Beta,Production line calibration completed.
BATCH-01941,2025-04-03,Plant 02,Line 2,Strada X,Morning,105,3,Paint,2,0,64.47,75.06,92.57,SUP-06,Powertrain,Review,22.4,Team Alpha,
BATCH-01852,2025-03-27,Plant 02,Line 3,Eterna,Morning,67,3,Mechanical,2,0,36.49,64.55,92.57,SUP-07,Powertrain,Failed,23.8,Team Gamma,
BATCH-00729,2025-12-21,Plant 01,Line 4,Strada X,Afternoon,96,1,Paint,0,1,9.97,85.69,98.28,SUP-10,Body,Passed,22.0,Team Alpha,Minor process adjustment performed.
BATCH-00518,09/02/2025,Plant 01,Line 1,Aquila GT,Afternoon,117,3,Electronics,2,1,26.48,85.83,94.52,SUP-04,Powertrain,Review,23.2,Team Gamma,Production line calibration completed.
BATCH-00736,2025-10-19,Plant 02,Line 1,Strada X,Morning,119,1,Paint,1,0,49.84,75.66,96.74,SUP-08,Braking,Passed,22.3,Team Delta,
BATCH-01439,2025-09-26,Plant 02,Line 3,Aquila GT,Afternoon,82,1,Interior,1,0,31.17,87.06,95.84,SUP-11,Body,Passed,23.9,Team Gamma,
BATCH-01012,2025-05-07,Plant 02,Line 3,Aquila GT,Afternoon,116,1,Electronics,0,1,20.46,93.18,100,SUP-11,Braking,Passed,25.7,Team Gamma,Routine quality inspection completed.
BATCH-00665,2025-08-22,Plant 01,Line 4,Eterna,Night,88,2,Mechanical,0,2,18.86,74.27,94.04,SUP-04,Interior,Passed,27.1,Team Beta,
BATCH-01094,2025-02-11,Plant 02,Line 4,Strada X,Afternoon,67,1,Mechanical,0,0,0.0,99.37,95.98,SUP-07,Powertrain,Passed,27.6,Team Gamma,
BATCH-00096,2025-06-02,Plant 01,Line 2,Strada X,Afternoon,84,1,Assembly,1,0,17.56,87.51,98.96,SUP-11,Electronics,Passed,20.3,Team Beta,
BATCH-01799,2025-09-17,Plant 02,Line 1,Strada X,Night,115,6,Mechanical,2,1,34.98,88.72,89.53,SUP-07,Powertrain,Failed,21.8,Team Beta,
BATCH-00087,2025-02-20,Plant 01,Line 2,Veloce S,Morning,85,2,Interior,1,0,2.04,79.47,97.13,SUP-09,Interior,Passed,20.4,Team Beta,Minor process adjustment performed.
BATCH-00705,2025-01-02,Plant 02,Line 2,Eterna,Night,70,0,None,0,0,33.86,60.56,97.59,SUP-06,Interior,Passed,24.5,Team Gamma,
BATCH-01444,2025-12-29,Plant 02,Line 4,Eterna,Morning,94,1,Interior,1,0,26.68,71.08,95.43,SUP-03,Interior,Passed,25.7,Team Delta,Production line calibration completed.
BATCH-00973,2025-11-22,Plant 01,Line 3,Aquila GT,Afternoon,87,1,Paint,0,0,35.62,70.88,97.0,SUP-01,Interior,Passed,20.2,Team Gamma,
BATCH-01534,2025-07-08,Plant 01,Line 2,Aquila GT,Afternoon,84,1,Electronics,1,0,29.49,97.19,95.43,SUP-02,Electronics,Passed,24.5,Team Alpha,
BATCH-00853,2025-12-26,Plant 02,Line 2,Strada X,Morning,85,3,Dimensional,3,0,43.67,76.44,95.11,SUP-10,Interior,Review,21.7,Team Gamma,Supplier component verification required.
BATCH-01280,2025-08-07,Plant 01,Line 2,Eterna,Night,78,2,Electronics,0,2,28.27,94.94,92.37,SUP-06,Suspension,Review,22.5,Team Gamma,Production line calibration completed.
BATCH-00242,2025-06-23,Plant 01,Line 2,Aquila GT,Night,92,1,Mechanical,1,0,41.58,96.32,98.16,SUP-06,Interior,Passed,21.3,Team Delta,
BATCH-00645,2025-05-08,Plant 01,Line 2,Eterna,Night,98,3,Dimensional,3,0,41.49,84.48,95.26,SUP-10,Powertrain,Review,23.2,Team Beta,
BATCH-01825,2025-11-07,Plant 02,Line 2,Strada X,Night,72,3,Interior,3,0,13.07,92.73,91.9,SUP-09,Body,Failed,21.8,Team Beta,Production line calibration completed.
BATCH-01601,2025-01-07,Plant 02,Line 3,Veloce S,Afternoon,96,2,Mechanical,0,0,36.06,86.99,95.01,SUP-06,Powertrain,Passed,19.6,Team Delta,
BATCH-00748,2025-03-04,Plant 01,Line 1,Eterna,Night,81,2,Electronics,2,0,9.82,86.58,98.37,SUP-08,Suspension,Passed,22.6,Team Delta,Supplier component verification required.
BATCH-00543,2025-02-04,Plant 02,Line 1,Strada X,Night,72,1,Assembly,1,0,10.65,80.05,97.22,SUP-03,Body,Passed,23.7,Team Gamma,Minor process adjustment performed.
BATCH-01347,2025-02-26,Plant 01,Line 3,Veloce S,Afternoon,72,1,Assembly,0,1,36.36,95.45,95.26,SUP-02,Powertrain,Passed,17.0,Team Beta,
BATCH-01147,2025-06-25,Plant 02,Line 3,Veloce S,Morning,76,3,Interior,2,0,37.35,82.02,93.81,SUP-06,Suspension,Review,21.8,Team Delta,Routine quality inspection completed.
BATCH-01463,2025-09-17,Plant 02,Line 2,Aquila GT,Night,117,3,Interior,0,2,6.98,82.28,96.56,SUP-09,Interior,Review,23.9,Team Alpha,Routine quality inspection completed.
BATCH-01117,2025-03-31,Plant 02,Line 4,Veloce S,Afternoon,51,1,Mechanical,0,0,33.32,73.45,96.31,SUP-03,Interior,Passed,21.0,Team Delta,
BATCH-00108,2025-07-11,Plant 02,Line 2,Strada X,Afternoon,68,0,None,0,0,6.58,90.74,98.66,SUP-09,Suspension,Passed,23.8,Team Delta,
BATCH-00600,2025-08-28,Plant 02,Line 4,Aquila GT,Night,110,1,Assembly,0,0,28.01,73.09,97.11,SUP-05,Braking,Passed,19.7,Team Beta,Routine quality inspection completed.
BATCH-00430,2025-07-16,Plant 02,Line 2,Strada X,Night,51,1,Mechanical,1,0,637.94,78.95,,SUP-05,Interior,Passed,25.2,Team Delta,
BATCH-01642,2025-12-31,Plant 01,Line 2,Strada X,Afternoon,75,2,Assembly,1,0,24.39,77.6,97.01,SUP-03,Braking,Review,21.8,Team Alpha,
BATCH-01133,2025-02-16,Plant 01,Line 2,Veloce S,Night,55,0,None,0,0,25.11,68.8,98.78,SUP-07,Electronics,Passed,22.4,Team Alpha,
BATCH-00289,2025-05-16,Plant 02,Line 2,Veloce S,Afternoon,49,0,None,0,0,71.73,83.48,96.89,SUP-08,Suspension,Passed,25.7,Team Delta,
BATCH-01977,2025-02-04,Plant 01,Line 3,Eterna,Morning,116,4,Interior,2,2,28.47,59.21,94.12,SUP-03,Electronics,Review,22.8,Team Beta,
BATCH-00768,2025-03-23,Plant 02,Line 4,Strada X,Morning,108,4,Electronics,0,4,37.69,82.95,92.84,SUP-07,Electronics,Review,20.4,Team Beta,Routine quality inspection completed.
BATCH-00673,2025-07-31,Plant 02,Line 3,Veloce S,Afternoon,105,3,Paint,3,0,14.33,97.58,95.72,SUP-12,Suspension,Review,20.3,Team Delta,Production line calibration completed.
BATCH-00968,2025-02-07,Plant 01,Line 2,Strada X,Afternoon,59,3,Assembly,0,0,16.75,71.7,92.5,SUP-04,Braking,Failed,23.7,Team Beta,
BATCH-01578,2025-05-07,Plant 01,Line 2,Strada X,Morning,82,1,Mechanical,0,1,10.64,66.84,97.67,SUP-05,Interior,Passed,25.3,Team Delta,
BATCH-00865,2025-10-18,Plant 02,Line 4,Strada X,Night,52,1,Paint,0,0,29.57,79.69,96.75,SUP-07,Electronics,Passed,23.3,Team Delta,
BATCH-00580,2025-10-15,Plant 02,Line 1,Aquila GT,Morning,93,1,Dimensional,1,0,47.38,77.76,97.18,SUP-08,Interior,Passed,24.5,Team Delta,
BATCH-00365,2025-07-05,Plant 01,Line 1,Veloce S, Night ,89,1,Electronics,1,0,,82.24,98.22,SUP-05,Braking,Passed,22.7,Team Beta,Supplier component verification required.
BATCH-00424,2025-02-10,Plant 01,Line 4,Aquila GT,Night,79,2,Dimensional,2,0,30.74,86.46,,SUP-06,Interior,Review,22.3,Team Beta,Minor process adjustment performed.
BATCH-01546,2025-04-03,Plant 01,Line 3,Aquila GT,Afternoon,87,0,None,0,0,69.76,73.35,98.63,SUP-03,Suspension,Passed,23.2,Team Delta,
BATCH-01249,2025-03-18,Plant 02,Line 1,Strada X,Afternoon,102,2,Assembly,0,1,32.41,101.75,95.87,SUP-10,Powertrain,Passed,25.2,Team Gamma,Supplier component verification required.
BATCH-00251,2025-08-07,Plant 01,Line 4,Eterna,Afternoon,97,1,Mechanical,0,1,0.0,81.78,95.15,SUP-03,Suspension,Passed,24.1,Team Gamma,Routine quality inspection completed.
BATCH-01588,2025-10-02,Plant 01,Line 4,Veloce S,Night,97,3,Interior,0,2,57.86,88.81,94.23,SUP-08,Braking,Review,21.6,Team Delta,
BATCH-01827,2025-04-27,Plant 02,Line 1,Veloce S,Night,91,3,Assembly,0,0,13.85,99.29,93.58,SUP-10,Suspension,Review,22.7,Team Delta,
BATCH-01088,2025-12-06,Plant 02,Line 3,Aquila GT,Night,113,2,Electronics,2,0,42.55,72.38,95.85,SUP-11,Suspension,Passed,22.8,Team Gamma,
BATCH-01304,2025-05-09,Plant 01,Line 2,Eterna,Afternoon,53,1,Assembly,1,0,49.52,94.19,94.26,SUP-05,Interior,Passed,24.8,Team Beta,
BATCH-00556,2025-09-04,Plant 01,Line 3,Veloce S,Morning,116,6,Assembly,3,1,72.55,89.33,88.96,SUP-06,Body,Failed,21.9,Team Gamma,Routine quality inspection completed.
BATCH-00809,2025-03-24,Plant 02,Line 1,Eterna,Afternoon,110,0,None,0,0,41.68,73.44,96.67,SUP-01,Powertrain,Passed,24.5,Team Delta,Production line calibration completed.
BATCH-01286,2025-01-22,Plant 01,Line 1,Veloce S,Afternoon,73,2,Electronics,0,0,30.54,85.72,93.02,SUP-02,Interior,Review,23.1,Team Delta,Minor process adjustment performed.
BATCH-01741,2025-01-08,Plant 01, Line 1 ,Veloce S,Afternoon,45,0,None,0,0,51.11,81.39,98.15,SUP-10,Suspension,Passed,22.5,Team Alpha,Routine quality inspection completed.
BATCH-00995,2025-09-07,Plant 02,Line 4,Eterna,Night,87,1,Electronics,1,0,35.31,72.81,95.55,SUP-06,Suspension,Passed,21.7,Team Gamma,Supplier component verification required.
BATCH-00467,2025-10-05,Plant 02,Line 2,Eterna,Morning,57,1,Assembly,1,0,20.9,79.71,96.52,SUP-10,Braking,Passed,18.5,Team Beta,Supplier component verification required.
BATCH-00929,2025-07-28,Plant 01,Line 2,Aquila GT,Night,67,1,Assembly,0,0,8.57,91.79,99.74,SUP-08,Body,Passed,22.7,Team Gamma,Production line calibration completed.
BATCH-00876,2025-03-24,Plant 01,Line 4,Eterna,Afternoon,79,1,Interior,0,1,22.73,67.74,96.16,SUP-01,Powertrain,Passed,21.8,Team Alpha,Minor process adjustment performed.
BATCH-00858,2025-08-07,Plant 01,Line 4,Aquila GT,Afternoon,59,0,None,0,0,35.82,78.13,98.35,SUP-04,Powertrain,Passed,22.9,Team Gamma,Minor process adjustment performed.
BATCH-01956,2025-03-08,Plant 02,Line 4,Aquila GT,Night,98,4,Paint,2,1,5.13,76.29,94.25,SUP-09,Suspension,Failed,18.9,Team Gamma,Routine quality inspection completed.
BATCH-00412,2025-12-05,Plant 01,Line 2,Aquila GT,Afternoon,55,1,Assembly,1,0,38.46,82.44,96.37,SUP-09,Interior,Passed,24.2,Team Beta,Routine quality inspection completed.
BATCH-01194,2025-06-25,Plant 02,Line 2,Strada X,Night,68,0,None,0,0,44.5,76.82,98.64,SUP-04,Braking,Passed,22.6,Team Alpha,
BATCH-00920,2025-11-11,Plant 02,Line 2,Veloce S,Afternoon,64,2,Paint,2,0,25.77,83.3,94.82,SUP-09,Braking,Review,21.5,Team Alpha,
BATCH-00085,2025-04-11,Plant 01,Line 3,Veloce S,Night,88,1,Assembly,1,0,22.16,87.2,96.91,SUP-10,Body,Passed,23.7,Team Gamma,
BATCH-00463,2025-11-15,Plant 01,Line 1,Veloce S,Morning,47,1,Electronics,1,0,37.28,80.99,95.72,SUP-07,Suspension,Passed,25.0,Team Gamma,Minor process adjustment performed.
BATCH-01903,2025-05-23,Plant 02,Line 2,Strada X,Afternoon,49,1,Assembly,1,0,65.48,75.45,94.84,SUP-02,Braking,Passed,20.9,Team Delta,
BATCH-00095,2025-07-31,Plant 02,Line 4,Veloce S,Night,117,4,Mechanical,1,3,20.05,85.01,95.46,SUP-04,Electronics,Review,21.9,Team Alpha,Minor process adjustment performed.
BATCH-00024,2025-10-22,Plant 01,Line 4,Eterna,Night,97,2,Dimensional,1,1,34.09,86.42,95.64,SUP-09,Braking,Passed,19.7,Team Delta,Minor process adjustment performed.
BATCH-01895,2025-01-31,Plant 02,Line 3,Veloce S,Morning,103,4,Assembly,4,0,43.01,89.55,94.27,SUP-03,Interior,Review,22.7,Team Delta,
BATCH-00396,2025-08-31,Plant 02,Line 3,Eterna,Morning,45,2,Assembly,1,0,26.45,92.35,93.51,SUP-09,Braking,Failed,26.4,Team Beta,Supplier component verification required.
BATCH-01176,2025-11-26,Plant 02,Line 3,Strada X,Morning,69,2,Interior,1,0,57.77,82.76,94.22,SUP-02,Body,Review,20.8,Team Beta,
BATCH-00145,2025-09-25,Plant 01,Line 3,Eterna,Afternoon,74,2,Assembly,2,0,41.72,66.94,95.33,SUP-01,Braking,Review,23.0,Team Delta,Minor process adjustment performed.
BATCH-00745,2025-05-31,Plant 01,Line 3,Strada X,Night,74,7,Electronics,2,1,13.25,75.43,87.97,SUP-10,Suspension,Failed,24.6,Team Gamma,Routine quality inspection completed.
BATCH-01283,2025-03-03,Plant 02,Line 4,Veloce S,Afternoon,96,1,Dimensional,0,0,13.18,78.27,100,SUP-11,Suspension,Passed,20.8,Team Gamma,Minor process adjustment performed.
BATCH-00425,2025-12-09,Plant 01,Line 1,Strada X,Afternoon,52,1,Assembly,0,1,48.27,88.66,94.84,SUP-12,Powertrain,Passed,23.5,Team Delta,
BATCH-00763,2025-10-29,Plant 01,Line 4,Eterna,Afternoon,56,2,Mechanical,1,1,36.36,79.34,94.37,SUP-04,Body,Review,23.0,Team Gamma,Supplier component verification required.
BATCH-01189,2025-12-11,Plant 01,Line 3,Veloce S,Night,57,2,Dimensional,2,0,45.27,81.32,96.2,SUP-06,Suspension,Review,22.8,Team Alpha,Production line calibration completed.
BATCH-00148,2025-02-07,Plant 01,Line 2,Veloce S,Morning,99,1,Assembly,0,0,13.61,64.57,99.03,SUP-12,Electronics,Passed,24.9,Team Delta,
BATCH-00927,2025-07-06,Plant 02,Line 1,Aquila GT,Night,109,2,Interior,0,2,38.86,86.24,96.6,SUP-03,Suspension,Passed,19.8,Team Delta,
BATCH-01128,2025-07-28,Plant 01,Line 2,Aquila GT,Afternoon,120,7,Paint,1,3,20.72,90.22,90.14,SUP-07,Electronics,Failed,17.5,Team Gamma,
BATCH-01579,2025-06-10,Plant 01,Line 2,Strada X,Afternoon,71,3,Mechanical,3,0,23.44,92.21,92.54,SUP-10,Interior,Failed,19.8,Team Alpha,Production line calibration completed.
BATCH-00037,2025-07-18,Plant 02,Line 1,Eterna,Night,58,2,Paint,2,0,35.24,66.38,95.0,SUP-11,Body,Review,26.1,Team Delta,Supplier component verification required.
BATCH-01934,2025-09-26,Plant 02,Line 3,Eterna,Morning,77,1,Electronics,1,0,35.61,101.93,96.36,SUP-09,Powertrain,Passed,22.6,Team Gamma,Minor process adjustment performed.
BATCH-00775,2025-12-06,Plant 02,Line 3,Veloce S,Night,78,1,Interior,1,0,43.29,71.22,96.26,SUP-09,Powertrain,Passed,21.3,Team Alpha,Minor process adjustment performed.
BATCH-00999,2025-01-16,Plant 02,Line 1,Aquila GT,Night,108,3,Interior,2,0,38.32,78.23,96.28,SUP-08,Body,Review,22.5,Team Beta,
BATCH-00342,2025-02-15,Plant 02,Line 2,Aquila GT,Morning,100,2,Paint,0,2,1.64,84.75,96.13,SUP-02,Body,Passed,27.8,Team Alpha,Supplier component verification required.
BATCH-01795,2025-12-14,Plant 01,Line 4,Veloce S,Afternoon,115,2,Paint,0,2,46.51,62.36,96.58,SUP-07,Braking,Passed,22.6,Team Beta,Routine quality inspection completed.
BATCH-01136,2025-05-25,Plant 02,Line 1,Aquila GT,Night,47,1,Paint,0,0,0.0,83.59,96.46,SUP-12,Powertrain,Passed,23.1,Team Alpha,
BATCH-01166,2025-07-13,Plant 01,Line 2,Eterna,Afternoon,67,1,Paint,0,0,39.56,75.59,97.18,SUP-04,Powertrain,Passed,24.1,Team Beta,
BATCH-01191,2025-10-17,Plant 01,Line 1,Strada X,Morning,102,1,Electronics,0,1,0.0,92.37,98.43,SUP-09,Interior,Passed,24.1,Team Beta,
BATCH-00110,2025-05-04,Plant 02,Line 2,Eterna,Night,117,6,Paint,0,0,48.11,97.08,90.64,SUP-08,Braking,Failed,22.8,Team Delta,Supplier component verification required.
BATCH-01898,2025-11-01,Plant 02,Line 1,Veloce S,Morning,102,1,Mechanical,1,0,48.63,79.06,93.67,SUP-10,Interior,Review,22.5,Team Alpha,
BATCH-00882,2025-11-19,Plant 01,Line 2,Veloce S,Afternoon,71,1,Assembly,1,0,27.75,81.22,95.39,SUP-09,Interior,Passed,22.3,Team Alpha,
BATCH-00954,2025-05-21,Plant 01,Line 2,Strada X,Afternoon,95,2,Mechanical,0,0,22.51,81.6,96.58,SUP-08,Electronics,Passed,23.1,Team Alpha,
BATCH-00664,2025-04-03,Plant 01,Line 4,Eterna,Night,70,3,Dimensional,0,2,50.5,78.75,91.61,SUP-08,Suspension,Failed,20.1,Team Beta,
BATCH-01673,2025-11-08,Plant 01,Line 3,Aquila GT,Morning,71,2,Paint,1,0,67.81,76.6,94.82,SUP-11,Suspension,Review,25.3,Team Alpha,Supplier component verification required.
BATCH-00106,2025-08-05,Plant 02,Line 2,Strada X,Morning,101,0,None,0,0,46.33,86.79,96.67,SUP-02,Braking,Passed,22.1,Team Beta,Supplier component verification required.
BATCH-01043,2025-09-24,Plant 02,Line 3,Veloce S,Morning,48,0,None,0,0,60.44,79.09,,SUP-06,Interior,Passed,23.2,Team Beta,Production line calibration completed.
BATCH-01388,2025-11-10,Plant 02,Line 3,Aquila GT,Morning,61,1,Assembly,1,0,31.3,89.46,97.49,SUP-11,Powertrain,Passed,24.9,Team Gamma,
BATCH-00369,2025-03-30,Plant 02,Line 2,Eterna,Afternoon,83,2,Electronics,1,1,35.93,84.43,94.86,SUP-07,Suspension,Passed,22.0,Team Alpha,Minor process adjustment performed.
BATCH-00684,2025-03-14,Plant 02,Line 1,Eterna,Morning,65,1,Dimensional,1,0,31.07,86.19,96.4,SUP-01,Electronics,Passed,23.6,Team Alpha,Supplier component verification required.
BATCH-00413,2025-06-28,Plant 02,Line 1,Eterna,Afternoon,114,3,Electronics,0,3,43.51,83.84,91.57,SUP-03,Powertrain,Review,23.1,Team Alpha,Supplier component verification required.
BATCH-01715,2025-04-30,Plant 01,Line 1,Aquila GT,Afternoon,104,2,Paint,2,0,54.94,72.79,97.25,SUP-09,Interior,Passed,21.5,Team Delta,
BATCH-00431,2025-08-02,Plant 01,Line 4,Strada X,Night,73,1,Interior,1,0,30.7,77.95,95.78,,Body,Passed,22.2,Team Delta,
BATCH-01716,2025-11-03,Plant 01,Line 1,Veloce S,Morning,68,0,None,0,0,27.79,87.21,96.82,SUP-06,Interior,Passed,20.6,Team Alpha,
BATCH-01571,2025-07-01,Plant 01,Line 1,Strada X,Morning,48,0,None,0,0,20.93,86.49,99.4,SUP-11,Suspension,Passed,20.3,Team Beta,
BATCH-01129,2025-12-29,Plant 01,Line 2,Veloce S,Afternoon,114,2,Dimensional,0,1,29.85,89.3,96.32,SUP-04,Body,Passed,24.2,Team Gamma,Minor process adjustment performed.
BATCH-01491,2025-05-09,Plant 01,Line 2,Strada X,Afternoon,98,1,Paint,0,0,54.85,72.62,96.6,SUP-08,Interior,Passed,23.6,Team Gamma,
BATCH-01502,2025-03-26,Plant 01,Line 4,Aquila GT,Afternoon,105,0,None,0,0,19.78,88.17,97.62,SUP-01,Braking,Passed,16.9,Team Delta,Supplier component verification required.
BATCH-01172,2025-10-19,Plant 01,Line 4,Veloce S,Morning,91,2,Assembly,2,0,33.74,90.78,93.75,SUP-08,Braking,Review,22.5,Team Gamma,Routine quality inspection completed.
BATCH-01408,2025-01-14,Plant 02,Line 2,Eterna,Morning,111,2,Dimensional,2,0,47.01,78.29,97.2,SUP-02,Powertrain,Passed,22.4,Team Gamma,
BATCH-01263,2025-07-19,Plant 02,Line 3,Veloce S,Afternoon,117,2,Electronics,0,1,54.75,69.23,95.01,SUP-08,Electronics,Passed,25.1,Team Alpha,Minor process adjustment performed.
BATCH-01002,2025-05-30,Plant 02,Line 1,Aquila GT,Night,100,1,Interior,0,0,39.91,82.89,95.14,SUP-03,Powertrain,Passed,23.2,Team Gamma,
BATCH-00456,2025-05-25,Plant 01,Line 1,Strada X,Morning,98,1,Dimensional,1,0,9.75,86.33,96.71,SUP-12,Powertrain,Passed,21.9,Team Beta,
BATCH-01810,2025-12-21,Plant 01,Line 2,Veloce S,Morning,114,4,Mechanical,2,2,14.84,86.38,95.34,SUP-04,Suspension,Review,25.1,Team Gamma,Supplier component verification required.
BATCH-00126,2025-07-22,Plant 01,Line 3,Aquila GT,Night,56,2,Dimensional,1,1,8.9,98.19,94.49,SUP-01,Powertrain,Review,22.8,Team Delta,
BATCH-00104,2025-10-30,Plant 01,Line 3,Veloce S,Afternoon,75,1,Electronics,1,0,70.73,74.41,94.47,SUP-07,Body,Passed,26.0,Team Alpha,Minor process adjustment performed.
BATCH-00321,2025-02-05,Plant 02,Line 1,Eterna,Afternoon,104,0,None,0,0,21.35,89.57,96.62,SUP-02,Interior,Passed,22.4,Team Delta,Minor process adjustment performed.
BATCH-00481,2025-12-31,Plant 01,Line 3,Eterna,Morning,52,0,None,0,0,56.22,77.41,100,SUP-04,Suspension,Passed,23.1,Team Delta,
BATCH-01860,2025-04-30,Plant 02,Line 1,Eterna,Morning,93,1,Interior,1,0,7.72,84.66,96.86,SUP-08,Suspension,Passed,23.0,Team Gamma,Production line calibration completed.
BATCH-00390,2025-07-17,Plant 02,Line 1,Veloce S,Afternoon,84,2,Interior,0,0,0.0,74.47,,SUP-07,Suspension,Passed,21.7,Team Delta,Routine quality inspection completed.
BATCH-00980,2025-04-26,Plant 01,Line 4,Strada X,night,100,4,Mechanical,1,0,10.14,99.62,93.24,SUP-07,Powertrain,Review,20.5,Team Alpha,
BATCH-00339,2025-12-15,Plant 02,Line 1,Aquila GT,Night,73,0,None,0,0,7.76,75.3,100,SUP-04,Suspension,Passed,20.7,Team Beta,Supplier component verification required.
BATCH-01090,2025-12-05,Plant 01,Line 1,Aquila GT,Morning,68,1,Dimensional,1,0,35.79,73.59,96.62,SUP-04,Braking,Passed,22.4,Team Alpha,
BATCH-00218,2025-06-20,Plant 02,Line 1,Eterna,Afternoon,86,4,Assembly,0,1,43.59,80.4,,SUP-06,Electronics,Failed,21.4,Team Alpha,Production line calibration completed.
BATCH-01621,2025-11-16,Plant 01,Line 1,Veloce S,Morning,82,2,Paint,1,0,17.39,92.86,94.53,SUP-03,Suspension,Passed,21.6,Team Delta,Routine quality inspection completed.
BATCH-00641,2025-06-17,Plant 02,Line 3,Veloce S,Afternoon,113,1,Interior,0,0,47.36,74.95,97.11,SUP-12,Body,Passed,22.3,Team Delta,
BATCH-01208,2025-09-18,Plant 01,Line 3,Strada X,Afternoon,78,1,Paint,1,0,24.61,80.84,97.87,SUP-01,Braking,Passed,21.2,Team Delta,Minor process adjustment performed.
BATCH-00272,2025-01-23,Plant 02,Line 2,Aquila GT,Night,89,0,None,0,0,38.39,81.66,96.99,SUP-01,Powertrain,Passed,24.6,Team Alpha,
BATCH-01668,2025-10-27,Plant 01,Line 3,Strada X,Morning,83,2,Dimensional,1,1,45.96,79.19,95.57,SUP-05,Body,Passed,21.3,Team Gamma,Routine quality inspection completed.
BATCH-01727,2025-04-06,Plant 01,Line 1,Veloce S,Night,107,2,Electronics,1,0,20.1,89.13,94.9,SUP-08,Suspension,Passed,23.2,Team Beta,Production line calibration completed.
BATCH-00190,2025-01-15,Plant 01,Line 1,Strada X,Afternoon,79,1,Interior,1,0,25.22,101.52,98.36,SUP-08,Electronics,Passed,23.5,Team Alpha,
BATCH-01622,2025-06-26,Plant 01,Line 3,Eterna,Night,104,1,Interior,0,0,53.01,75.63,96.76,SUP-08,Braking,Passed,22.7,Team Gamma,
BATCH-00634,2025-03-01,Plant 02,Line 2,Aquila GT,Night,47,0,None,0,0,15.82,76.97,99.51,SUP-09,Braking,Passed,19.1,Team Delta,
BATCH-01413,2025-03-14,Plant 01,Line 4,Aquila GT,Morning,54,1,Mechanical,1,0,34.93,74.39,96.38,SUP-03,Suspension,Passed,21.7,Team Gamma,Production line calibration completed.
BATCH-01896,2025-07-17,Plant 02,Line 3,Strada X,Afternoon,95,2,Assembly,2,0,51.39,71.82,95.45,SUP-11,Powertrain,Passed,23.1,Team Alpha,
BATCH-01834,2025-01-11,Plant 01,Line 2,Eterna,Morning,82,0,None,0,0,5.18,71.55,98.12,SUP-06,Electronics,Passed,25.4,Team Gamma,Minor process adjustment performed.
BATCH-01146,2025-05-21,Plant 01,Line 1,Strada X,Night,68,1,Interior,1,0,16.29,93.63,96.93,SUP-06,Braking,Passed,25.9,Team Alpha,Supplier component verification required.
BATCH-00818,2025-12-04,Plant 01,Line 3,Veloce S,Morning,51,2,Mechanical,1,1,31.37,89.33,94.84,SUP-03,Electronics,Review,20.3,Team Gamma,Minor process adjustment performed.
BATCH-01507,2025-01-15,Plant 02,Line 3,Eterna,Night,78,2,Mechanical,1,0,27.8,69.4,95.15,SUP-11,Powertrain,Review,21.3,Team Beta,Production line calibration completed.
BATCH-00166,2025-03-16,Plant 02,Line 1,Aquila GT,Afternoon,95,1,Interior,1,0,4.62,71.91,97.87,SUP-10,Braking,Passed,26.0,Team Beta,Minor process adjustment performed.
BATCH-01107,2025-11-15,Plant 01,Line 3,Strada X,Morning,89,0,None,0,0,50.94,88.54,97.43,SUP-03,Interior,Passed,26.3,Team Gamma,
BATCH-00471,2025-01-25,Plant 01,Line 2,Aquila GT,Morning,112,3,Interior,2,0,13.68,85.79,97.83,SUP-09,Electronics,Review,19.9,Team Gamma,Routine quality inspection completed.
BATCH-00386,2025-08-10,Plant 02,Line 1,Veloce S,Morning,92,0,None,0,0,34.53,82.42,98.07,SUP-01,Electronics,Passed,26.4,Team Gamma,Routine quality inspection completed.
BATCH-00020,2025-04-25,Plant 01,Line 2,Aquila GT,Afternoon,103,3,Assembly,1,2,33.46,78.52,95.87,SUP-03,Suspension,Review,22.4,Team Alpha,Routine quality inspection completed.
BATCH-01606,2025-01-31,Plant 02,Line 3,Aquila GT,Afternoon,81,2,Paint,1,0,8.95,85.76,96.68,SUP-10,Body,Passed,19.8,Team Delta,
BATCH-00709,2025-04-23,Plant 02,Line 3,Veloce S,Morning,47,0,None,0,0,30.97,77.91,99.05,SUP-12,Electronics,Passed,23.4,Team Alpha,Routine quality inspection completed.
BATCH-01275,2025-11-12,Plant 01,Line 1,Veloce S,Night,46,0,None,0,0,11.29,84.44,,SUP-03,Powertrain,Passed,23.1,Team Delta,Production line calibration completed.
BATCH-01558,2025-04-16,Plant 02,Line 1,Veloce S,Morning,86,3,Mechanical,0,3,21.73,83.94,94.41,SUP-07,Powertrain,Review,23.2,Team Delta,
BATCH-01328,2025-06-30,Plant 01,Line 1,Aquila GT,Afternoon,118,1,Interior,0,0,40.52,80.41,98.22,SUP-02,Interior,Passed,23.2,Team Beta,Production line calibration completed.
BATCH-01181,2025-03-18,Plant 01,Line 2,Strada X,Morning,55,0,None,0,0,29.39,85.54,97.2,SUP-08,Body,Passed,26.5,Team Gamma,Routine quality inspection completed.
BATCH-00407,2025-07-11,Plant 01,Line 2,Eterna,NIGHT,52,0,None,0,0,8.12,86.38,96.3,SUP-12,Interior,Passed,22.8,Team Alpha,Supplier component verification required.
BATCH-00724,2025-07-10,Plant 01,Line 1,Strada X,Afternoon,112,2,Assembly,2,0,26.73,85.0,97.0,SUP-08,Electronics,Passed,20.6,Team Beta,Supplier component verification required.
BATCH-00294,2025-12-18,Plant 02,Line 4,Veloce S,Afternoon,49,1,Dimensional,1,0,31.96,76.39,97.05,SUP-02,Powertrain,Passed,20.2,Team Gamma,Minor process adjustment performed.
BATCH-00133,2025-03-12,Plant 02,Line 3,Veloce S,Night,47,0,None,0,0,37.99,78.51,98.13,SUP-03,Electronics,Passed,23.8,Team Gamma,Supplier component verification required.
BATCH-00620,2025-08-25,Plant 01,Line 2,Eterna,Afternoon,92,1,Interior,1,0,21.64,81.97,98.42,SUP-01,Suspension,Passed,21.6,Team Beta,
BATCH-00367,2025-08-16,Plant 01,Line 2,Strada X,Night,84,0,None,0,0,27.53,97.91,100,SUP-09,Braking,Passed,23.4,Team Alpha,
BATCH-01787,2025-03-10,Plant 02,Line 4,Veloce S,Morning,109,1,Assembly,1,0,36.93,83.53,95.6,SUP-07,Suspension,Passed,22.1,Team Beta,
BATCH-01441,2025-04-02,Plant 02,Line 4,Veloce S,Night,117,3,Electronics,2,1,30.61,75.6,95.98,SUP-08,Electronics,Review,20.6,Team Delta,
BATCH-01681,2025-10-18,Plant 01,Line 3,Aquila GT,Morning,46,4,Dimensional,2,2,60.95,89.86,86.44,SUP-01,Suspension,Failed,20.8,Team Beta,
BATCH-01004,2025-10-04,Plant 01,Line 4,Strada X,Night,47,0,None,0,0,31.3,90.45,97.07,SUP-03,Interior,Passed,26.4,Team Gamma,Production line calibration completed.
BATCH-00755,2025-06-22,Plant 01,Line 3,Strada X,Afternoon,87,1,Electronics,1,0,47.34,80.96,97.52,SUP-12,Interior,Passed,25.8,Team Gamma,Supplier component verification required.
BATCH-00670,2025-09-28,Plant 02,Line 4,Aquila GT,Afternoon,105,1,Interior,1,0,53.31,86.43,93.58,SUP-03,Electronics,Review,25.7,Team Beta,
BATCH-01638,2025-07-27,Plant 01,Line 1,Eterna,Night,86,2,Assembly,2,0,33.49,78.46,92.15,SUP-07,Powertrain,Review,18.1,Team Alpha,Supplier component verification required.
BATCH-00137,2025-05-10,Plant 01,Line 3,Aquila GT,Morning,54,1,Paint,0,0,8.14,85.19,98.13,SUP-03,Suspension,Passed,21.0,Team Delta,
BATCH-00871,2025-11-15,Plant 01,Line 1,Eterna,Night,56,2,Interior,0,1,35.91,81.11,94.49,SUP-09,Powertrain,Review,18.0,Team Beta,
BATCH-01290,2025-05-27,Plant 01,Line 1,Eterna,Morning,75,2,Dimensional,1,1,19.29,87.01,96.31,SUP-02,Suspension,Review,22.1,Team Alpha,
BATCH-00658,2025-04-18,Plant 01,Line 4,Veloce S,Afternoon,116,3,Electronics,2,0,36.91,72.39,94.44,SUP-06,Body,Review,24.0,Team Gamma,Minor process adjustment performed.
BATCH-01010,2025-12-17,Plant 01,Line 3,Eterna,Afternoon,90,1,Electronics,0,0,17.9,78.58,96.57,SUP-06,Braking,Passed,20.8,Team Gamma,
BATCH-01520,2025-06-05,Plant 02,Line 2,Aquila GT,Morning,48,1,Paint,1,0,26.33,104.67,98.45,SUP-04,Suspension,Passed,26.7,Team Beta,
BATCH-00718,2025-07-19,Plant 01,Line 4,Veloce S,Morning,71,1,Interior,1,0,9.05,94.84,96.13,SUP-11,Electronics,Passed,23.0,Team Beta,Minor process adjustment performed.
BATCH-00045,2025-09-26,Plant 01,Line 3,Veloce S,Night,70,2,Mechanical,0,0,35.4,90.15,94.42,SUP-07,Interior,Review,22.3,Team Alpha,Routine quality inspection completed.
BATCH-01902,2025-03-08,Plant 02,Line 4,Aquila GT,Afternoon,47,1,Assembly,0,0,10.35,92.9,96.45,SUP-10,Suspension,Passed,22.2,Team Gamma,
BATCH-00111,2025-12-15,Plant 01,Line 4,Strada X,Afternoon,112,3,Electronics,0,1,15.78,74.38,97.45,SUP-09,Electronics,Review,18.8,Team Beta,Routine quality inspection completed.
BATCH-01456,2025-08-12,Plant 02,Line 1,Eterna,Morning,111,2,Mechanical,0,0,18.67,68.83,96.3,SUP-06,Braking,Passed,19.1,Team Gamma,Minor process adjustment performed.
BATCH-00268,2025-06-09,Plant 02,Line 2,Strada X,Night,82,3,Dimensional,0,0,20.99,72.48,94.76,SUP-11,Body,Review,20.6,Team Beta,Production line calibration completed.
BATCH-01298,2025-09-28,Plant 02,Line 4,Eterna,Morning,71,2,Electronics,0,1,17.39,82.95,96.15,SUP-07,Electronics,Review,19.8,Team Gamma,Production line calibration completed.
BATCH-01679,2025-04-15,Plant 01,Line 4,Eterna,Afternoon,111,1,Dimensional,0,1,53.36,84.77,95.51,SUP-09,Braking,Passed,20.2,Team Gamma,
BATCH-00453,2025-08-23,Plant 01,Line 1,Aquila GT,Morning,81,0,None,0,0,23.18,92.9,95.0,SUP-08,Body,Passed,27.2,Team Alpha,
BATCH-00911,2025-07-27,Plant 01,Line 3,Aquila GT,Night,50,3,Electronics,0,1,22.06,91.05,90.55,SUP-12,Interior,Failed,18.7,Team Alpha,Routine quality inspection completed.
BATCH-01894,2025-10-24,Plant 02,Line 3,Veloce S,Night,90,2,Electronics,1,1,15.76,94.71,96.06,SUP-07,Suspension,Passed,22.8,Team Gamma,
BATCH-01577,2025-06-04,Plant 02,Line 1,Veloce S,Afternoon,88,2,Assembly,2,0,31.11,85.85,95.95,SUP-12,Suspension,Passed,22.0,Team Gamma,
BATCH-00859,2025-09-25,Plant 02,Line 3,Veloce S,Morning,73,2,Assembly,2,0,42.36,80.51,95.95,SUP-05,Suspension,Review,22.3,Team Alpha,
BATCH-01282,2025-08-27,Plant 01,Line 3,Strada X,Morning,101,1,Mechanical,0,0,63.17,93.36,93.79,SUP-10,Braking,Review,23.1,Team Gamma,
BATCH-00226,2025-03-26,Plant 02,Line 4,Eterna,Night,118,2,Dimensional,1,1,37.83,98.17,95.99,SUP-04,Electronics,Passed,15.7,Team Gamma,Minor process adjustment performed.
BATCH-00568,2025-04-17,Plant 02,Line 4,Veloce S,Morning,114,0,None,0,0,28.74,87.57,98.72,SUP-08,Electronics,Passed,20.5,Team Beta,
BATCH-00102,2025-09-28,Plant 01,Line 4,Aquila GT,Morning,106,1,Mechanical,1,0,2.42,82.76,98.11,SUP-05,Interior,Passed,26.1,Team Alpha,
BATCH-01456,2025-08-12,Plant 02,Line 1,Eterna,Morning,111,2,Mechanical,0,0,18.67,68.83,96.3,SUP-06,Braking,Passed,19.1,Team Gamma,Minor process adjustment performed.
BATCH-01563,2025-11-06,Plant 02,Line 4,Veloce S,Morning,68,2,Mechanical,2,0,57.15,114.33,95.26,SUP-03,Suspension,Review,22.8,Team Beta,Routine quality inspection completed.
BATCH-01940,2025-09-22,Plant 02,Line 2,Eterna,Morning,107,3,Electronics,0,1,8.98,68.52,95.06,SUP-07,Suspension,Review,22.1,Team Beta,Minor process adjustment performed.
BATCH-01933,2025-02-07,Plant 02,Line 1,Aquila GT,Morning,71,0,None,0,0,36.74,76.97,97.23,SUP-09,Body,Passed,20.2,Team Alpha,Supplier component verification required.
BATCH-01220,2025-07-18,Plant 02,Line 1,Veloce S,Afternoon,77,2,Dimensional,0,2,33.09,91.69,95.98,SUP-12,Powertrain,Review,21.8,Team Beta,Minor process adjustment performed.
BATCH-01713,2025-02-21,Plant 02,Line 3,Veloce S,Morning,101,4,Mechanical,1,3,40.09,74.61,90.15,SUP-12,Interior,Review,23.6,Team Alpha,Supplier component verification required.
BATCH-00100,2025-06-27,Plant 02,Line 4,Aquila GT,Afternoon,59,0,None,0,0,49.68,93.19,95.81,SUP-04,Interior,Passed,20.9,Team Alpha,
BATCH-00915,2025-06-05,Plant 02,Line 3,Aquila GT,Night,49,0,None,0,0,3.52,74.46,100,SUP-05,Suspension,Passed,22.1,Team Alpha,Minor process adjustment performed.
BATCH-00397,2025-07-14,Plant 02,Line 3,Eterna,Morning,70,1,Mechanical,0,1,38.27,82.1,96.4,SUP-09,Interior,Passed,26.7,Team Gamma,Production line calibration completed.
BATCH-00614,2025-12-26,Plant 01,Line 3,Strada X,Afternoon,98,3,Dimensional,0,0,47.86,80.4,93.29,SUP-11,Suspension,Review,24.1,Team Beta,Supplier component verification required.
BATCH-01362,2025-12-12,Plant 02,Line 1,Veloce S,Night,67,2,Mechanical,1,1,38.51,98.72,93.78,SUP-06,Powertrain,Review,19.3,Team Gamma,
BATCH-01906,2025-04-27,Plant 01,Line 1,Strada X,Afternoon,120,5,Mechanical,5,0,17.24,83.26,94.07,SUP-07,Suspension,Failed,21.7,Team Gamma,
BATCH-01813,2025-01-29,Plant 02,Line 3,Eterna,Afternoon,86,3,Mechanical,2,0,11.31,93.69,92.8,SUP-11,Braking,Review,18.8,Team Beta,Production line calibration completed.
BATCH-01815,2025-06-16,Plant 01,Line 2,Aquila GT,Afternoon,72,0,None,0,0,22.16,94.79,98.34,SUP-02,Body,Passed,23.5,Team Delta,Routine quality inspection completed.
BATCH-01422,2025-01-01,Plant 02,Line 2,Eterna,Morning,49,0,None,0,0,54.12,85.87,97.74,SUP-06,Braking,Passed,20.2,Team Gamma,Supplier component verification required.
BATCH-00421,2025-01-13,Plant 02,Line 3,Aquila GT,Afternoon,56,5,Assembly,5,0,33.3,75.86,85.68,SUP-11,Electronics,Failed,19.3,Team Gamma,Minor process adjustment performed.
BATCH-01279,2025-09-15,Plant 01,Line 1,Aquila GT,Afternoon,70,4,Electronics,2,2,32.59,68.53,92.26,SUP-01,Braking,Failed,17.4,Team Gamma,Supplier component verification required.
BATCH-00460,2025-05-07,Plant 01,Line 3,Strada X,Night,58,2,Electronics,1,1,39.27,83.13,94.62,SUP-10,Powertrain,Review,19.7,Team Delta,Minor process adjustment performed.
BATCH-01971,2025-01-21,Plant 02,Line 4,Veloce S,Night,91,1,Interior,0,0,21.18,89.03,97.36,SUP-10,Braking,Passed,22.9,Team Gamma,Production line calibration completed.
BATCH-00800,2025-11-10,Plant 01,Line 2,Aquila GT,Night,89,0,None,0,0,28.05,88.76,97.49,SUP-09,Electronics,Passed,22.4,Team Gamma,Supplier component verification required.
BATCH-01847,2025-05-12,Plant 01,Line 4,Eterna,Night,77,2,Interior,2,0,17.52,77.96,95.3,SUP-10,Powertrain,Review,23.0,Team Delta,
BATCH-00956,2025-02-14,Plant 01,Line 2,Eterna,Night,103,1,Mechanical,0,1,39.03,84.36,98.13,SUP-11,Electronics,Passed,22.7,Team Alpha,Supplier component verification required.
BATCH-00074,2025-12-28,Plant 02,Line 3,Veloce S,Morning,45,0,None,0,0,40.99,79.79,98.18,SUP-12,Interior,Passed,20.9,Team Alpha,Minor process adjustment performed.
BATCH-01337,2025-06-19,Plant 01,Line 1,Eterna,Morning,118,2,Assembly,0,2,14.58,70.82,96.06,SUP-08 ,Electronics,Passed,25.6,Team Beta,Supplier component verification required.
BATCH-01672,2025-01-19,Plant 02,Line 3,Strada X,Afternoon,64,2,Interior,1,1,45.8,60.41,95.33,SUP-11,Suspension,Review,26.4,Team Delta,
BATCH-01549,2025-01-22,Plant 02,Line 2,Strada X,Afternoon,105,2,Electronics,2,0,25.24,83.99,97.72,SUP-04,Body,Passed,25.5,Team Beta,Supplier component verification required.
BATCH-01182,2025-03-25,Plant 02,Line 2,Eterna,Morning,116,1,Assembly,1,0,0.0,85.46,100,SUP-01,Body,Passed,23.7,Team Beta,Supplier component verification required.
BATCH-01455,2025-05-30,Plant 02,Line 2,Veloce S,Afternoon,66,1,Dimensional,1,0,2.18,85.28,96.6,SUP-03,Suspension,Passed,23.4,Team Beta,Production line calibration completed.
BATCH-01611,2025-12-20,Plant 01,Line 1,Aquila GT,Afternoon,116,2,Paint,1,0,38.87,75.92,95.84,SUP-06,Electronics,Passed,22.7,Team Alpha,
BATCH-00594,2025-09-02,Plant 01,Line 3,Aquila GT,Afternoon,101,1,Assembly,1,0,44.42,90.02,94.67,SUP-04,Interior,Passed,22.0,Team Gamma,
BATCH-00687,2025-10-21,Plant 02,Line 3,Veloce S,Morning,46,0,None,0,0,39.33,69.24,97.34,SUP-06,Body,Passed,21.4,Team Alpha,Routine quality inspection completed.
BATCH-01357,2025-03-19,Plant 02,Line 3,Eterna,Afternoon,76,4,Assembly,2,1,28.82,73.16,92.48,SUP-08,Suspension,Failed,19.7,Team Gamma,Minor process adjustment performed.
BATCH-01214,2025-06-19,Plant 01,Line 3,Eterna,Afternoon,65,2,Assembly,1,1,9.1,70.25,95.77,SUP-02,Braking,Review,24.1,Team Beta,Routine quality inspection completed.
BATCH-00017,2025-03-24,Plant 02,Line 2,Eterna,Afternoon,90,0,None,0,0,49.69,69.49,96.74,SUP-08,Body,Passed,22.3,Team Beta,Minor process adjustment performed.
BATCH-01096,2025-10-07,Plant 01,Line 4,Veloce S,Morning,99,1,Mechanical,0,0,6.35,71.81,98.21,SUP-06,Electronics,Passed,22.6,Team Gamma,Production line calibration completed.
BATCH-01250,2025-06-21,Plant 01,Line 3,Strada X,Night,92,0,None,0,0,74.75,93.78,97.4,SUP-02,Braking,Passed,21.6,Team Beta,Routine quality inspection completed.
BATCH-00900,2025-01-04,Plant 02,Line 2,Eterna,Morning,101,1,Paint,0,0,12.43,65.34,95.88,SUP-12,Braking,Passed,23.0,Team Beta,
BATCH-00067,2025-01-11,Plant 01,Line 3,Eterna,Afternoon,80,1,Assembly,0,0,27.88,84.92,99.15,SUP-11,Powertrain,Passed,20.9,Team Beta,
BATCH-00924,2025-09-23,Plant 01,Line 2,Eterna,Afternoon,76,1,Interior,0,0,11.68,73.35,97.97,SUP-08,Electronics,Passed,24.9,Team Alpha,Routine quality inspection completed.
BATCH-01647,2025-02-01,Plant 02,Line 3,Veloce S,Morning,71,0,None,0,0,24.25,101.16,99.57,SUP-05,Electronics,Passed,19.1,Team Beta,Supplier component verification required.
BATCH-00671,2025-10-07,Plant 01,Line 2,Eterna,Night,89,1,Assembly,0,0,15.37,78.53,98.72,SUP-03,Body,Passed,21.7,Team Gamma,
BATCH-00295,2025-02-04,Plant 02,Line 3,Eterna,Afternoon,74,2,Dimensional,1,1,45.14,88.03,95.2,SUP-01,Body,Review,22.3,Team Beta,Routine quality inspection completed.
BATCH-00857,2025-12-15,Plant 01,Line 1,Eterna,Night,91,3,Electronics,0,0,44.57,86.53,93.89,SUP-02,Interior,Review,22.4,Team Alpha,
BATCH-01288,2025-09-06,Plant 02,Line 1,Strada X,Afternoon,97,1,Paint,0,1,29.85,64.04,96.39,SUP-08,Powertrain,Passed,24.9,Team Alpha,Production line calibration completed.
BATCH-01695,2025-06-04,Plant 02,Line 1,Eterna,Afternoon,62,0,None,0,0,17.58,81.87,99.83,SUP-08,Interior,Passed,23.4,Team Beta,
BATCH-00896,2025-09-04,Plant 01,Line 1,Strada X,Afternoon,118,0,None,0,0,18.99,98.55,96.12,SUP-10,Electronics,Passed,22.9,Team Beta,
BATCH-01802,2025-09-28,Plant 01,Line 4,Aquila GT,Night,82,2,Interior,0,0,40.95,72.9,95.6,SUP-06,Powertrain,Passed,22.2,Team Beta,Minor process adjustment performed.
BATCH-01461,2025-12-26,Plant 01,Line 2,Aquila GT,Afternoon,94,1,Interior,1,0,47.5,86.41,96.96,SUP-10,Braking,Passed,23.0,Team Delta,Routine quality inspection completed.
BATCH-00352,2025-12-18,Plant 01,Line 3,Aquila GT,Morning,116,3,Paint,1,1,42.63,74.05,96.9,SUP-10,Electronics,Review,22.1,Team Gamma,
BATCH-00047,2025-11-14,Plant 01,Line 2,Strada X,Afternoon,92,2,Electronics,2,0,0.37,81.45,97.62,SUP-05,Interior,Passed,20.4,Team Gamma,
BATCH-00842,2025-09-17,Plant 02,Line 4,Strada X,Afternoon,94,1,Paint,0,0,20.34,81.1,96.79,SUP-09,Electronics,Passed,22.8,Team Delta,
BATCH-00913,2025-01-20,Plant 01,Line 2,Strada X,Night,97,7,Electronics,1,5,12.1,78.2,89.54,SUP-07,Powertrain,Failed,21.9,Team Alpha,Production line calibration completed.
BATCH-01440,2025-09-14,Plant 02,Line 1,Veloce S,Night,60,1,Dimensional,0,1,45.43,87.88,95.72,SUP-10,Powertrain,Passed,19.8,Team Alpha,
BATCH-00975,2025-04-15,Plant 01,Line 4,Strada X,Night,112,4,Mechanical,2,2,11.95,102.38,96.45,SUP-03,Electronics,Review,28.5,Team Delta,
BATCH-01780,2025-11-10,Plant 02,Line 3,Strada X,Night,88,0,None,0,0,37.26,83.25,98.39,SUP-06,Body,Passed,21.0,Team Beta,Minor process adjustment performed.
BATCH-00079,2025-07-19,Plant 01,Line 3,Veloce S,Night,110,3,Paint,1,1,43.22,76.3,93.31,SUP-01,Interior,Review,21.9,Team Beta,
BATCH-01348,2025-06-22,Plant 01,Line 4,Veloce S,Morning,62,0,None,0,0,19.91,88.44,99.72,SUP-04,Powertrain,Passed,23.4,Team Alpha,
BATCH-01540,2025-10-27,Plant 02,Line 3,Strada X,Night,59,1,Paint,0,0,67.85,80.91,94.78,SUP-03,Braking,Passed,18.9,Team Gamma,
BATCH-00958,2025-11-22,Plant 02,Line 2,Strada X,Night,59,0,None,0,0,62.27,98.84,95.72,SUP-02,Body,Passed,24.3,Team Alpha,Minor process adjustment performed.
BATCH-01394,2025-12-07,Plant 01,Line 1,Strada X,Afternoon,78,1,Paint,0,0,44.28,88.45,94.94,SUP-02,Electronics,Passed,24.4,Team Beta,
BATCH-00093,2025-01-24,Plant 01,Line 2,Veloce S,Afternoon,108,3,Mechanical,0,1,22.4,106.49,93.69,SUP-07,Braking,Review,21.4,Team Gamma,
BATCH-00626,2025-03-04,Plant 01,Line 1,Veloce S,Morning,102,0,None,0,0,39.99,93.03,114.08,SUP-03,Powertrain,Passed,20.6,Team Gamma,Routine quality inspection completed.
BATCH-01053,2025-09-14,Plant 02,Line 2,Veloce S,Night,77,0,None,0,0,16.43,77.86,97.35,SUP-10,Body,Passed,20.5,Team Alpha,
BATCH-00593,2025-01-01,Plant 01,Line 4,Strada X,Night,76,2,Paint,0,1,24.02,89.47,96.39,SUP-02,Powertrain,Review,26.5,Team Delta,Supplier component verification required.
BATCH-00858,2025-08-07,Plant 01,Line 4,Aquila GT,Afternoon,59,0,None,0,0,35.82,78.13,98.35,SUP-04,Powertrain,Passed,22.9,Team Gamma,Minor process adjustment performed.
BATCH-00445,2025-02-03,Plant 02,Line 4,Strada X,Morning,93,2,Assembly,2,0,58.69,91.62,96.74,SUP-10,Powertrain,Passed,25.7,Team Beta,Supplier component verification required.
BATCH-00923,2025-07-24,Plant 01,Line 2,Veloce S,Morning,62,2,Interior,0,1,53.84,77.93,93.75,SUP-02,Braking,Review,20.6,Team Beta,
BATCH-00829,2025-08-17,Plant 02,Line 2,Veloce S,Night,108,2,Electronics,2,0,24.31,79.11,95.33,SUP-03,Body,Passed,25.7,Team Delta,
BATCH-01377,2025-11-26,Plant 02,Line 4,Strada X,Afternoon,93,2,Electronics,0,0,10.53,80.84,95.7,SUP-05,Body,Passed,23.1,Team Gamma,
BATCH-01384,2025-06-06,Plant 01,Line 4,Veloce S,Afternoon,112,3,Paint,1,2,11.88,84.42,97.11,SUP-02,Electronics,Review,25.2,Team Delta,
BATCH-01138,2025-09-23,Plant 02,Line 2,Strada X,Morning,93,1,Assembly,0,1,50.22,87.19,97.58,SUP-12,Powertrain,Passed,22.3,Team Beta,Routine quality inspection completed.
BATCH-01154,2025-04-27,Plant 02,Line 3,Eterna,Afternoon,62,2,Electronics,1,0,7.62,83.99,94.91,SUP-06,Suspension,Review,17.6,Team Beta,Minor process adjustment performed.
BATCH-01524,2025-07-25,Plant 01,Line 4,Veloce S,Afternoon,76,4,Mechanical,3,1,8.87,94.63,94.93,SUP-11,Suspension,Failed,22.1,Team Delta,Production line calibration completed.
BATCH-01224,2025-03-23,Plant 01,Line 3,Aquila GT,Afternoon,110,3,Assembly,0,2,63.17,77.7,93.22,SUP-08,Electronics,Review,22.8,Team Beta,
BATCH-00893,2025-07-24,Plant 01,Line 1,Eterna,Night,99,2,Dimensional,2,0,27.23,73.74,94.87,SUP-08,Electronics,Passed,22.8,Team Delta,
BATCH-01235,2025-04-18,Plant 01,Line 1,Aquila GT,Afternoon,62,0,None,0,0,27.9,82.88,98.16,SUP-09,Suspension,Passed,24.0,Team Beta,Supplier component verification required.
BATCH-01044,2025-05-02,Plant 02,Line 4,Veloce S,Afternoon,98,0,None,0,0,30.11,83.03,97.88,SUP-09,Suspension,Passed,23.0,Team Gamma,Routine quality inspection completed.
BATCH-00599,2025-01-12,Plant 02,Line 4,Eterna,Night,97,0,None,0,0,21.65,90.56,99.12,SUP-01,Interior,Passed,16.5,Team Gamma,
BATCH-00714,2025-01-23,Plant 02,Line 2,Strada X,Afternoon,113,1,Electronics,1,0,13.9,67.94,97.13,SUP-04,Body,Passed,23.3,Team Gamma,Production line calibration completed.
BATCH-01498,2025-05-02,Plant 02,Line 1,Strada X,Night,87,3,Dimensional,1,1,35.3,79.31,93.78,SUP-05,Body,Review,23.6,Team Beta,Minor process adjustment performed.
BATCH-01919,2025-07-31,Plant 01,Line 1,Veloce S,Morning,115,1,Mechanical,1,0,47.09,90.18,97.7,SUP-04,Braking,Passed,23.3,Team Alpha,Routine quality inspection completed.
BATCH-01006,2025-03-28,Plant 02,Line 2,Strada X,Afternoon,110,2,Assembly,1,1,14.12,77.29,97.64,SUP-01,Braking,Passed,20.7,Team Beta,Routine quality inspection completed.
BATCH-00284,2025-01-30,Plant 02,Line 1,Eterna,Morning,111,3,Electronics,3,0,20.22,82.86,96.54,SUP-03,Powertrain,Review,21.7,Team Beta,
BATCH-01116,2025-11-26,Plant 02,Line 2,Veloce S,Night,118,2,Assembly,2,0,45.69,85.53,98.31,SUP-12,Suspension,Passed,22.5,Team Beta,
BATCH-01900,2025-07-10,Plant 02,Line 2,Eterna,Afternoon,110,3,Interior,0,1,34.02,78.13,95.0,SUP-09,Interior,Review,24.6,Team Gamma,
BATCH-00563,2025-10-21,Plant 01,Line 4,Veloce S,Night,87,1,Interior,0,1,23.59,84.11,99.23,SUP-12,Electronics,Passed,26.9,Team Beta,
BATCH-01846,2025-01-07,Plant 02,Line 4,Eterna,Night,71,1,Paint,1,0,46.62,91.66,98.22,SUP-07,Electronics,Passed,20.0,Team Alpha,Supplier component verification required.
BATCH-00257,2025-07-26,Plant 01,Line 3,Veloce S,Morning,89,2,Electronics,1,0,3.29,72.25,97.29,SUP-08,Electronics,Passed,20.9,Team Delta,
BATCH-00153,2025-02-10,Plant 01,Line 3,Eterna,Night,117,3,Paint,0,3,24.44,85.39,95.89,SUP-02,Powertrain,Review,21.7,Team Alpha,Supplier component verification required.
BATCH-01560,2025-12-15,Plant 02,Line 2,Eterna,Night,104,2,Assembly,2,0,39.79,88.95,94.92,SUP-07,Suspension,Passed,26.6,Team Delta,
BATCH-01141,2025-03-04,Plant 02,Line 2,Strada X,Morning,76,0,None,0,0,22.75,73.96,97.96,SUP-12,Powertrain,Passed,20.5,Team Alpha,Minor process adjustment performed.
BATCH-01690,2025-10-28,Plant 02,Line 2,Aquila GT,Morning,49,1,Mechanical,1,0,34.4,75.37,95.07,SUP-01,Powertrain,Passed,25.2,Team Gamma,Production line calibration completed.
BATCH-00592,2025-04-21,Plant 01,Line 1,Aquila GT,Afternoon,86,0,None,0,0,0.0,80.82,96.17,SUP-11,Braking,Passed,24.6,Team Gamma,Production line calibration completed.
BATCH-00435,2025-06-30,Plant 01,Line 2,Eterna,Morning,69,0,None,0,0,23.96,76.44,99.33,SUP-03,Interior,Passed,22.0,Team Gamma,
BATCH-00848,2025-02-15,Plant 01,Line 2,Veloce S,Night,88,4,Interior,0,3,26.83,89.03,92.87,SUP-10,Interior,Failed,22.2,Team Beta,
BATCH-00982,2025-02-09,Plant 02,Line 2,Veloce S,Afternoon,107,2,Mechanical,1,1,20.7,86.17,95.67,SUP-02,Electronics,Passed,23.8,Team Delta,
BATCH-01246,2025-01-23,Plant 02,Line 4,Aquila GT,Afternoon,115,3,Assembly,1,2,43.59,76.22,97.23,SUP-05,Interior,Review,22.5,Team Delta,Production line calibration completed.
BATCH-00662,2025-07-24,Plant 01,Line 3,Aquila GT,Morning,49,3,Mechanical,1,1,37.89,86.56,91.7,SUP-06,Suspension,Failed,18.8,Team Beta,
BATCH-01823,2025-01-01,Plant 01,Line 2,Veloce S,Morning,101,2,Interior,2,0,57.56,88.46,95.13,SUP-03,Electronics,Passed,19.8,Team Beta,
BATCH-00274,2025-07-27,Plant 01,Line 3,Eterna,Afternoon,61,2,Assembly,2,0,17.57,76.2,92.12,SUP-06,Interior,Review,23.5,Team Alpha,
BATCH-00158,2025-09-10,Plant 01, Line 1 ,Strada X,Afternoon,112,0,None,0,0,47.65,92.04,95.88,SUP-05,Braking,Passed,23.3,Team Beta,Supplier component verification required.
BATCH-00269,2025-10-28,Plant 01,Line 4,Veloce S,Night,85,2,Paint,0,0,19.26,95.97,97.62,SUP-12,Electronics,Passed,21.1,Team Beta,Minor process adjustment performed.
BATCH-00238,2025-08-24,Plant 02,Line 1,Strada X,Afternoon,108,3,Assembly,2,0,49.12,88.88,95.96,SUP-04,Powertrain,Review,19.9,Team Beta,
BATCH-00132,2025-08-22,Plant 02,Line 4,Aquila GT,Afternoon,88,1,Electronics,1,0,6.54,77.89,97.5,SUP-11,Powertrain,Passed,21.5,Team Beta,Production line calibration completed.
BATCH-00311,2025-08-28,Plant 01,Line 1,Strada X,Morning,63,0,None,0,0,31.01,68.39,97.58,SUP-01,Suspension,Passed,23.3,Team Delta,Production line calibration completed.
BATCH-01500,2025-08-31,Plant 01,Line 4,Aquila GT,Afternoon,106,2,Assembly,0,2,40.65,75.92,93.72,SUP-11,Electronics,Review,21.9,Team Gamma,Supplier component verification required.
BATCH-01648,2025-07-09,Plant 02,Line 3,Veloce S,Afternoon,120,1,Paint,0,1,38.57,88.48,98.39,SUP-01,Powertrain,Passed,21.0,Team Beta,Routine quality inspection completed.
BATCH-01476,2025-06-03,Plant 01,Line 2,Veloce S,Night,92,2,Mechanical,1,0,0.0,78.59,95.21,SUP-03,Braking,Passed,20.6,Team Alpha,
BATCH-00970,2025-12-24,Plant 02,Line 2,Strada X,Morning,120,2,Paint,2,0,5.69,73.83,97.51,SUP-06,Interior,Passed,20.6,Team Gamma,Minor process adjustment performed.
BATCH-01612,2025-08-29,Plant 02,Line 2,Veloce S,Morning,51,0,None,0,0,56.23,78.34,98.83,SUP-11,Body,Passed,25.5,Team Beta,Minor process adjustment performed.
BATCH-00953,2025-09-07,Plant 01,Line 3,Eterna,Afternoon,63,1,Paint,0,1,34.72,77.48,97.15,SUP-09,Interior,Passed,24.1,Team Gamma,Minor process adjustment performed.
BATCH-00393,2025-01-03,Plant 02,Line 3,Veloce S,Night,47,2,Paint,0,0,20.34,70.01,93.02,SUP-07,Interior,Failed,19.9,Team Delta,Routine quality inspection completed.
BATCH-01709,2025-03-14,Plant 01,Line 3,Strada X,Morning,47,0,None,0,0,8.03,78.6,98.01,SUP-09,Electronics,Passed,25.7,Team Delta,Supplier component verification required.
BATCH-01792,2025-12-29,Plant 02,Line 1,Eterna,Afternoon,116,2,Interior,2,0,19.88,87.88,97.21,SUP-12,Electronics,Passed,24.8,Team Delta,
BATCH-01387,2025-03-12,Plant 02,Line 2,Aquila GT,Morning,58,4,Interior,2,2,29.49,66.79,89.97,SUP-12,Powertrain,Failed,22.5,Team Beta,
BATCH-01255,2025-03-05,Plant 01,Line 4,Aquila GT,Morning,90,1,Electronics,0,1,30.62,84.41,96.03,SUP-04,Suspension,Passed,28.1,Team Alpha,Production line calibration completed.
BATCH-00129,2025-07-28,Plant 02,Line 1,Veloce S,Afternoon,62,1,Mechanical,1,0,22.96,74.31,97.26,SUP-02,Body,Passed,18.4,Team Beta,Minor process adjustment performed.
BATCH-00009,2025-03-01,Plant 02,Line 2,Veloce S,Afternoon,65,0,None,0,0,28.31,79.54,99.07,SUP-11,Body,Passed,23.4,Team Alpha,Production line calibration completed.
BATCH-00669,2025-11-06,Plant 01,Line 3,Aquila GT,Night,49,0,None,0,0,33.19,71.21,96.65,SUP-07,Electronics,Passed,20.1,Team Gamma,Production line calibration completed.
BATCH-00113,2025-06-05,Plant 02,Line 4,Aquila GT,Night,67,1,Paint,1,0,26.99,84.35,95.93,SUP-03,Powertrain,Passed,20.5,Team Gamma,
BATCH-00761,2025-05-19,Plant 02,Line 2,Eterna,Afternoon,74,3,Paint,3,0,0.05,73.73,94.12,SUP-03,Electronics,Failed,19.2,Team Delta,
BATCH-01704,2025-04-03,Plant 02,Line 4,Veloce S,Morning,106,1,Electronics,0,1,38.94,85.69,98.73,SUP-03,Electronics,Passed,23.1,Team Gamma,
BATCH-00545,2025-03-06,Plant 02,Line 2,Aquila GT,Night,102,3,Mechanical,3,0,24.49,80.85,96.76,SUP-05,Suspension,Review,23.7,Team Beta,Production line calibration completed.
BATCH-01320,2025-07-12,Plant 02,Line 1,Aquila GT,Morning,98,0,None,0,0,9.19,81.72,98.5,SUP-03,Interior,Passed,20.6,Team Gamma,Supplier component verification required.
BATCH-00932,2025-07-07,Plant 01,Line 3,Strada X,Afternoon,62,1,Interior,1,0,30.17,81.65,97.14,SUP-02,Suspension,Passed,28.0,Team Delta,
BATCH-00373,2025-04-19,Plant 02,Line 2,Eterna,Morning,45,1,Assembly,0,0,2.04,67.69,96.79,SUP-08,Powertrain,Passed,20.0,Team Delta,Routine quality inspection completed.
BATCH-01486,2025-08-09,Plant 02,Line 4,Strada X,Morning,115,1,Paint,0,1,52.5,104.88,96.03,SUP-11,Braking,Passed,24.8,Team Gamma,
BATCH-00657,2025-01-25,Plant 01,Line 4,Veloce S,Afternoon,86,2,Electronics,1,0,26.49,92.91,96.55,SUP-08,Electronics,Passed,22.3,Team Beta,Supplier component verification required.
BATCH-01185,2025-12-05,Plant 02,Line 1,Strada X,Morning,51,5,Dimensional,5,0,25.88,91.46,86.86,SUP-07,Electronics,Failed,22.4,Team Gamma,Minor process adjustment performed.
BATCH-01762,2025-09-27,Plant 01,Line 2,Veloce S,Afternoon,74,1,Mechanical,0,1,45.71,74.35,97.33,SUP-08,Powertrain,Passed,25.1,Team Gamma,
BATCH-00211,2025-04-11,Plant 01,Line 4,Eterna,Night,108,1,Mechanical,0,1,20.1,77.99,98.79,SUP-09,Interior,Passed,22.7,Team Alpha,Production line calibration completed.
BATCH-00301,2025-05-03,Plant 01,Line 3,Strada X,Morning,52,0,None,0,0,19.01,74.76,98.52,SUP-08,Interior,Passed,21.7,Team Delta,Routine quality inspection completed.
BATCH-01016,2025-03-29,Plant 01,Line 3,Veloce S,Morning,104,3,Mechanical,0,0,23.59,77.46,95.8,SUP-06,Suspension,Review,22.2,Team Beta,
BATCH-00323,2025-03-25,Plant 01, Line 4 ,Aquila GT,Afternoon,82,1,Paint,0,0,25.78,87.34,96.84,SUP-04,Suspension,Passed,22.7,Team Alpha,Production line calibration completed.
BATCH-00401,2025-04-03,Plant 02,Line 1,Eterna,Afternoon,103,2,Paint,2,0,39.15,88.03,94.74,SUP-03,Powertrain,Passed,24.9,Team Alpha,
BATCH-00582,2025-09-08,Plant 01,Line 2,Veloce S,Night,81,2,Interior,2,0,41.98,90.91,96.97,SUP-03,Braking,Passed,17.3,Team Gamma,
BATCH-00700,2025-06-06,Plant 02,Line 3,Strada X,Night,53,3,Mechanical,1,2,46.1,91.02,92.07,SUP-05,Powertrain,Failed,22.4,Team Delta,
BATCH-00506,2025-12-15,Plant 01,Line 4,Veloce S,Morning,65,3,Mechanical,2,1,25.64,90.17,94.17,SUP-07,Suspension,Failed,19.2,Team Alpha,Minor process adjustment performed.
BATCH-00098,2025-03-20,Plant 01,Line 4,Eterna,Night,58,2,Dimensional,0,2,29.49,73.47,95.9,SUP-02,Electronics,Review,21.3,Team Beta,
BATCH-00084,2025-03-05,Plant 01,Line 2,Aquila GT,Afternoon,79,0,None,0,0,30.43,88.83,95.71,SUP-10,Braking,Passed,23.2,Team Delta,
BATCH-01239,2025-03-14,Plant 01,Line 1,Veloce S,Morning,98,3,Paint,0,3,37.24,86.55,93.48,SUP-12,Electronics,Review,23.4,Team Gamma,
BATCH-01772,2025-12-31,Plant 02,Line 3,Aquila GT,Afternoon,106,3,Electronics,0,0,26.81,68.1,97.31,SUP-08,Powertrain,Review,23.3,Team Beta,
BATCH-00963,2025-11-20,Plant 02,Line 4,Strada X,Morning,116,2,Assembly,0,0,18.6,67.32,,SUP-09,Interior,Passed,23.8,Team Alpha,Routine quality inspection completed.
BATCH-00310,2025-07-17,Plant 01,Line 4,Eterna,Night,69,1,Paint,0,1,30.08,92.93,96.87,SUP-05,Powertrain,Passed,21.8,Team Beta,Routine quality inspection completed.
BATCH-00317,2025-02-14,Plant 01,Line 4,Strada X,Afternoon,116,2,Assembly,0,0,40.29,83.83,94.92,SUP-09,Interior,Passed,21.0,Team Delta,Supplier component verification required.
BATCH-00071,2025-12-01,Plant 02,Line 3,Eterna,Afternoon,62,5,Dimensional,2,3,45.6,87.5,90.38,SUP-02,Powertrain,Failed,21.5,Team Delta,
BATCH-01484,2025-02-16,Plant 02,Line 3,Aquila GT,Night,70,1,Electronics,1,0,47.89,83.19,95.94,SUP-02,Suspension,Passed,23.0,Team Gamma,
BATCH-00715,2025-11-09,Plant 01,Line 4,Veloce S,Morning,118,3,Dimensional,2,1,41.29,100.54,94.61,SUP-10,Braking,Review,25.9,Team Beta,
BATCH-01924,2025-06-25,Plant 01,Line 2,Aquila GT,Morning,104,1,Dimensional,0,0,23.77,64.98,96.35,SUP-07,Interior,Passed,22.0,Team Gamma,Minor process adjustment performed.
BATCH-00814,2025-10-11,Plant 01,Line 1,Eterna,Night,101,1,Mechanical,0,1,53.06,85.0,99.27,SUP-06,Powertrain,Passed,24.1,Team Gamma,Production line calibration completed.
BATCH-01033,2025-07-13,Plant 01,Line 1,Aquila GT,Morning,51,0,None,0,0,31.96,71.22,99.49,SUP-09,Powertrain,Passed,22.0,Team Beta,Minor process adjustment performed.
BATCH-00167,2025-04-15,Plant 01,Line 2,Strada X,Morning,58,0,None,0,0,27.76,73.18,98.29,SUP-01,Suspension,Passed,24.2,Team Delta,
BATCH-01955,2025-08-20,Plant 02,Line 2,Strada X,Afternoon,51,0,None,0,0,52.01,103.87,98.61,SUP-09,Interior,Passed,24.2,Team Gamma,
BATCH-01882,2025-11-02,Plant 02,Line 3,Veloce S,Night,45,0,None,0,0,4.83,81.0,99.23,SUP-09,Interior,Passed,25.2,Team Delta,
BATCH-00916,2025-07-21,Plant 02,Line 2,Strada X,Morning,54,1,Interior,0,1,41.68,88.55,94.3,SUP-10,Braking,Passed,21.4,Team Gamma,Routine quality inspection completed.
BATCH-00951,2025-07-28,Plant 02,Line 3,Eterna,Morning,89,2,Paint,2,0,5.51,80.1,96.24,SUP-09,Braking,Passed,23.2,Team Beta,
BATCH-01226,2025-08-05,Plant 02,Line 1,Strada X,Night,86,2,Assembly,1,1,20.65,95.39,93.94,SUP-10,Powertrain,Review,24.7,Team Alpha,
BATCH-00867,2025-04-15,Plant 02,Line 4,Aquila GT,Afternoon,45,1,Assembly,0,0,10.82,101.53,97.67,SUP-08,Suspension,Passed,20.1,Team Delta,
BATCH-01632,2025-03-20,Plant 02,Line 4,Veloce S,Night,54,2,Interior,1,1,27.11,82.84,92.18,SUP-09,Suspension,Review,20.9,Team Beta,
BATCH-01626,2025-12-20,Plant 01,Line 2,Eterna,Night,108,2,Dimensional,0,0,15.46,74.96,96.27,SUP-04,Braking,Passed,22.2,Team Delta,
BATCH-00835,2025-07-09,Plant 02,Line 1,Eterna,Morning,110,3,Interior,1,0,34.38,79.17,93.1,SUP-02,Powertrain,Review,23.9,Team Alpha,Minor process adjustment performed.
BATCH-00717,2025-07-18,Plant 02,Line 1,Strada X,Afternoon,101,4,Electronics,3,1,4.31,79.95,94.31,SUP-10,Interior,Review,24.2,Team Gamma,
BATCH-00309,2025-06-25,Plant 02,Line 3,Eterna,Morning,48,2,Interior,2,0,11.14,79.11,93.73,SUP-09,Suspension,Failed,21.9,Team Beta,Minor process adjustment performed.
BATCH-00738,2025-06-13,Plant 02,Line 4,Strada X,Afternoon,120,5,Mechanical,5,0,51.75,84.16,94.09,SUP-11,Suspension,Failed,23.1,Team Delta,Production line calibration completed.
BATCH-01041,2025-06-05,Plant 02,Line 4,Eterna,Afternoon,108,1,Assembly,1,0,36.63,92.08,94.47,SUP-08,Powertrain,Passed,22.9,Team Alpha,Production line calibration completed.
BATCH-00120,2025-10-06,Plant 01,Line 2,Aquila GT,Afternoon,96,1,Paint,1,0,29.11,75.0,97.27,SUP-04,Electronics,Passed,20.2,Team Alpha,
BATCH-01731,2025-05-21,Plant 01,Line 4,Aquila GT,Morning,66,0,None,0,0,47.65,71.96,96.17,SUP-08,Body,Passed,26.7,Team Gamma,Production line calibration completed.
BATCH-01048,2025-08-30,Plant 02,Line 1,Aquila GT,Afternoon,111,0,None,0,0,25.06,65.73,99.54,SUP-06,Powertrain,Passed,21.2,Team Delta,
BATCH-00217,2025-03-09,Plant 02,Line 1,Strada X,Night,88,2,Interior,0,0,47.6,87.89,95.37,SUP-05,Braking,Passed,20.3,Team Alpha,Minor process adjustment performed.
BATCH-01360,2025-12-02,Plant 02,Line 2,Aquila GT,Afternoon,58,1,Mechanical,0,1,15.26,84.19,96.05,SUP-06,Body,Passed,20.2,Team Beta,Production line calibration completed.
BATCH-01392,2025-05-02,Plant 01,Line 1,Veloce S,Afternoon,65,0,None,0,0,0.0,78.54,99.32,SUP-12,Body,Passed,19.9,Team Beta,Supplier component verification required.
BATCH-00203,2025-02-02,Plant 02,Line 1,Aquila GT,Morning,87,1,Paint,1,0,24.31,86.49,97.68,SUP-06,Suspension,Passed,23.0,Team Beta,Minor process adjustment performed.
BATCH-01950,2025-12-14,Plant 01,Line 4,Aquila GT,Night,74,1,Interior,0,1,32.24,89.15,94.67,SUP-08,Powertrain,Passed,20.5,Team Beta,Routine quality inspection completed.
BATCH-00786,2025-10-06,Plant 02,Line 2,Strada X,Afternoon,52,2,Interior,2,0,0.0,95.33,93.66,SUP-08,Suspension,Review,19.0,Team Gamma,Minor process adjustment performed.
BATCH-01150,2025-05-29,Plant 01,Line 4,Veloce S,Night,116,3,Paint,0,1,37.52,72.73,95.87,SUP-06,Powertrain,Review,21.6,Team Gamma,
BATCH-00002,2025-04-13,Plant 02,Line 2,Veloce S,Night,51,1,Dimensional,0,1,5.13,84.73,98.33,SUP-08,Body,Passed,20.9,Team Delta,Minor process adjustment performed.
BATCH-00359,2025-05-23,Plant 02,Line 2,Strada X,Night,74,0,None,0,0,13.07,85.23,98.71,SUP-10,Body,Passed,20.0,Team Delta,Supplier component verification required.
BATCH-01401,2025-07-13,Plant 02,Line 2,Veloce S,Afternoon,111,1,Interior,1,0,24.73,82.93,96.82,SUP-04,Interior,Passed,24.7,Team Beta,Production line calibration completed.
BATCH-01430,2025-09-26,Plant 02,Line 3,Eterna,Afternoon,55,2,Electronics,0,2,10.05,81.58,94.26,SUP-10,Braking,Review,25.0,Team Delta,Routine quality inspection completed.
BATCH-00805,2025-12-12,Plant 01,Line 4,Aquila GT,Morning,48,0,None,0,0,52.61,79.97,99.13,SUP-11,Interior,Passed,25.7,Team Delta,
BATCH-01676,2025-10-29,Plant 01,Line 4,Eterna,Afternoon,97,0,None,0,0,26.34,75.99,97.88,SUP-03,Suspension,Passed,19.7,Team Gamma,
BATCH-00448,2025-12-16,Plant 02,Line 1,Strada X,Night,107,5,Paint,3,0,26.74,93.74,92.18,,Electronics,Failed,24.3,Team Beta,
BATCH-00062,2025-07-11,Plant 01,Line 3,Veloce S,Night,88,3,Paint,0,2,17.91,79.85,92.63,SUP-12,Interior,Review,23.0,Team Gamma,
BATCH-00972,2025-10-01,Plant 01,Line 3,Veloce S,Morning,93,2,Paint,2,0,66.71,93.45,94.17,SUP-11,Interior,Passed,21.4,Team Beta,Supplier component verification required.
BATCH-00997,2025-02-08,Plant 01,Line 1,Strada X,Morning,91,0,None,0,0,6.34,73.22,98.48,SUP-06,Electronics,Passed,24.2,Team Alpha,Supplier component verification required.
BATCH-01385,2025-01-08,Plant 02,Line 1,Veloce S,Afternoon,66,0,None,0,0,30.11,74.02,98.29,SUP-09,Suspension,Passed,22.9,Team Beta,Minor process adjustment performed.
BATCH-00376,2025-12-31,Plant 01,Line 2,Strada X,Morning,98,4,Dimensional,4,0,30.77,87.6,93.77,SUP-08,Suspension,Failed,24.6,Team Alpha,Production line calibration completed.
BATCH-01122,2025-09-13,Plant 01,Line 2,Strada X,Morning,82,2,Dimensional,1,0,24.58,89.19,96.32,SUP-08,Braking,Passed,23.2,Team Beta,
BATCH-01386,2025-12-12,Plant 01,Line 1,Veloce S,Afternoon,85,1,Interior,0,1,59.44,81.38,95.22,SUP-12,Suspension,Passed,20.1,Team Alpha,Supplier component verification required.
BATCH-00117,2025-12-27,Plant 01,Line 4,Aquila GT,Night,69,2,Paint,1,0,43.57,84.58,96.46,SUP-08,Suspension,Review,21.9,Team Beta,Routine quality inspection completed.
BATCH-01585,2025-07-04,Plant 02,Line 4,Strada X,Afternoon,71,2,Mechanical,2,0,49.74,95.26,94.56,SUP-12,Body,Review,22.5,Team Alpha,Routine quality inspection completed.
BATCH-01826,2025-09-08,Plant 02,Line 3,Strada X,Morning,110,3,Mechanical,3,0,6.1,84.79,95.78,SUP-02,Powertrain,Review,21.2,Team Gamma,Supplier component verification required.
BATCH-01363,2025-12-03,Plant 01,Line 2,Eterna,Morning,91,0,None,0,0,0.0,81.07,98.78,SUP-03,Braking,Passed,23.5,Team Beta,Supplier component verification required.
BATCH-01928,2025-12-04,Plant 02,Line 4,Aquila GT,Night,113,4,Interior,4,0,55.87,104.24,93.24,SUP-10,Body,Review,19.9,Team Gamma,Routine quality inspection completed.
BATCH-00880,2025-04-08,Plant 02,Line 2,Aquila GT,Afternoon,75,1,Mechanical,0,0,17.08,84.52,96.58,SUP-11,Electronics,Passed,22.7,Team Gamma,
BATCH-00490,2025-04-24,Plant 02,Line 2,Veloce S,Morning,61,2,Dimensional,2,0,21.69,84.72,95.07,SUP-05,Electronics,Review,22.6,Team Alpha,Supplier component verification required.
BATCH-01313,2025-05-06,Plant 01,Line 3,Eterna,Afternoon,83,2,Mechanical,1,1,30.96,92.72,96.58,SUP-03,Braking,Passed,19.4,Team Beta,
BATCH-01230,2025-08-02,Plant 01,Line 1,Veloce S,Night,82,1,Dimensional,1,0,62.61,75.15,95.13,SUP-05,Interior,Passed,26.9,Team Alpha,
BATCH-00223,2025-02-17,Plant 02,Line 2,Veloce S,Night,75,3,Electronics,2,1,19.35,81.11,93.26,SUP-07,Electronics,Review,20.5,Team Alpha,
BATCH-00320,2025-09-29,Plant 01,Line 4,Eterna,Afternoon,78,2,Dimensional,2,0,47.93,63.88,93.61,SUP-01,Braking,Review,19.1,Team Gamma,
BATCH-00275,2025-05-15,Plant 02,Line 4,Eterna,Morning,107,0,None,0,0,8.04,75.53,99.86,SUP-02,Interior,Passed,21.7,Team Gamma,Supplier component verification required.
BATCH-00891,2025-03-09,Plant 01,Line 4,Eterna,Morning,119,0,None,0,0,41.92,76.79,97.94,SUP-01,Braking,Passed,26.4,Team Beta,
BATCH-01329,2025-03-07,Plant 01, Line 2 ,Veloce S,Night,114,1,Electronics,1,0,16.94,108.39,97.74,SUP-10,Body,Passed,26.2,Team Beta,
BATCH-00325,2025-06-13,Plant 01,Line 2,Aquila GT,Night,118,2,Dimensional,2,0,16.88,84.0,96.09,SUP-03,Braking,Passed,24.7,Team Alpha,
BATCH-00236,2025-12-10,Plant 01,Line 1,Aquila GT,Afternoon,54,0,None,0,0,22.57,72.45,97.8,SUP-02,Powertrain,Passed,23.9,Team Delta,
BATCH-00494,2025-03-21,Plant 02, Line 1 ,Veloce S,Morning,93,1,Assembly,1,0,40.76,78.49,97.79,SUP-11,Body,Passed,20.5,Team Alpha,Production line calibration completed.
BATCH-00864,2025-05-31,Plant 01,Line 4,Aquila GT,Morning,72,2,Interior,0,0,25.81,85.23,95.32,SUP-10,Body,Review,22.9,Team Gamma,Supplier component verification required.
BATCH-00602,2025-12-14,Plant 01,Line 2,Aquila GT,Night,64,1,Interior,0,0,30.42,83.0,96.84,SUP-06,Suspension,Passed,20.8,Team Gamma,Supplier component verification required.
BATCH-01030,2025-06-06,Plant 02,Line 4,Veloce S,Afternoon,56,0,None,0,0,43.22,69.5,96.35,SUP-03,Braking,Passed,23.6,Team Beta,
BATCH-01769,2025-03-28,Plant 01,Line 2,Strada X,Afternoon,61,2,Interior,2,0,10.46,83.93,95.46,SUP-09,Suspension,Review,22.5,Team Beta,Production line calibration completed.
BATCH-01097,2025-03-08,Plant 01,Line 1,Strada X,Morning,69,0,None,0,0,32.99,66.36,98.55,SUP-08,Interior,Passed,21.7,Team Gamma,
BATCH-01376,2025-06-27,Plant 01,Line 4,Strada X,Morning,117,1,Interior,1,0,16.11,71.95,97.39,SUP-10,Electronics,Passed,22.5,Team Delta,
BATCH-01108,2025-02-06,Plant 01,Line 3,Veloce S,Night,84,1,Assembly,1,0,22.2,71.99,96.85,SUP-07,Interior,Passed,21.4,Team Gamma,
BATCH-01481,2025-11-06,Plant 02,Line 4,Strada X,Morning,60,0,None,0,0,43.93,84.34,96.33,SUP-02,Suspension,Passed,24.0,Team Delta,
BATCH-01828,2025-11-02,Plant 02,Line 1,Veloce S,Afternoon,116,2,Assembly,2,0,19.97,76.32,98.71,SUP-04,Powertrain,Passed,22.2,Team Alpha,Production line calibration completed.
BATCH-01922,2025-05-17,Plant 02,Line 1,Eterna,Night,54,0,None,0,0,7.09,84.41,98.87,SUP-11,Interior,Passed,22.8,Team Gamma,Minor process adjustment performed.
BATCH-01708,2025-07-31,Plant 01,Line 2,Eterna,Night,99,3,Mechanical,3,0,42.24,79.74,91.83,SUP-05,Powertrain,Review,22.2,Team Gamma,Minor process adjustment performed.
BATCH-01305,2025-04-17,Plant 01,Line 4,Veloce S,Afternoon,89,2,Mechanical,2,0,29.55,85.89,95.43,SUP-06,Interior,Passed,23.4,Team Alpha,Supplier component verification required.
BATCH-00511,2025-12-04,Plant 02,Line 4,Strada X,Night,93,0,None,0,0,41.32,79.36,95.94,SUP-08,Body,Passed,23.3,Team Delta,
BATCH-00273,2025-01-12,Plant 01,Line 1,Strada X,Morning,100,3,Paint,3,0,48.21,89.78,92.73,SUP-07,Interior,Review,22.4,Team Alpha,Routine quality inspection completed.
BATCH-01696,2025-06-18,Plant 02,Line 3,Eterna,Morning,67,4,Assembly,1,2,21.04,69.23,93.22,SUP-07,Electronics,Failed,21.2,Team Alpha,Minor process adjustment performed.
BATCH-00560,2025-10-04,Plant 01,Line 2,Aquila GT,Morning,85,2,Mechanical,1,1,45.76,89.86,96.75,SUP-02,Interior,Passed,21.2,Team Delta,
BATCH-00514,2025-07-23,Plant 02,Line 1,Eterna,Afternoon,114,2,Assembly,1,0,9.84,91.82,94.49,SUP-11,Interior,Passed,21.3,Team Delta,Routine quality inspection completed.
BATCH-01462,2025-11-14,Plant 02,Line 1,Eterna,Night,80,0,None,0,0,25.34,80.22,98.46,SUP-09,Electronics,Passed,24.3,Team Beta,Production line calibration completed.
BATCH-01961,2025-03-06,Plant 02,Line 4,Aquila GT,Night,88,0,None,0,0,52.8,84.3,97.62,SUP-02,Powertrain,Passed,17.6,Team Gamma,
BATCH-01956,2025-03-08,Plant 02,Line 4,Aquila GT,Night,98,4,Paint,2,1,5.13,76.29,94.25,SUP-09,Suspension,Failed,18.9,Team Gamma,Routine quality inspection completed.
BATCH-00423,2025-09-30,Plant 01,Line 3,Eterna,Afternoon,48,2,Interior,0,0,44.62,83.96,91.96,SUP-03,Suspension,Failed,22.5,Team Alpha,
BATCH-01287,2025-01-02,Plant 02,Line 3,Aquila GT,Night,66,2,Interior,1,1,64.71,85.62,93.18,SUP-10,Suspension,Review,23.7,Team Alpha,Routine quality inspection completed.
BATCH-01778,2025-03-29,Plant 02,Line 1,Aquila GT,Afternoon,91,2,Mechanical,0,0,37.9,82.86,96.96,SUP-12,Powertrain,Passed,23.8,Team Beta,Minor process adjustment performed.
BATCH-01025,2025-02-10,Plant 02,Line 2,Eterna,Afternoon,62,2,Mechanical,0,2,30.44,82.08,93.33,SUP-12,Braking,Review,23.7,Team Gamma,Production line calibration completed.
BATCH-01965,2025-10-16,Plant 02,Line 4,Eterna,Night,62,3,Dimensional,1,0,32.34,84.71,89.98,SUP-03,Powertrain,Failed,23.5,Team Beta,
BATCH-01623,2025-08-20,Plant 01,Line 3,Veloce S,Night,84,1,Paint,1,0,43.59,92.6,97.18,SUP-01,Suspension,Passed,20.9,Team Delta,
BATCH-01879,2025-05-25,Plant 01,Line 2,Eterna,Afternoon,108,1,Assembly,0,1,15.6,81.33,96.37,SUP-03,Braking,Passed,20.8,Team Alpha,
BATCH-01904,2025-04-15,Plant 01,Line 2,Veloce S,Afternoon,62,0,None,0,0,56.7,77.39,96.5,SUP-03,Braking,Passed,26.3,Team Beta,
BATCH-01355,2025-11-08,Plant 02,Line 1,Strada X,Afternoon,59,2,Electronics,0,0,37.55,91.39,94.41,SUP-08,Interior,Review,23.4,Team Alpha,Production line calibration completed.
BATCH-01547,2025-10-21,Plant 02,Line 4,Aquila GT,Night,78,0,None,0,0,17.38,65.1,99.59,SUP-03,Braking,Passed,23.4,Team Delta,Routine quality inspection completed.
BATCH-00107,2025-01-20,Plant 02,Line 2,Strada X,Morning,120,1,Assembly,0,0,34.34,82.07,96.37,SUP-06,Electronics,Passed,22.0,Team Gamma,Supplier component verification required.
BATCH-01936,2025-10-29,Plant 02,Line 3,Veloce S,Night,75,2,Paint,0,0,31.92,80.2,93.53,SUP-11,Electronics,Review,24.6,Team Gamma,Minor process adjustment performed.
BATCH-00183,2025-12-19,Plant 02,Line 1,Veloce S,Night,107,3,Interior,1,1,0.0,82.96,95.5,SUP-02,Suspension,Review,23.1,Team Delta,Supplier component verification required.
BATCH-00124,2025-03-15,Plant 02,Line 3,Veloce S,Night,90,2,Mechanical,0,2,15.53,87.64,93.73,SUP-06,Braking,Review,20.6,Team Alpha,
BATCH-00382,2025-04-20,Plant 02,Line 2,Veloce S,Morning,82,3,Interior,3,0,32.35,74.44,93.8,SUP-11,Interior,Review,22.7,Team Alpha,
BATCH-01106,2025-01-13,Plant 02,Line 1,Strada X,Night,103,1,Dimensional,0,0,30.41,80.56,97.18,SUP-11,Electronics,Passed,17.6,Team Gamma,Supplier component verification required.
BATCH-01068,2025-08-06,Plant 02,Line 3,Veloce S,Night,94,0,None,0,0,5.12,82.58,99.04,SUP-01,Suspension,Passed,24.0,Team Beta,Minor process adjustment performed.
BATCH-00879,2025-06-13,Plant 02,Line 4,Veloce S,Night,104,4,Assembly,2,0,,88.1,92.47,SUP-04,Body,Review,25.3,Team Delta,
BATCH-00331,2025-04-18,Plant 02,Line 3,Strada X,Morning,120,1,Interior,0,1,41.23,63.03,113.55,SUP-08,Interior,Passed,21.2,Team Gamma,
BATCH-00303,2025-01-07,Plant 02,Line 3,Aquila GT,Afternoon,118,3,Interior,3,0,45.19,82.17,95.28,SUP-06,Body,Review,17.3,Team Gamma,Supplier component verification required.
BATCH-01343,2025-01-09,Plant 02,Line 2,Strada X,Afternoon,74,1,Assembly,0,0,36.73,69.15,95.19,SUP-02,Suspension,Passed,23.6,Team Alpha,
BATCH-00198,2025-11-21,Plant 02,Line 1,Eterna,Afternoon,89,3,Interior,0,3,37.74,81.21,95.43,SUP-05,Body,Review,20.5,Team Gamma,Production line calibration completed.
BATCH-00383,2025-11-17,Plant 01,Line 1,Strada X,Night,118,4,Interior,2,2,32.14,74.65,93.73,SUP-07,Braking,Review,23.5,Team Delta,
BATCH-01474,2025-03-08,Plant 01,Line 4,Aquila GT,Night,57,2,Paint,0,2,10.83,500.37,95.05,SUP-12,Interior,Review,21.8,Team Gamma,Minor process adjustment performed.
BATCH-01684,2025-04-20,Plant 01,Line 4,Strada X,Night,82,2,Assembly,2,0,31.33,88.04,96.53,SUP-10,Interior,Passed,20.3,Team Alpha,Routine quality inspection completed.
BATCH-01497,2025-06-05,Plant 01,Line 3,Strada X,Morning,71,0,None,0,0,8.75,86.13,97.27,SUP-03,Suspension,Passed,25.8,Team Delta,
BATCH-01188,2025-08-18,Plant 01,Line 3,Veloce S,Morning,50,1,Paint,1,0,26.64,89.52,96.79,SUP-05,Braking,Passed,21.5,Team Gamma,Minor process adjustment performed.
BATCH-00807,2025-12-09,Plant 02,Line 2,Aquila GT,Night,104,2,Interior,0,1,22.22,81.02,95.75,SUP-02,Electronics,Passed,20.7,Team Gamma,Supplier component verification required.
BATCH-00184,2025-06-19,Plant 01,Line 3,Strada X,Night,63,2,Interior,1,1,3.13,91.87,93.69,SUP-12,Suspension,Review,22.2,Team Gamma,Production line calibration completed.
BATCH-00979,2025-03-24,Plant 02,Line 2,Aquila GT,Morning,53,4,Dimensional,1,1,18.01,81.61,88.79,SUP-03,Braking,Failed,27.0,Team Delta,
BATCH-01584,2025-09-21,Plant 01,Line 3,Aquila GT,Afternoon,100,3,Interior,3,0,33.15,64.86,93.38,SUP-09,Body,Review,21.0,Team Alpha,Minor process adjustment performed.
BATCH-01916,2025-08-18,Plant 02,Line 3,Veloce S,Morning,45,2,Dimensional,2,0,38.64,89.23,92.87,SUP-03,Body,Failed,25.2,Team Delta,Minor process adjustment performed.
BATCH-00121,2025-10-05,Plant 02,Line 4,Aquila GT,Morning,82,0,None,0,0,17.93,78.21,96.49,SUP-09,Suspension,Passed,24.0,Team Beta,
BATCH-00482,2025-06-22,Plant 01,Line 1,Eterna,Night,92,2,Dimensional,1,0,45.16,89.5,92.99,SUP-10,Interior,Review,24.2,Team Delta,
BATCH-01877,2025-07-13,Plant 01,Line 4,Eterna,Morning,46,2,Paint,2,0,32.92,94.6,93.59,SUP-07,Powertrain,Failed,20.8,Team Beta,
BATCH-00772,2025-05-22,Plant 02,Line 3,Strada X,Night,52,0,None,0,0,6.39,79.91,98.22,SUP-12,Braking,Passed,24.1,Team Delta,
BATCH-00040,2025-05-29,Plant 01,Line 3,Veloce S,Afternoon,63,2,Interior,2,0,52.23,75.07,94.6,SUP-11,Braking,Review,24.3,Team Delta,
BATCH-00414,2025-05-18,Plant 01,Line 1,Strada X,Morning,100,1,Interior,0,1,25.84,80.67,95.49,SUP-09,Interior,Passed,21.6,Team Beta,
BATCH-00990,2025-09-20,Plant 01,Line 4,Veloce S,Afternoon,105,0,None,0,0,50.98,94.42,96.83,SUP-03,Interior,Passed,20.3,Team Alpha,Routine quality inspection completed.
BATCH-01074,2025-12-10,Plant 01,Line 1,Veloce S,Night,101,3,Mechanical,1,1,37.15,79.79,93.48,SUP-07,Suspension,Review,20.6,Team Alpha,Routine quality inspection completed.
BATCH-00478,2025-06-09,Plant 01,Line 1,Strada X,Afternoon,49,2,Electronics,1,1,25.66,77.33,91.9,SUP-04,Body,Failed,21.8,Team Gamma,Routine quality inspection completed.
BATCH-00150,2025-05-30,Plant 01,Line 3,Strada X,Morning,111,2,Paint,2,0,38.79,79.21,97.65,SUP-06,Suspension,Passed,23.3,Team Beta,
BATCH-00375,2025-08-16,Plant 01,Line 2,Strada X,Afternoon,64,0,None,0,0,43.28,91.18,98.73,SUP-04,Body,Passed,18.8,Team Delta,Minor process adjustment performed.
BATCH-01278,2025-04-18,Plant 02,Line 3,Veloce S,Morning,56,0,None,0,0,50.79,86.71,99.29,SUP-01,Powertrain,Passed,19.5,Team Gamma,
BATCH-00934,2025-12-05,Plant 02,Line 2,Aquila GT,Night,46,0,None,0,0,43.38,62.0,97.23,SUP-03,Braking,Passed,25.5,Team Beta,Minor process adjustment performed.
BATCH-00388,2025-10-30,Plant 02,Line 2,Aquila GT,Night,105,2,Dimensional,0,0,5.25,72.18,97.07,SUP-08,Interior,Passed,18.7,Team Delta,
BATCH-01179,2025-03-03,Plant 01,Line 2,Aquila GT,Morning,70,1,Mechanical,1,0,36.44,81.37,95.29,SUP-07,Suspension,Passed,24.8,Team Beta,Supplier component verification required.
BATCH-01797,2025-12-25,Plant 02,Line 1,Strada X,Afternoon,53,1,Dimensional,1,0,22.57,92.88,97.2,SUP-08,Braking,Passed,19.7,Team Gamma,Production line calibration completed.
BATCH-00937,2025-07-19,Plant 02,Line 4,Eterna,Night,82,0,None,0,0,50.27,66.72,97.1,SUP-01,Body,Passed,21.2,Team Alpha,Production line calibration completed.
BATCH-01680,2025-04-27,Plant 01,Line 3,Aquila GT,Afternoon,82,2,Mechanical,1,0,12.74,90.98,95.05,SUP-07,Powertrain,Passed,25.0,Team Delta,Routine quality inspection completed.
BATCH-00091,2025-02-21,Plant 02,Line 2,Aquila GT,Morning,115,3,Interior,3,0,44.81,88.48,94.43,SUP-04,Interior,Review,18.5,Team Delta,
BATCH-00444,2025-03-07,Plant 01,Line 4,Aquila GT,Morning,110,1,Paint,0,1,8.17,97.54,96.03,SUP-06,Body,Passed,23.5,Team Delta,Minor process adjustment performed.
BATCH-00449,2025-12-14,Plant 02,Line 3,Aquila GT,Afternoon,82,2,Electronics,2,0,42.06,88.4,96.95,SUP-11,Interior,Passed,22.7,Team Beta,Minor process adjustment performed.
BATCH-00674,2025-05-11,Plant 01,Line 3,Aquila GT,Night,46,0,None,0,0,31.34,66.52,98.12,SUP-10,Powertrain,Passed,24.8,Team Beta,
BATCH-01237,2025-03-01,Plant 02,Line 3,Veloce S,Morning,85,5,Dimensional,4,1,32.15,82.37,91.75,SUP-09,Interior,Failed,21.4,Team Delta,Supplier component verification required.
BATCH-01948,2025-05-22,Plant 02,Line 4,Aquila GT,Night,93,1,Dimensional,0,1,22.54,84.32,97.03,SUP-12,Interior,Passed,21.1,Team Alpha,Supplier component verification required.
BATCH-00131,2025-09-23,Plant 02,Line 3,Veloce S,Afternoon,75,4,Assembly,0,2,39.4,81.2,90.63,SUP-05,Electronics,Failed,22.8,Team Beta,Supplier component verification required.
BATCH-00086,2025-11-30,Plant 01,Line 2,Eterna,Afternoon,52,0,None,0,0,7.49,82.78,97.18,SUP-11,Powertrain,Passed,20.7,Team Beta,
BATCH-00850,2025-05-24,Plant 02,Line 3,Aquila GT,Morning,62,1,Assembly,1,0,28.26,75.99,96.01,SUP-12,Interior,Passed,21.4,Team Delta,Routine quality inspection completed.
BATCH-01061,2025-12-24,Plant 02,Line 2,Strada X,Afternoon,69,1,Assembly,0,0,17.39,79.13,95.65,SUP-03,Powertrain,Passed,24.8,Team Beta,Routine quality inspection completed.
BATCH-00032,2025-06-19,Plant 01,Line 4,Strada X,Morning,49,0,None,0,0,42.4,91.69,97.82,SUP-07,Suspension,Passed,21.9,Team Alpha,Production line calibration completed.
BATCH-01523,2025-07-08,Plant 02,Line 3,Aquila GT,Night,81,1,Interior,1,0,48.53,95.65,96.34,SUP-05,Interior,Passed,24.5,Team Alpha,Minor process adjustment performed.
BATCH-00089,2025-12-28,Plant 01,Line 2,Veloce S,Afternoon,45,0,None,0,0,40.81,81.76,98.32,SUP-12,Interior,Passed,21.2,Team Beta,
BATCH-01479,2025-10-05,Plant 01,Line 1,Strada X,Morning,71,0,None,0,0,20.57,77.0,96.42,SUP-01,Suspension,Passed,22.3,Team Beta,Production line calibration completed.
BATCH-01878,2025-04-24,Plant 02,Line 2,Aquila GT,Night,85,3,Interior,0,0,45.91,80.45,93.03,SUP-01,Electronics,Review,24.5,Team Delta,Supplier component verification required.
BATCH-00046,2025-02-16,Plant 01,Line 2,Aquila GT,Night,74,6,Assembly,4,0,31.09,87.92,88.07,SUP-07,Electronics,Failed,19.0,Team Alpha,Production line calibration completed.
BATCH-00290,2025-12-04,Plant 02,Line 2,Veloce S,Night,54,2,Mechanical,1,0,9.15,86.27,95.35,SUP-03,Braking,Review,21.6,Team Delta,Routine quality inspection completed.
BATCH-01421,2025-04-17,Plant 02,Line 3,Eterna,Afternoon,72,3,Assembly,1,1,58.62,88.68,92.62,SUP-09,Interior,Failed,23.1,Team Delta,
BATCH-01687,2025-04-20,Plant 01,Line 1,Strada X,Night,74,0,None,0,0,41.81,92.08,95.88,SUP-05,Body,Passed,19.3,Team Delta,Production line calibration completed.
BATCH-00193,2025-03-11,Plant 01,Line 3,Aquila GT, Night ,113,8,Dimensional,0,2,34.13,83.92,87.98,SUP-04,Electronics,Failed,25.0,Team Gamma,
BATCH-00746,2025-06-04,Plant 01,Line 3,Strada X,Afternoon,71,2,Electronics,2,0,36.46,96.44,95.46,SUP-03,Interior,Review,19.1,Team Alpha,
BATCH-00162,2025-12-04,Plant 01,Line 3,Aquila GT,Afternoon,53,0,None,0,0,38.36,78.47,99.0,SUP-04,Suspension,Passed,19.8,Team Gamma,
BATCH-00474,2025-11-19,Plant 02,Line 3,Aquila GT,Night,100,3,Electronics,3,0,29.72,85.38,95.43,SUP-08,Braking,Review,23.1,Team Delta,
BATCH-01115,2025-04-18,Plant 01,Line 1,Eterna,Morning,95,1,Paint,1,0,26.01,109.42,97.14,SUP-05,Braking,Passed,25.2,Team Gamma,
BATCH-00080,2025-03-13,Plant 02,Line 3,Eterna,Night,65,2,Mechanical,0,1,25.11,74.51,93.63,SUP-11,Interior,Review,19.6,Team Gamma,
BATCH-00207,2025-12-25,Plant 01,Line 3,Eterna,Morning,97,3,Mechanical,2,0,39.66,85.46,94.11,SUP-05,Interior,Review,26.8,Team Delta,Production line calibration completed.
BATCH-00758,2025-10-10,Plant 01,Line 1,Eterna,Night,94,3,Dimensional,3,0,23.64,90.69,93.2,SUP-11,Electronics,Review,22.9,Team Alpha,
BATCH-01542,2025-10-23,Plant 01,Line 3,Eterna,Morning,120,3,Dimensional,0,0,48.5,64.32,92.92,SUP-12,Powertrain,Review,22.1,Team Delta,
BATCH-01582,2025-01-29,Plant 01,Line 2,Veloce S,Night,55,1,Paint,1,0,36.59,87.99,97.66,SUP-04,Braking,Passed,20.6,Team Gamma,Production line calibration completed.
BATCH-01516,2025-05-25,Plant 02,Line 3,Eterna,Morning,46,1,Mechanical,0,1,34.94,86.08,95.5,SUP-05,Powertrain,Passed,19.9,Team Beta,
BATCH-01323,2025-09-26,Plant 02,Line 4,Aquila GT,Afternoon,104,1,Paint,1,0,36.66,78.06,99.1,SUP-11,Interior,Passed,26.2,Team Beta,
BATCH-01079,2025-10-01,Plant 01,Line 3,Eterna,Morning,64,3,Mechanical,1,0,33.66,80.72,92.46,SUP-01,Braking,Failed,25.3,Team Delta,
BATCH-01240,2025-03-19,Plant 02,Line 3,Eterna,Morning,94,2,Dimensional,2,0,23.98,88.39,95.57,SUP-03,Electronics,Passed,16.9,Team Alpha,Minor process adjustment performed.
BATCH-00732,2025-04-24,Plant 02,Line 3,Strada X,Afternoon,70,0,None,0,0,17.51,78.71,98.64,SUP-10,Suspension,Passed,20.8,Team Gamma,
BATCH-00271,2025-02-15,Plant 01,Line 4,Veloce S,Night,45,0,None,0,0,15.35,79.24,99.52,SUP-08,Powertrain,Passed,22.5,Team Delta,
BATCH-00773,2025-03-21,Plant 02,Line 2,Strada X,Afternoon,108,1,Mechanical,1,0,23.49,94.15,95.82,SUP-07,Body,Passed,26.1,Team Gamma,
BATCH-01465,2025-04-10,Plant 02,Line 2,Strada X,Morning,91,1,Interior,1,0,38.01,83.27,97.48,SUP-03,Body,Passed,21.8,Team Delta,
BATCH-01024,01/04/2025,Plant 01,Line 4,Eterna,Morning,82,0,None,0,0,15.43,84.14,98.59,SUP-12,Electronics,Passed,22.3,Team Gamma,Routine quality inspection completed.
BATCH-00338,2025-10-24,Plant 02,Line 2,Veloce S,Morning,86,1,Electronics,1,0,7.78,90.21,96.01,SUP-12,Interior,Passed,25.6,Team Gamma,Supplier component verification required.
BATCH-01831,2025-11-28,Plant 01,Line 4,Eterna,Afternoon,63,2,Electronics,2,0,0.0,64.43,92.98,SUP-02,Electronics,Review,22.2,Team Alpha,
BATCH-01790,2025-04-18,Plant 01,Line 3,Strada X,Morning,62,2,Assembly,2,0,47.32,87.58,96.28,SUP-03,Electronics,Review,21.0,Team Beta,Minor process adjustment performed.
BATCH-00177,2025-04-02,Plant 01,Line 2,Eterna,Night,92,2,Dimensional,2,0,0.0,80.04,97.6,SUP-03,Electronics,Passed,21.3,Team Alpha,Routine quality inspection completed.
BATCH-00379,2025-01-28,Plant 01,Line 1,Strada X,Morning,71,1,Mechanical,0,1,41.02,98.09,93.06,SUP-03,Braking,Review,25.1,Team Alpha,Supplier component verification required.
BATCH-00650,2025-09-19,Plant 02,Line 2,Aquila GT,Morning,66,1,Dimensional,1,0,13.26,95.66,97.54,SUP-05,Body,Passed,22.5,Team Beta,
BATCH-00685,2025-01-15,Plant 02,Line 3,Strada X,Afternoon,71,2,Electronics,0,1,37.87,82.64,93.19,SUP-08,Braking,Review,19.5,Team Delta,
BATCH-01217,2025-12-31,Plant 02,Line 1,Eterna,Morning,63,2,Assembly,2,0,19.41,78.85,94.0,SUP-09,Powertrain,Review,22.2,Team Gamma,
BATCH-01137,2025-12-29,Plant 02,Line 2,Eterna,Afternoon,106,2,Mechanical,2,0,26.2,92.33,96.49,SUP-09,Suspension,Passed,23.0,Team Delta,Minor process adjustment performed.
BATCH-01257,2025-07-05,Plant 02,Line 4,Eterna,Morning,66,0,None,0,0,37.58,87.2,96.23,SUP-03,Body,Passed,19.6,Team Beta,
BATCH-00693,2025-04-10,Plant 02,Line 1,Strada X,Afternoon,92,2,Assembly,0,2,27.64,87.76,94.64,SUP-08,Electronics,Passed,21.4,Team Alpha,
BATCH-01105,2025-04-22,Plant 01,Line 3,Veloce S,Night,57,3,Mechanical,1,2,33.39,91.92,90.54,SUP-02,Suspension,Failed,23.8,Team Alpha,
BATCH-00349,2025-02-08,Plant 01,Line 1,Strada X,Afternoon,74,0,None,0,0,18.55,84.95,100,SUP-08,Body,Passed,26.0,Team Gamma,Supplier component verification required.
BATCH-01739,2025-02-10,Plant 02,Line 4,Aquila GT,Afternoon,51,2,Dimensional,1,1,38.9,89.37,93.54,SUP-05,Suspension,Review,21.9,Team Beta,Minor process adjustment performed.
BATCH-01229,2025-05-07,Plant 02,Line 2,Eterna,Afternoon,55,2,Paint,1,1,14.26,97.99,95.31,SUP-07,Suspension,Review,21.3,Team Beta,Production line calibration completed.
BATCH-00682,2025-05-24,Plant 02,Line 3,Strada X, Night ,84,1,Assembly,1,0,31.85,75.18,95.06,SUP-11,Braking,Passed,18.7,Team Alpha,
BATCH-00737,2025-12-10,Plant 02,Line 1,Eterna,Morning,47,1,Dimensional,1,0,12.12,74.16,96.25,SUP-09,Body,Passed,19.6,Team Delta,
BATCH-00694,2025-06-30,Plant 02,Line 3,Aquila GT,Morning,55,0,None,0,0,38.42,85.65,97.39,SUP-04,Suspension,Passed,19.5,Team Beta,Production line calibration completed.
BATCH-01196,2025-08-09,Plant 01,Line 1,Veloce S,Night,61,1,Mechanical,0,0,0.0,87.31,96.76,SUP-08,Suspension,Passed,26.8,Team Delta,Supplier component verification required.
BATCH-01969,2025-11-12,Plant 01,Line 4,Strada X,Night,109,5,Mechanical,3,1,23.2,90.3,93.8,SUP-06,Suspension,Failed,23.2,Team Alpha,
BATCH-01652,2025-09-26,Plant 02,Line 2,Veloce S,Morning,104,2,Mechanical,2,0,37.37,88.43,97.98,SUP-03,Interior,Passed,23.4,Team Beta,Supplier component verification required.
BATCH-00942,2025-08-02,Plant 01,Line 4,Strada X,Afternoon,114,1,Interior,1,0,21.96,77.6,98.46,SUP-10,Braking,Passed,19.6,Team Beta,
BATCH-00578,2025-12-06,Plant 01,Line 2,Eterna,Afternoon,118,2,Paint,0,1,18.18,92.97,97.09,SUP-12,Interior,Passed,27.1,Team Delta,
BATCH-00627,2025-02-17,Plant 02,Line 1,Aquila GT,Night,78,2,Electronics,0,2,12.47,83.39,95.92,SUP-12,Powertrain,Review,16.3,Team Gamma,Routine quality inspection completed.
BATCH-00765,2025-05-18,Plant 01,Line 2,Eterna,Morning,46,3,Mechanical,3,0,54.78,93.93,90.51,SUP-04,Interior,Failed,22.7,Team Alpha,
BATCH-00160,2025-09-12,Plant 02,Line 1,Eterna,Afternoon,120,3,Mechanical,2,0,28.02,86.64,93.35,SUP-02,Powertrain,Review,19.3,Team Gamma,Supplier component verification required.
BATCH-00039,2025-10-08,Plant 01,Line 3,Veloce S,Morning,87,3,Interior,2,0,11.44,78.22,96.19,SUP-11 ,Electronics,Review,22.6,Team Gamma,
BATCH-01198,2025-06-24,Plant 02,Line 3,Aquila GT,Afternoon,79,3,Electronics,0,2,7.99,75.19,93.69,SUP-04,Powertrain,Review,20.4,Team Beta,
BATCH-01077,2025-11-19,Plant 01,Line 2,Strada X,Afternoon,84,3,Electronics,3,0,13.1,83.69,93.74,SUP-03,Powertrain,Review,24.3,Team Gamma,Supplier component verification required.
BATCH-01643,2025-08-14,Plant 01,Line 3,Veloce S,Night,62,4,Paint,4,0,61.24,88.27,90.0,SUP-01,Electronics,Failed,21.8,Team Gamma,
BATCH-00387,2025-11-17,Plant 01,Line 1,Aquila GT,Morning,49,1,Paint,1,0,56.07,63.27,93.85,SUP-01,Electronics,Review,18.7,Team Beta,
BATCH-00931,2025-12-08,Plant 01,Line 2,Veloce S,Morning,83,4,Mechanical,0,3,22.57,87.05,92.26,SUP-11,Electronics,Failed,23.5,Team Beta,Production line calibration completed.
BATCH-00488,2025-11-27,Plant 02,Line 4,Aquila GT,Night,82,1,Electronics,1,0,4.31,91.35,98.41,SUP-04,Powertrain,Passed,25.4,Team Alpha,Minor process adjustment performed.
BATCH-00341,2025-03-24,Plant 02,Line 1,Eterna,Morning,91,5,Mechanical,4,0,45.84,93.25,90.15,SUP-02,Braking,Failed,25.3,Team Beta,
BATCH-01758,2025-04-23,Plant 01,Line 3,Eterna,Night,62,1,Assembly,1,0,43.21,80.25,95.76,SUP-03,Body,Passed,24.3,Team Gamma,Supplier component verification required.
BATCH-00803,2025-06-07,Plant 01,Line 2,Eterna,Night,119,2,Paint,0,2,52.12,77.61,93.99,SUP-06,Suspension,Review,22.0,Team Alpha,Supplier component verification required.
BATCH-00019,2025-09-10,Plant 01,Line 3,Veloce S,Night,106,2,Interior,0,0,30.58,96.01,94.32,SUP-01,Braking,Passed,23.4,Team Delta,Routine quality inspection completed.
BATCH-01705,2025-07-06,Plant 01,Line 3,Veloce S,Night,53,1,Mechanical,1,0,13.29,87.61,96.36,SUP-05,Powertrain,Passed,21.6,Team Alpha,Supplier component verification required.
BATCH-01254,2025-11-06,Plant 02,Line 2,Veloce S,Afternoon,75,0,None,0,0,31.49,68.3,99.47,SUP-04,Powertrain,Passed,20.7,Team Gamma,Supplier component verification required.
BATCH-01618,2025-11-07,Plant 01,Line 1,Strada X,Afternoon,58,1,Electronics,0,0,47.86,78.45,95.12,SUP-02,Braking,Passed,21.9,Team Delta,
BATCH-01209,2025-12-12,Plant 01,Line 4,Aquila GT,Morning,48,2,Paint,1,1,9.08,84.89,94.97,SUP-06,Body,Failed,24.3,Team Delta,
BATCH-01345,2025-06-12,Plant 02,Line 2,Aquila GT,Afternoon,90,1,Mechanical,1,0,19.17,80.24,97.72,SUP-10,Braking,Passed,25.7,Team Gamma,Supplier component verification required.
BATCH-01293,2025-07-19,Plant 02,Line 4,Aquila GT,Afternoon,109,0,None,0,0,18.44,71.08,100,SUP-06,Suspension,Passed,22.8,Team Delta,Supplier component verification required.
BATCH-00455,2025-10-09,Plant 02,Line 2,Veloce S,Afternoon,78,0,None,0,0,52.3,84.45,97.05,SUP-05,Braking,Passed,21.3,Team Gamma,Supplier component verification required.
BATCH-01447,2025-05-05,Plant 02,Line 2,Veloce S,Afternoon,95,1,Interior,1,0,36.91,78.97,96.67,SUP-07,Interior,Passed,19.3,Team Beta,
BATCH-00347,2025-02-05,Plant 02,Line 2,Eterna,NIGHT,119,0,None,0,0,7.97,66.85,99.3,SUP-05,Suspension,Passed,25.7,Team Gamma,Minor process adjustment performed.
BATCH-01332,2025-07-27,Plant 01,Line 4,Aquila GT,Night,83,2,Paint,2,0,15.67,71.7,94.18,SUP-08,Electronics,Passed,21.0,Team Alpha,
BATCH-01488,2025-02-17,Plant 01,Line 4,Aquila GT,Morning,93,2,Assembly,0,0,38.45,73.75,95.83,SUP-01,Powertrain,Passed,20.9,Team Beta,Production line calibration completed.
BATCH-00277,2025-03-17,Plant 02,Line 1,Eterna,Night,109,2,Mechanical,2,0,,95.46,97.89,SUP-04,Interior,Passed,22.8,Team Delta,Production line calibration completed.
BATCH-00925,2025-10-08,Plant 01,Line 1,Eterna,Night,103,2,Interior,0,1,21.46,91.48,95.38,SUP-10,Powertrain,Passed,22.6,Team Beta,Routine quality inspection completed.
BATCH-00784,2025-01-09,Plant 02,Line 4,Strada X,Afternoon,59,1,Electronics,0,1,0.0,77.06,99.12,SUP-01,Electronics,Passed,24.9,Team Gamma,Minor process adjustment performed.
BATCH-00698,2025-10-07,Plant 01,Line 2,Eterna,Morning,75,1,Assembly,1,0,36.25,86.52,95.94,SUP-11,Body,Passed,25.6,Team Gamma,
BATCH-01277,2025-09-18,Plant 01,Line 2,Strada X,Night,109,2,Electronics,2,0,12.75,88.9,94.93,SUP-07,Powertrain,Passed,22.3,Team Gamma,
BATCH-00854,2025-03-28,Plant 02,Line 1,Aquila GT,Night,70,3,Paint,3,0,0.0,85.77,91.42,SUP-04,Electronics,Failed,22.7,Team Delta,Minor process adjustment performed.
BATCH-01159,2025-07-04,Plant 02,Line 4,Aquila GT,Afternoon,54,1,Paint,1,0,3.01,93.11,94.36,SUP-11,Electronics,Passed,25.2,Team Delta,
BATCH-01619,2025-12-06,Plant 01,Line 4,Strada X,Morning,78,0,None,0,0,3.42,82.14,99.34,SUP-05,Electronics,Passed,20.0,Team Delta,
BATCH-01721,2025-02-18,Plant 02,Line 3,Veloce S,Night,53,2,Electronics,2,0,13.49,72.51,93.97,SUP-06,Interior,Review,22.4,Team Delta,Supplier component verification required.
BATCH-01378,2025-06-09,Plant 01,Line 2,Strada X,Afternoon,93,1,Interior,1,0,27.24,82.44,98.29,SUP-11,Braking,Passed,21.2,Team Beta,Supplier component verification required.
BATCH-01177,2025-05-04,Plant 01,Line 4,Aquila GT,Afternoon,56,0,None,0,0,43.29,78.21,98.47,SUP-11,Body,Passed,19.7,Team Delta,Minor process adjustment performed.
BATCH-01891,2025-06-09,Plant 02,Line 1,Eterna,Afternoon,114,2,Electronics,2,0,21.43,81.79,96.91,SUP-08,Electronics,Passed,20.3,Team Gamma,
BATCH-00978,2025-09-15,Plant 01, Line 4 ,Eterna,Afternoon,80,1,Electronics,0,1,29.26,84.98,97.18,SUP-11,Interior,Passed,17.2,Team Gamma,
BATCH-01609,2025-12-03,Plant 02,Line 1,Strada X,Night,71,4,Assembly,1,3,53.8,104.75,92.64,SUP-02,Suspension,Failed,23.6,Team Beta,Routine quality inspection completed.
BATCH-01975,2025-11-23,Plant 02,Line 4,Aquila GT,Afternoon,45,0,None,0,0,13.75,70.39,98.56,SUP-01,Body,Passed,23.5,Team Beta,Supplier component verification required.
BATCH-00060,2025-09-06,Plant 01,Line 4,Veloce S,Night,80,3,Mechanical,2,1,44.12,78.32,94.49,SUP-08,Interior,Review,23.2,Team Delta,Routine quality inspection completed.
BATCH-01921,2025-05-29,Plant 02,Line 4,Eterna,Night,63,0,None,0,0,39.98,79.53,96.3,SUP-06,Powertrain,Passed,26.4,Team Delta,
BATCH-00571,2025-11-12,Plant 01,Line 3,Veloce S,Night,51,1,Interior,1,0,47.41,70.59,95.37,SUP-03,Powertrain,Passed,24.8,Team Alpha,Production line calibration completed.
BATCH-01374,2025-05-22,Plant 01,Line 3,Strada X,Night,59,3,Mechanical,3,0,32.28,80.19,91.46,SUP-05,Braking,Failed,28.4,Team Gamma,Routine quality inspection completed.
BATCH-01942,2025-08-20,Plant 02,Line 2,Strada X,Night,106,1,Assembly,0,1,13.85,84.71,99.42,SUP-06,Body,Passed,22.4,Team Alpha,
BATCH-00716,2025-12-17,Plant 01,Line 4,Aquila GT,Morning,48,1,Assembly,0,0,56.05,67.84,95.78,SUP-06,Suspension,Passed,22.1,Team Delta,
BATCH-00531,2025-12-13,Plant 02,Line 3,Aquila GT,Afternoon,96,1,Assembly,1,0,7.7,86.64,97.3,SUP-12,Interior,Passed,24.4,Team Delta,
BATCH-01553,2025-09-10,Plant 02,Line 3,Strada X,Night,82,3,Electronics,3,0,38.15,86.55,94.14,SUP-10,Braking,Review,23.9,Team Delta,Minor process adjustment performed.
BATCH-01835,2025-12-06,Plant 02,Line 3,Aquila GT,Morning,118,4,Mechanical,4,0,54.13,71.55,92.96,SUP-07,Braking,Review,25.6,Team Gamma,Minor process adjustment performed.
BATCH-01029,2025-10-26,Plant 02,Line 3,Eterna,Afternoon,100,3,Electronics,2,0,27.25,79.49,94.77,SUP-05,Braking,Review,22.5,Team Delta,
BATCH-01844,2025-03-06,Plant 02,Line 1,Veloce S,Night,63,1,Paint,0,1,54.18,74.84,95.81,SUP-01,Interior,Passed,23.9,Team Gamma,
BATCH-01080,2025-02-23,Plant 01,Line 1,Strada X,Morning,111,4,Paint,2,2,10.84,85.06,94.97,SUP-03,Suspension,Review,21.7,Team Delta,
BATCH-00878,2025-07-07,Plant 02,Line 3,Veloce S,Morning,80,2,Assembly,1,1,45.11,71.24,93.59,SUP-03,Braking,Review,20.5,Team Beta,Production line calibration completed.
BATCH-01645,2025-05-29,Plant 02,Line 1,Strada X,Night,120,3,Mechanical,0,1,0.0,101.57,96.12,SUP-09,Suspension,Passed,22.3,Team Alpha,Routine quality inspection completed.
BATCH-00378,2025-04-29,Plant 01,Line 2,Strada X,Morning,53,2,Paint,1,1,8.76,71.98,95.17,SUP-07,Powertrain,Review,20.0,Team Delta,
BATCH-00505,2025-09-30,Plant 02,Line 1,Aquila GT,Afternoon,100,1,Mechanical,0,0,41.48,78.94,96.56,SUP-01,Electronics,Passed,23.8,Team Beta,Minor process adjustment performed.
BATCH-00888,2025-07-04,Plant 01,Line 1,Eterna,Afternoon,114,0,None,0,0,14.96,87.21,99.45,SUP-04,Braking,Passed,24.2,Team Alpha,Production line calibration completed.
BATCH-01614,2025-05-24,Plant 02,Line 2,Strada X,Morning,69,1,Assembly,0,0,53.24,91.02,95.63,SUP-04,Body,Passed,21.1,Team Gamma,
BATCH-01640,2025-08-01,Plant 01,Line 3,Aquila GT,Morning,102,2,Mechanical,1,1,25.05,75.18,96.11,SUP-10,Suspension,Passed,23.8,Team Beta,
BATCH-01537,2025-05-26,Plant 02,Line 3,Veloce S,Afternoon,72,0,None,0,0,47.73,76.31,98.47,SUP-04,Powertrain,Passed,16.5,Team Gamma,Routine quality inspection completed.
BATCH-00156,2025-01-24,Plant 01,Line 4,Eterna,Night,118,2,Electronics,0,1,0.0,87.73,97.06,SUP-03,Braking,Passed,24.8,Team Gamma,
BATCH-00291,2025-04-25,Plant 01,Line 3,Eterna,Afternoon,117,2,Paint,0,0,41.69,82.88,95.64,SUP-10,Electronics,Passed,21.1,Team Alpha,Routine quality inspection completed.
BATCH-01765,2025-03-26,Plant 02,Line 3,Eterna,Night,87,4,Paint,0,4,29.53,80.37,93.55,SUP-09,Suspension,Failed,19.5,Team Delta,Minor process adjustment performed.
BATCH-01682,2025-04-18,Plant 01,Line 2,Veloce S,Morning,67,2,Dimensional,2,0,26.92,72.43,95.6,SUP-07,Body,Review,17.7,Team Alpha,Minor process adjustment performed.
BATCH-01371,2025-02-26,Plant 01,Line 1,Veloce S,Morning,76,1,Assembly,1,0,23.82,85.09,95.24,SUP-10,Electronics,Passed,25.4,Team Beta,Supplier component verification required.
BATCH-01509,2025-10-13,Plant 01,Line 1,Strada X,Morning,88,1,Electronics,0,0,7.13,88.56,96.56,SUP-09,Body,Passed,18.9,Team Beta,Supplier component verification required.
BATCH-01570,2025-04-07,Plant 01,Line 3,Veloce S,Night,84,1,Dimensional,0,1,18.72,92.99,97.43,SUP-11,Powertrain,Passed,23.6,Team Delta,
BATCH-00138,2025-05-15,Plant 02,Line 4,Strada X,Morning,87,1,Assembly,0,0,28.52,97.06,97.52,SUP-01,Electronics,Passed,20.7,Team Alpha,Supplier component verification required.
BATCH-00589,2025-04-01,Plant 01,Line 2,Veloce S,Night,89,2,Interior,1,1,56.21,90.36,93.15,SUP-09,Body,Review,23.6,Team Alpha,Supplier component verification required.
BATCH-00840,2025-11-19,Plant 02,Line 1,Veloce S,Morning,88,1,Dimensional,0,0,0.0,69.26,96.48,SUP-12,Powertrain,Passed,23.6,Team Beta,
BATCH-01349,2025-10-11,Plant 01,Line 4,Aquila GT,Night,60,1,Interior,0,0,45.91,93.69,95.02,SUP-09,Electronics,Passed,21.2,Team Beta,
BATCH-01367,2025-01-04,Plant 02,Line 4,Aquila GT,Night,88,4,Electronics,2,1,0.0,70.8,93.14,SUP-05,Electronics,Failed,24.8,Team Alpha,
BATCH-00742,2025-11-09,Plant 02,Line 2,Veloce S,Night,107,3,Interior,2,0,10.53,92.89,94.48,SUP-06,Suspension,Review,22.5,Team Alpha,
BATCH-01881,2025-08-20,Plant 02,Line 1,Aquila GT,Afternoon,74,1,Assembly,1,0,6.88,87.49,97.15,SUP-12,Electronics,Passed,23.0,Team Beta,Minor process adjustment performed.
BATCH-01035,2025-08-02,Plant 01,Line 2,Strada X,Afternoon,64,1,Electronics,1,0,31.43,98.2,97.29,SUP-06,Interior,Passed,23.3,Team Delta,
BATCH-01856,2025-07-29,Plant 02,Line 1,Eterna,Afternoon,50,0,None,0,0,38.43,98.37,98.31,SUP-05,Braking,Passed,21.4,Team Delta,
BATCH-01427,2025-08-03,Plant 01,Line 3,Eterna,Morning,92,102,Dimensional,0,1,39.67,85.37,93.62,SUP-12,Powertrain,Review,23.0,Team Beta,
BATCH-01190,2025-03-22,Plant 01,Line 1,Strada X,Morning,88,1,Assembly,0,0,18.02,83.7,97.74,SUP-02,Electronics,Passed,23.0,Team Beta,Production line calibration completed.
BATCH-01492,2025-12-28,Plant 01,Line 1,Eterna,Night,48,1,Assembly,0,1,46.42,101.72,94.78,SUP-02,Electronics,Passed,21.2,Team Beta,
BATCH-00116,2025-11-03,Plant 02,Line 4,Aquila GT,Morning,119,1,Assembly,0,1,33.28,84.51,97.65,SUP-03,Electronics,Passed,25.1,Team Gamma,
BATCH-01850,2025-10-10,Plant 01,Line 1,Eterna,Night,88,1,Paint,1,0,20.35,72.39,96.46,SUP-06,Body,Passed,22.7,Team Alpha,Production line calibration completed.
BATCH-00663,2025-09-23,Plant 02,Line 1,Eterna,Afternoon,92,2,Mechanical,2,0,21.67,84.38,94.26,SUP-08,Powertrain,Passed,18.5,Team Gamma,Supplier component verification required.
BATCH-00189,2025-11-23,Plant 01,Line 3,Eterna,Morning,60,1,Interior,1,0,10.71,82.84,99.25,SUP-03,Powertrain,Passed,24.2,Team Gamma,Routine quality inspection completed.
BATCH-00377,2025-02-23,Plant 01,Line 4,Aquila GT,Afternoon,50,2,Electronics,0,1,40.93,74.02,92.77,SUP-04,Electronics,Review,21.6,Team Delta,
BATCH-01911,2025-09-14,Plant 01,Line 4,Aquila GT,Night,56,3,Electronics,0,1,0.0,70.99,91.16,SUP-05,Body,Failed,17.8,Team Gamma,Production line calibration completed.
BATCH-00703,2025-02-03,Plant 01,Line 3,Strada X,Morning,79,84,Paint,0,1,25.2,59.06,93.4,SUP-07,Suspension,Review,29.2,Team Gamma,Supplier component verification required.
BATCH-00707,2025-01-05,Plant 02,Line 1,Aquila GT,NIGHT,93,2,Electronics,2,0,11.28,90.88,96.56,SUP-12,Interior,Passed,26.8,Team Alpha,Production line calibration completed.
BATCH-00533,2025-11-28,Plant 01,Line 2,Veloce S,Morning,73,0,None,0,0,67.44,64.39,97.22,SUP-08,Powertrain,Passed,22.6,Team Alpha,Production line calibration completed.
BATCH-00696,2025-10-04,Plant 01,Line 2,Eterna,Night,85,91,Electronics,1,3,13.23,80.88,92.29,SUP-12,Electronics,Failed,18.8,Team Beta,
BATCH-01083,2025-11-10,Plant 02,Line 3,Eterna,Afternoon,112,2,Assembly,0,1,15.17,98.3,95.33,SUP-12,Powertrain,Passed,26.3,Team Gamma,
BATCH-00947,2025-12-19,Plant 01,Line 4,Aquila GT,Night,46,1,Mechanical,1,0,0.0,82.0,97.88,SUP-04,Powertrain,Passed,23.4,Team Delta,
BATCH-00832,2025-05-31,Plant 01,Line 2,Eterna,Morning,48,2,Electronics,1,0,30.67,75.37,92.0,SUP-05,Electronics,Failed,19.3,Team Delta,
BATCH-00122,2025-12-09,Plant 01,Line 3,Strada X,Morning,59,1,Mechanical,1,0,19.06,77.13,97.14,SUP-07,Electronics,Passed,19.6,Team Beta,
BATCH-00128,2025-10-15,Plant 02,Line 4,Aquila GT,Night,117,1,Assembly,0,0,35.93,81.64,95.44,SUP-01,Interior,Passed,21.9,Team Gamma,
BATCH-00573,2025-05-20,Plant 02,Line 2,Eterna,Afternoon,104,3,Dimensional,3,0,56.1,88.46,93.7,SUP-12,Body,Review,21.8,Team Beta,Minor process adjustment performed.
BATCH-00611,2025-05-22,Plant 02,Line 2,Strada X,Night,106,4,Assembly,2,2,27.13,82.43,94.01,SUP-09,Braking,Review,23.6,Team Beta,
BATCH-00572,2025-12-12,Plant 02,Line 2,Aquila GT,Night,51,1,Mechanical,1,0,18.36,73.73,96.02,SUP-04,Interior,Passed,22.3,Team Delta,Routine quality inspection completed.
BATCH-01417,2025-10-27,Plant 02,Line 4,Eterna,Afternoon,47,1,Assembly,0,0,36.09,72.92,95.86,SUP-05,Suspension,Passed,18.9,Team Gamma,Routine quality inspection completed.
BATCH-00458,2025-07-07,Plant 01,Line 3,Strada X,Morning,95,3,Interior,0,1,33.64,88.07,95.79,SUP-02,Suspension,Review,24.4,Team Gamma,
BATCH-01839,2025-03-16,Plant 02,Line 1,Eterna,Night,61,1,Assembly,1,0,15.99,75.66,95.75,SUP-01,Braking,Passed,22.7,Team Gamma,Production line calibration completed.
BATCH-01972,2025-07-02,Plant 02,Line 3,Eterna,Morning,91,2,Interior,0,0,47.06,88.42,96.35,SUP-04,Braking,Passed,19.8,Team Alpha,
BATCH-00906,2025-04-23,Plant 01,Line 4,Veloce S,Afternoon,55,0,None,0,0,20.77,85.3,100,SUP-06,Interior,Passed,22.2,Team Delta,Minor process adjustment performed.
BATCH-01569,2025-03-06,Plant 01,Line 3,Strada X,Night,79,1,Assembly,0,0,12.86,96.36,96.8,SUP-10,Powertrain,Passed,21.2,Team Delta,
BATCH-01651,2025-05-29,Plant 02,Line 2,Veloce S,Night,113,3,Dimensional,3,0,24.14,90.06,94.51,SUP-09,Suspension,Review,22.6,Team Delta,
BATCH-01855,2025-02-27,Plant 01,Line 4,Aquila GT,Afternoon,99,0,None,0,0,28.86,86.73,96.98,SUP-02,Body,Passed,21.1,Team Beta,
BATCH-00721,2025-06-08,Plant 02,Line 4,Aquila GT,Afternoon,48,2,Mechanical,0,1,25.07,64.68,93.54,SUP-09,Interior,Failed,24.3,Team Alpha,Routine quality inspection completed.
BATCH-00919,2025-10-14,Plant 02,Line 3,Eterna,Afternoon,79,6,Dimensional,4,0,43.25,80.65,88.59,SUP-04,Powertrain,Failed,25.0,Team Alpha,Minor process adjustment performed.
BATCH-01620,2025-04-27,Plant 01,Line 1,Eterna,Morning,62,0,None,0,0,18.66,99.54,100,SUP-06,Interior,Passed,23.0,Team Gamma,
BATCH-00446,2025-01-22,Plant 01,Line 4,Aquila GT,Morning,108,2,Mechanical,2,0,1.92,71.25,96.89,SUP-12,Braking,Passed,18.8,Team Alpha,Production line calibration completed.
BATCH-01423,2025-03-31,Plant 02,Line 1,Eterna,Night,109,4,Paint,0,1,69.37,89.21,93.71,SUP-05,Suspension,Review,22.8,Team Gamma,Supplier component verification required.
BATCH-01452,2025-09-28,Plant 01,Line 1,Aquila GT,Night,118,1,Dimensional,0,0,37.81,62.86,96.04,SUP-11,Suspension,Passed,19.8,Team Alpha,
BATCH-00629,2025-05-29,Plant 02,Line 2,Aquila GT,Afternoon,119,4,Electronics,2,1,6.63,72.09,96.3,SUP-11,Electronics,Review,22.4,Team Delta,Supplier component verification required.
BATCH-00889,2025-11-24,Plant 01,Line 3,Strada X,Morning,80,2,Mechanical,2,0,85.25,84.87,94.18,SUP-02,Suspension,Passed,21.6,Team Gamma,Minor process adjustment performed.
BATCH-01946,2025-03-23,Plant 02,Line 3,Aquila GT,Afternoon,69,2,Dimensional,2,0,42.68,80.7,93.09,SUP-03,Body,Review,22.7,Team Alpha,
BATCH-01755,2025-07-26,Plant 01,Line 4,Veloce S,Morning,85,1,Electronics,1,0,38.12,77.91,96.68,SUP-10,Body,Passed,22.4,Team Delta,Minor process adjustment performed.
BATCH-01782,2025-06-11,Plant 02,Line 2,Eterna,Night,78,1,Assembly,0,1,36.37,97.86,93.53,SUP-09,Body,Review,22.1,Team Alpha,
BATCH-01278,2025-04-18,Plant 02,Line 3,Veloce S,Morning,56,0,None,0,0,50.79,86.71,99.29,SUP-01,Powertrain,Passed,19.5,Team Gamma,
BATCH-01076,2025-07-17,Plant 01,Line 4,Strada X,Morning,71,3,Paint,2,0,2.43,94.17,93.17,SUP-05,Electronics,Failed,21.5,Team Gamma,Supplier component verification required.
BATCH-00119,03-19-2025,Plant 01,Line 1,Eterna,Night,94,2,Interior,2,0,19.3,77.31,96.37,SUP-05,Body,Passed,23.6,Team Gamma,
BATCH-00719,2025-08-12,Plant 01,Line 4,Veloce S,Afternoon,56,2,Mechanical,0,2,3.59,98.12,93.66,SUP-09,Body,Review,20.7,Team Delta,Supplier component verification required.
BATCH-01183,2025-04-08,Plant 02,Line 2,Aquila GT,Afternoon,65,1,Interior,1,0,,86.3,96.02,SUP-04,Braking,Passed,20.8,Team Gamma,Minor process adjustment performed.
BATCH-01175,2025-02-23,Plant 01,Line 4,Veloce S,Night,47,2,Interior,1,0,24.95,97.76,94.22,SUP-02,Powertrain,Failed,23.7,Team Alpha,
BATCH-00419,2025-03-29,Plant 01,Line 2,Eterna,Night,118,2,Mechanical,0,1,52.06,81.37,96.84,SUP-08 ,Interior,Passed,24.9,Team Alpha,
BATCH-01473,2025-06-12,Plant 02,Line 1,Strada X,Morning,68,3,Paint,2,0,0.0,72.65,95.09,SUP-02,Body,Failed,22.0,Team Delta,
BATCH-01057,2025-01-22,Plant 01,Line 1,Eterna,Morning,90,3,Paint,0,2,0.0,82.05,94.35,SUP-12,Electronics,Review,23.5,Team Alpha,
BATCH-00409,11-02-2025,Plant 01,Line 4,Aquila GT,Night,87,3,Electronics,3,0,29.63,72.41,95.18,SUP-01,Suspension,Review,21.0,Team Beta,Supplier component verification required.
BATCH-00569,29/09/2025,Plant 01,Line 4,Veloce S,Afternoon,119,3,Electronics,3,0,39.17,71.3,94.9,SUP-04,Interior,Review,25.3,Team Gamma,Supplier component verification required.
BATCH-01038,2025-01-05,Plant 02,Line 3,Aquila GT,Morning,64,2,Mechanical,2,0,50.02,108.28,94.52,SUP-09,Powertrain,Review,21.8,Team Delta,Production line calibration completed.
BATCH-00433,2025-11-27,Plant 02,Line 3,Eterna,Afternoon,96,1,Paint,1,0,26.57,88.52,94.7,SUP-02,Suspension,Passed,18.8,Team Gamma,Supplier component verification required.
BATCH-00522,2025-04-08,Plant 01,Line 1,Strada X,Night,86,3,Assembly,3,0,13.28,80.45,92.99,SUP-02,Electronics,Review,20.4,Team Delta,Production line calibration completed.
BATCH-01770,2025-08-20,Plant 01,Line 2,Strada X,Morning,67,1,Interior,0,1,12.23,80.51,94.91,SUP-05,Powertrain,Passed,21.0,Team Gamma,
BATCH-01051,2025-06-12,Plant 01,Line 4,Strada X,Morning,49,2,Mechanical,2,0,29.64,90.47,88.83,SUP-02,Braking,Failed,24.0,Team Beta,
BATCH-00245,2025-12-23,Plant 02,Line 3,Strada X,Afternoon,105,3,Mechanical,1,2,45.36,90.58,95.91,SUP-07,Braking,Review,22.8,Team Alpha,Production line calibration completed.
BATCH-01745,2025-07-07,Plant 01,Line 3,Aquila GT,Morning,66,1,Electronics,0,1,25.19,94.69,97.79,SUP-03,Suspension,Passed,21.1,Team Gamma,
BATCH-01899,2025-08-29,Plant 01,Line 3,Aquila GT,Afternoon,75,0,None,0,0,63.24,87.1,95.93,SUP-01,Braking,Passed,22.9,Team Beta,
BATCH-00540,2025-02-12,Plant 01,Line 2,Eterna,Afternoon,113,0,None,0,0,31.44,82.41,99.08,SUP-01,Braking,Passed,24.7,Team Alpha,
BATCH-01111,2025-03-27,Plant 01,Line 3,Veloce S,Afternoon,51,0,None,0,0,34.12,87.28,97.16,SUP-05,Interior,Passed,22.4,Team Delta,
BATCH-00077,2025-04-11,Plant 01,Line 1,Aquila GT,Afternoon,53,1,Electronics,0,0,30.49,98.59,95.6,SUP-06,Suspension,Passed,22.2,Team Beta,
BATCH-01265,2025-12-22,Plant 02,Line 3,Veloce S,Morning,105,1,Electronics,1,0,37.97,82.59,96.61,SUP-05,Braking,Passed,21.7,Team Delta,Supplier component verification required.
BATCH-00346,2025-12-18,Plant 02,Line 1,Eterna,Afternoon,56,0,None,0,0,7.55,75.23,99.25,SUP-02,Powertrain,Passed,24.1,Team Gamma,
BATCH-00633,2025-07-07,Plant 01,Line 1,Veloce S,Morning,49,1,Mechanical,1,0,28.53,87.52,93.65,SUP-07,Suspension,Review,22.0,Team Delta,Production line calibration completed.
BATCH-00066,2025-01-29,Plant 02,Line 2,Strada X,Afternoon,64,0,None,0,0,31.05,89.03,96.22,SUP-03,Powertrain,Passed,24.9,Team Gamma,
